concessionario;nome_commerciale;id_evento;evento_descrizione;quota_media;quota_min;quota_max;prob_implicita_media;num_ticket_coinvolti;num_righe_evento;importo_pagato_esposto;payout_potenziale_esposto;payout_potenziale_massimo_ticket;ticket_esclusi_montecarlo;ticket_incompatibili;ticket_correlati;ticket_misti;ticket_non_mappati;ticket_compatibili;righe_esito_mappato;righe_esito_non_mappato;num_famiglie_matrice;num_esiti_matrice;payout_incompatibile;payout_non_mappato;payout_misto;payout_correlato;impatto_atteso_stimato;impatto_compatibilita_stimato;pct_ticket_esclusi_montecarlo;pct_ticket_non_mappati;pct_righe_esito_non_mappato;peso_pct_su_nome_commerciale;peso_pct_su_concessionario
360BET;360BET.IT;E597;CALCIO | INGHILTERRA - I DIVISIONE | Arsenal - Leeds United | 1X2 | 1;1,41;1,37;1,43;0,709378;16;16;1374,2;61756,39;19942,35;0;0;0;0;10;6;16;0;1;1;0,0;40395,43;0,0;0,0;43808,606544;8079,086;0,0;62,5;0,0;1,510975;1,510975
360BET;360BET.IT;E748;CALCIO | SPAGNA - I DIVISIONE | Real Madrid - Villarreal | 1X2 | 1;1,325556;1,28;1,37;0,754815;9;9;364,0;58615,1;19942,35;0;0;0;0;8;1;9;0;1;1;0,0;38672,75;0,0;0,0;44243,535427;7734,55;0,0;88,888889;0,0;1,434118;1,434118
360BET;360BET.IT;E352;CALCIO | EUROPA - UEFA NATIONS LEAGUE | Galles - Norvegia | 1X2 | 2;1,482;1,43;1,53;0,675157;30;30;1637,75;50844,06;14568,73;0;0;0;0;14;16;30;0;1;1;0,0;22387,79;0,0;0,0;34327,717086;4477,558;0,0;46,666667;0,0;1,243986;1,243986
360BET;360BET.IT;E836;CALCIO | Serie A | Napoli - Frosinone Calcio | 1X2 | 1;1,461818;1,43;1,49;0,68419;11;11;85,55;48949,4;19942,35;0;0;0;0;5;6;11;0;1;1;0,0;22214,41;0,0;0,0;33490,667869;4442,882;0,0;45,454545;0,0;1,19763;1,19763
360BET;360BET.IT;E377;CALCIO | EUROPA - UEFA NATIONS LEAGUE | Germania - Serbia | 1X2 | 1;1,233571;1,2;1,26;0,810947;28;28;1636,7;45099,28;9959,43;0;0;0;0;16;12;28;0;1;1;0,0;18317,17;0,0;0,0;36573,12483;3663,434;0,0;57,142857;0,0;1,103431;1,103431
360BET;360BET.IT;E814;CALCIO | Serie A | Inter - Parma Calcio | 1X2 | 1;1,143077;1,13;1,16;0,874908;13;13;351,3;42756,77;16154,05;0;0;0;0;10;3;13;0;1;1;0,0;37218,04;0,0;0,0;37408,240944;7443,608;0,0;76,923077;0,0;1,046117;1,046117
360BET;360BET.IT;E292;CALCIO | EUROPA - UEFA NATIONS LEAGUE | Belgio - Turchia | 1X2 | 1;1,5;1,47;1,53;0,666781;17;17;1618,2;40763,11;14568,73;0;0;0;0;10;7;17;0;1;1;0,0;21482,65;0,0;0,0;27180,077386;4296,53;0,0;58,823529;0,0;0,997339;0,997339
360BET;360BET.IT;E217;CALCIO | EUROPA - CONFERENCE LEAGUE | Atalanta - Pafos | 1X2 | 1;1,344286;1,33;1,35;0,743923;7;7;1105,0;39620,25;16342,16;0;0;0;0;3;4;7;0;1;1;0,0;35675,32;0,0;0,0;29474,427139;7135,064;0,0;42,857143;0,0;0,969377;0,969377
360BET;360BET.IT;E561;CALCIO | GERMANIA - I DIVISIONE | Augsburg - Bayern Monaco | 1X2 | 2;1,222;1,22;1,23;0,818339;5;5;15,6;36992,39;19942,35;0;0;0;0;4;1;5;0;1;1;0,0;17050,04;0,0;0,0;30272,327682;3410,008;0,0;80,0;0,0;0,905082;0,905082
360BET;360BET.IT;E563;CALCIO | GERMANIA - I DIVISIONE | Borussia Dortmund - Werder Brema | 1X2 | 1;1,37;1,37;1,37;0,729927;4;4;14,6;31624,46;19942,35;0;0;0;0;3;1;4;0;1;1;0,0;11682,11;0,0;0,0;23083,547445;2336,422;0,0;75,0;0,0;0,773746;0,773746
360BET;360BET.IT;E161;CALCIO | EUROPA - CHAMPIONS LEAGUE | Inter - Club Bruges | 1X2 | 1;1,282727;1,27;1,3;0,779633;11;11;370,8;31180,87;16154,05;0;0;0;0;10;1;11;0;1;1;0,0;30199,68;0,0;0,0;24309,622427;6039,936;0,0;90,909091;0,0;0,762893;0,762893
360BET;360BET.IT;E785;CALCIO | Serie A | Cagliari Calcio - Juventus | 1X2 | 2;1,575455;1,57;1,59;0,634748;11;11;98,35;30862,65;9959,43;0;0;0;0;6;5;11;0;1;1;0,0;23454,1;0,0;0,0;19590,017814;4690,82;0,0;54,545455;0,0;0,755107;0,755107
360BET;360BET.IT;E884;CALCIO | TURCHIA - I DIVISIONE | Galatasaray - Kasimpasa | 1X2 | 1;1,23;1,23;1,23;0,813008;2;2;3,4;29901,78;19942,35;0;0;0;0;1;1;2;0;1;1;0,0;9959,43;0,0;0,0;24310,390244;1991,886;0,0;50,0;0,0;0,731598;0,731598
360BET;360BET.IT;E883;CALCIO | TURCHIA - I DIVISIONE | Besiktas - Kocaelispor | 1X2 | 1;1,24;1,24;1,24;0,806452;2;2;3,4;29901,78;19942,35;0;0;0;0;1;1;2;0;1;1;0,0;9959,43;0,0;0,0;24114,33871;1991,886;0,0;50,0;0,0;0,731598;0,731598
360BET;360BET.IT;E73;CALCIO | BELGIO - I DIVISIONE | Union Saint Gilloise - Oud-Heverlee Leuven | 1X2 | 1;1,25;1,25;1,25;0,8;2;2;3,4;29901,78;19942,35;0;0;0;0;1;1;2;0;1;1;0,0;9959,43;0,0;0,0;23921,424;1991,886;0,0;50,0;0,0;0,731598;0,731598
360BET;360BET.IT;E405;CALCIO | EUROPA - UEFA NATIONS LEAGUE | Grecia - Olanda | 1X2 | 2;2,14;2,05;2,22;0,467643;25;25;864,45;27730,38;14568,73;0;0;0;0;5;20;25;0;1;1;0,0;16479,96;0,0;0,0;12967,91946;3295,992;0,0;20,0;0,0;0,678471;0,678471
360BET;360BET.IT;E526;CALCIO | FRANCIA - I DIVISIONE | Stade Rennes FC - Auxerre | 1X2 | 1;1,4325;1,43;1,44;0,698087;4;4;13,2;27032,96;19942,35;0;0;0;0;3;1;4;0;1;1;0,0;7090,61;0,0;0,0;18871,348096;1418,122;0,0;75,0;0,0;0,661407;0,661407
360BET;360BET.IT;E519;CALCIO | FRANCIA - I DIVISIONE | Lille - Le Havre AC | 1X2 | 1;1,466667;1,46;1,48;0,681846;3;3;10,0;26292,97;19942,35;0;0;0;0;2;1;3;0;1;1;0,0;6350,62;0,0;0,0;17927,762465;1270,124;0,0;66,666667;0,0;0,643302;0,643302
360BET;360BET.IT;E340;CALCIO | EUROPA - UEFA NATIONS LEAGUE | Francia - Italia | 1X2 | 1;1,441429;1,44;1,45;0,69376;7;7;1017,6;25465,59;9959,43;0;0;0;0;3;4;7;0;1;1;0,0;10708,4;0,0;0,0;17667,014409;2141,68;0,0;42,857143;0,0;0,623059;0,623059
360BET;360BET.IT;E523;CALCIO | FRANCIA - I DIVISIONE | Paris Saint-Germain - Le Mans FC | 1X2 | 1;1,1025;1,07;1,12;0,907346;4;4;304,2;25441,08;16154,05;0;0;0;0;4;0;4;0;1;1;0,0;25441,08;0,0;0,0;23083,866206;5088,216;0,0;100,0;0,0;0,622459;0,622459
ADMIRAL;ANCONA FLAMINIA;E1356;CALCIO | ITALIA - I DIVISIONE | Serie A 2026/27 | VINCENTE | Milan;6,944444;6,0;7,5;0,145136;9;9;34,5;41225,1;40408,24;0;0;0;0;9;0;0;9;0;0;0,0;41225,1;0,0;0,0;5983,260342;8245,02;0,0;100,0;100,0;14,140969;0,338159
ADMIRAL;ANCONA FLAMINIA;E1499;CALCIO | NORVEGIA - I DIVISIONE | Eliteserien 2026 | VINCENTE | Bodo/Glimt;2,15;2,15;2,15;0,465116;1;1;1,0;40408,24;40408,24;0;0;0;0;1;0;0;1;0;0;0,0;40408,24;0,0;0,0;18794,530233;8081,648;0,0;100,0;100,0;13,860771;0,331458
ADMIRAL;ANCONA FLAMINIA;E1119;CALCIO | BRASILE - COPPA | Copa do Brasil 2026 | VINCENTE | Palmeiras;3,75;3,75;3,75;0,266667;1;1;1,0;40408,24;40408,24;0;0;0;0;1;0;0;1;0;0;0,0;40408,24;0,0;0,0;10775,530667;8081,648;0,0;100,0;100,0;13,860771;0,331458
ADMIRAL;ANCONA FLAMINIA;E1066;CALCIO | AMERICA - COPPA LIBERTADORES | Copa Libertadores 2026 | VINCENTE | Flamengo;4,5;4,5;4,5;0,222222;1;1;1,0;40408,24;40408,24;0;0;0;0;1;0;0;1;0;0;0,0;40408,24;0,0;0,0;8979,608889;8081,648;0,0;100,0;100,0;13,860771;0,331458
ADMIRAL;ANCONA FLAMINIA;E1524;CALCIO | PALLONE D'ORO FIFA | Pallone D oro 2026 | VINCENTE | Ousmane Dembele;4,5;4,5;4,5;0,222222;1;1;1,0;40408,24;40408,24;0;0;0;0;1;0;0;1;0;0;0,0;40408,24;0,0;0,0;8979,608889;8081,648;0,0;100,0;100,0;13,860771;0,331458
ADMIRAL;ANCONA FLAMINIA;E1174;CALCIO | EUROPA - UEFA NATIONS LEAGUE | Europa Nations League 2026/2027 | VINCENTE | Germania;5,5;5,5;5,5;0,181818;1;1;1,0;40408,24;40408,24;0;0;0;0;1;0;0;1;0;0;0,0;40408,24;0,0;0,0;7346,952727;8081,648;0,0;100,0;100,0;13,860771;0,331458
ADMIRAL;ANCONA FLAMINIA;E1103;CALCIO | ARGENTINA - I DIVISIONE | Liga Profesional 2026 - Clausura | VINCENTE | River Plate;7,5;7,5;7,5;0,133333;1;1;1,0;40408,24;40408,24;0;0;0;0;1;0;0;1;0;0;0,0;40408,24;0,0;0,0;5387,765333;8081,648;0,0;100,0;100,0;13,860771;0,331458
ADMIRAL;ANCONA FLAMINIA;E1357;CALCIO | ITALIA - I DIVISIONE | Serie A 2026/27 | VINCENTE | Napoli;6,5;6,5;6,5;0,153846;4;4;104,5;973,67;650,0;0;0;0;0;4;0;0;4;0;0;0,0;973,67;0,0;0,0;149,795385;194,734;0,0;100,0;100,0;0,333987;0,007987
ADMIRAL;ANCONA FLAMINIA;E1354;CALCIO | ITALIA - I DIVISIONE | Serie A 2026/27 | VINCENTE | Juventus;6,083333;5,5;7,0;0,166306;6;6;126,0;812,22;550,0;0;0;0;0;6;0;0;6;0;0;0,0;812,22;0,0;0,0;135,076991;162,444;0,0;100,0;100,0;0,278606;0,006662
ADMIRAL;ANCONA FLAMINIA;E1351;CALCIO | ITALIA - I DIVISIONE | Serie A 2026/27 | VINCENTE | Como;35,0;35,0;35,0;0,028571;1;1;20,0;700,0;700,0;0;0;0;0;1;0;0;1;0;0;0,0;700,0;0,0;0,0;20,0;140,0;0,0;100,0;100,0;0,240113;0,005742
ADMIRAL;ANCONA FLAMINIA;E1157;CALCIO | EUROPA - CHAMPIONS LEAGUE | UEFA Champions League 26/27 | VINCENTE | Inter;30,0;30,0;30,0;0,033333;1;1;20,0;600,0;600,0;0;0;0;0;1;0;0;1;0;0;0,0;600,0;0,0;0,0;20,0;120,0;0,0;100,0;100,0;0,205811;0,004922
ADMIRAL;ANCONA FLAMINIA;E1403;CALCIO | MONDO - MONDIALI | Canada - Marocco | ESITO FINALE 1X2 | 2;1,75;1,75;1,75;0,571429;4;4;6,5;545,65;216,15;0;0;0;0;4;0;4;0;1;1;0,0;545,65;0,0;0,0;311,8;109,13;0,0;100,0;0,0;0,187168;0,004476
ADMIRAL;ANCONA FLAMINIA;E1401;CALCIO | MONDO - MONDIALI | Brasile - Norvegia | X2 | X2;1,97;1,97;1,97;0,507614;4;4;6,5;545,65;216,15;0;0;0;0;4;0;0;4;0;0;0,0;545,65;0,0;0,0;276,979695;109,13;0,0;100,0;100,0;0,187168;0,004476
ADMIRAL;ANCONA FLAMINIA;E1471;CALCIO | MONDO - MONDIALI | Paraguay - Francia | U/O | UNDER;2,2;2,2;2,2;0,454545;3;3;4,5;438,84;216,15;0;0;0;0;3;0;0;3;0;0;0,0;438,84;0,0;0,0;199,472727;87,768;0,0;100,0;100,0;0,15053;0,0036
ADMIRAL;ANCONA FLAMINIA;E1433;CALCIO | MONDO - MONDIALI | Messico - Inghilterra | X2 | X2;1,35;1,35;1,35;0,740741;3;3;4,5;329,5;122,86;0;0;0;0;3;0;0;3;0;0;0,0;329,5;0,0;0,0;244,074074;65,9;0,0;100,0;100,0;0,113025;0,002703
ADMIRAL;ANCONA FLAMINIA;E1431;CALCIO | MONDO - MONDIALI | Messico - Inghilterra | GG/NG | GG;1,9;1,9;1,9;0,526316;1;1;2,0;216,15;216,15;0;0;0;0;1;0;0;1;0;0;0,0;216,15;0,0;0,0;113,763158;43,23;0,0;100,0;100,0;0,074143;0,001773
ADMIRAL;ANCONA FLAMINIA;E1146;CALCIO | EUROPA - CHAMPIONS LEAGUE | Bodo Glimt - NEC Nimega | ESITO FINALE 1X2 | 1;1,53;1,53;1,53;0,653595;2;2;20,5;196,22;104,42;0;0;0;0;2;0;2;0;1;1;0,0;196,22;0,0;0,0;128,248366;39,244;0,0;100,0;0,0;0,067307;0,00161
ADMIRAL;ANCONA FLAMINIA;E1463;CALCIO | MONDO - MONDIALI | Norvegia - Inghilterra | RIS. ESATTO MULTI ESITI 5 | 1-1 / 2-1 / 1-2 / 2-2;2,63;2,63;2,63;0,380228;1;1;1,0;149,76;149,76;0;0;0;0;1;0;0;1;0;0;0,0;149,76;0,0;0,0;56,942966;29,952;0,0;100,0;100,0;0,05137;0,001228
ADMIRAL;ANCONA FLAMINIA;E1487;CALCIO | MONDO - MONDIALI | Spagna - Belgio | RIS. ESATTO MULTI ESITI 5 | 1-1 / 2-1 / 1-2 / 2-2;2,93;2,93;2,93;0,341297;1;1;1,0;149,76;149,76;0;0;0;0;1;0;0;1;0;0;0,0;149,76;0,0;0,0;51,112628;29,952;0,0;100,0;100,0;0,05137;0,001228
ADMIRAL;ANCONA FLAMINIA;E1394;CALCIO | MONDO - MONDIALI | Argentina - Svizzera | RIS. ESATTO MULTI ESITI 5 | 1-1 / 2-1 / 1-2 / 2-2;2,99;2,99;2,99;0,334448;1;1;1,0;149,76;149,76;0;0;0;0;1;0;0;1;0;0;0,0;149,76;0,0;0,0;50,086957;29,952;0,0;100,0;100,0;0,05137;0,001228
ADMIRAL;ANCONA MONTEBELLO;E980;AUTOMOBILISMO | MONDO - CAMPIONATO FORMULA 1 | Formula 1 Mondiale Piloti 2026 | VINCENTE | Leclerc C.;21,0;15,0;30,0;0,053333;5;5;550,0;9750,0;2250,0;0;0;0;0;5;0;0;5;0;0;0,0;9750,0;0,0;0,0;520,0;1950,0;0,0;100,0;100,0;38,545167;0,079977
ADMIRAL;ANCONA MONTEBELLO;E981;AUTOMOBILISMO | MONDO - CAMPIONATO FORMULA 1 | Formula 1 Mondiale Piloti 2026 | VINCENTE | Norris L.;25,0;25,0;25,0;0,04;3;3;270,0;6750,0;2500,0;0;0;0;0;3;0;0;3;0;0;0,0;6750,0;0,0;0,0;270,0;1350,0;0,0;100,0;100,0;26,685116;0,055368
ADMIRAL;ANCONA MONTEBELLO;E982;AUTOMOBILISMO | MONDO - CAMPIONATO FORMULA 1 | Formula 1 Mondiale Piloti 2026 | VINCENTE | Piastri O.;20,0;20,0;20,0;0,05;2;2;200,0;4000,0;2000,0;0;0;0;0;2;0;0;2;0;0;0,0;4000,0;0,0;0,0;200,0;800,0;0,0;100,0;100,0;15,813402;0,032811
ADMIRAL;ANCONA MONTEBELLO;E979;AUTOMOBILISMO | MONDO - CAMPIONATO FORMULA 1 | Formula 1 Mondiale Piloti 2026 | VINCENTE | Hamilton L.;16,0;7,0;25,0;0,091429;2;2;180,0;2700,0;2000,0;0;0;0;0;2;0;0;2;0;0;0,0;2700,0;0,0;0,0;246,857143;540,0;0,0;100,0;100,0;10,674046;0,022147
ADMIRAL;ANCONA MONTEBELLO;E983;AUTOMOBILISMO | MONDO - CAMPIONATO FORMULA 1 | Formula 1 Mondiale Piloti 2026 | VINCENTE | Russell G.;4,0;4,0;4,0;0,25;2;2;350,0;1400,0;800,0;0;0;0;0;2;0;0;2;0;0;0,0;1400,0;0,0;0,0;350,0;280,0;0,0;100,0;100,0;5,534691;0,011484
ADMIRAL;ANCONA MONTEBELLO;E1351;CALCIO | ITALIA - I DIVISIONE | Serie A 2026/27 | VINCENTE | Como;33,0;33,0;33,0;0,030303;1;1;15,0;495,0;495,0;0;0;0;0;1;0;0;1;0;0;0,0;495,0;0,0;0,0;15,0;99,0;0,0;100,0;100,0;1,956908;0,00406
ADMIRAL;ANCONA MONTEBELLO;E1520;CALCIO | PALLONE D'ORO FIFA | Pallone D oro 2026 | VINCENTE | Khvicha Kvaratskhelia;20,0;20,0;20,0;0,05;1;1;10,0;200,0;200,0;0;0;0;0;1;0;0;1;0;0;0,0;200,0;0,0;0,0;10,0;40,0;0,0;100,0;100,0;0,79067;0,001641
ADMIRAL;ANCONA MUSONE;E1069;CALCIO | AMERICA - COPPA SUDAMERICANA | Copa Sudamericana - 2026 | VINCENTE | River Plate;6,666667;6,5;7,0;0,150183;3;3;3,0;112891,24;44657,89;0;0;0;0;3;0;0;3;0;0;0,0;112891,24;0,0;0,0;16954,362051;22578,248;0,0;100,0;100,0;15,63579;0,926017
ADMIRAL;ANCONA MUSONE;E1262;CALCIO | INGHILTERRA - II DIVISIONE | Championship 2026/27 | VINCENTE | Middlesbrough;15,0;15,0;15,0;0,066667;3;3;3,0;112891,24;44657,89;0;0;0;0;3;0;0;3;0;0;0,0;112891,24;0,0;0,0;7526,082667;22578,248;0,0;100,0;100,0;15,63579;0,926017
ADMIRAL;ANCONA MUSONE;E1256;CALCIO | INGHILTERRA - I DIVISIONE | Premier League 26/27 | VINCENTE | Man City;3,5;3,5;3,5;0,285714;2;2;2,0;80213,51;44657,89;0;0;0;0;2;0;0;2;0;0;0,0;80213,51;0,0;0,0;22918,145714;16042,702;0,0;100,0;100,0;11,109822;0,65797
ADMIRAL;ANCONA MUSONE;E1173;CALCIO | EUROPA - UEFA NATIONS LEAGUE | Europa Nations League 2026/2027 | VINCENTE | Francia;3,75;3,75;3,75;0,266667;2;2;2,0;77335,62;44657,89;0;0;0;0;2;0;0;2;0;0;0,0;77335,62;0,0;0,0;20622,832;15467,124;0,0;100,0;100,0;10,711226;0,634363
ADMIRAL;ANCONA MUSONE;E1124;CALCIO | BRASILE - I DIVISIONE | Brasile A 2026 | VINCENTE | Palmeiras;1,65;1,65;1,65;0,606061;1;1;1,0;44657,89;44657,89;0;0;0;0;1;0;0;1;0;0;0,0;44657,89;0,0;0,0;27065,387879;8931,578;0,0;100,0;100,0;6,185258;0,366317
ADMIRAL;ANCONA MUSONE;E1375;CALCIO | ITALIA - III DIVISIONE | Ascoli - Union Brescia | U/O | OVER;2,35;2,35;2,35;0,425532;1;1;1,0;44657,89;44657,89;0;0;0;0;1;0;0;1;0;0;0,0;44657,89;0,0;0,0;19003,357447;8931,578;0,0;100,0;100,0;6,185258;0,366317
ADMIRAL;ANCONA MUSONE;E1356;CALCIO | ITALIA - I DIVISIONE | Serie A 2026/27 | VINCENTE | Milan;9,0;9,0;9,0;0,111111;1;1;1,0;44657,89;44657,89;0;0;0;0;1;0;0;1;0;0;0,0;44657,89;0,0;0,0;4961,987778;8931,578;0,0;100,0;100,0;6,185258;0,366317
ADMIRAL;ANCONA MUSONE;E1499;CALCIO | NORVEGIA - I DIVISIONE | Eliteserien 2026 | VINCENTE | Bodo/Glimt;2,15;2,15;2,15;0,465116;1;1;1,0;35555,62;35555,62;0;0;0;0;1;0;0;1;0;0;0,0;35555,62;0,0;0,0;16537,497674;7111,124;0,0;100,0;100,0;4,924565;0,291653
ADMIRAL;ANCONA MUSONE;E1066;CALCIO | AMERICA - COPPA LIBERTADORES | Copa Libertadores 2026 | VINCENTE | Flamengo;4,5;4,5;4,5;0,222222;1;1;1,0;35555,62;35555,62;0;0;0;0;1;0;0;1;0;0;0,0;35555,62;0,0;0,0;7901,248889;7111,124;0,0;100,0;100,0;4,924565;0,291653
ADMIRAL;ANCONA MUSONE;E1359;CALCIO | ITALIA - I DIVISIONE | Serie A 2026/27 | VINCENTE | Roma;10,0;10,0;10,0;0,1;1;1;1,0;35555,62;35555,62;0;0;0;0;1;0;0;1;0;0;0,0;35555,62;0,0;0,0;3555,562;7111,124;0,0;100,0;100,0;4,924565;0,291653
ADMIRAL;ANCONA MUSONE;E1253;CALCIO | INGHILTERRA - I DIVISIONE | Premier League 26/27 | VINCENTE | Arsenal;2,5;2,5;2,5;0,4;1;1;1,0;32677,73;32677,73;0;0;0;0;1;0;0;1;0;0;0,0;32677,73;0,0;0,0;13071,092;6535,546;0,0;100,0;100,0;4,525968;0,268047
ADMIRAL;ANCONA MUSONE;E1354;CALCIO | ITALIA - I DIVISIONE | Serie A 2026/27 | VINCENTE | Juventus;5,5;5,5;5,5;0,181818;1;1;1,0;32677,73;32677,73;0;0;0;0;1;0;0;1;0;0;0,0;32677,73;0,0;0,0;5941,405455;6535,546;0,0;100,0;100,0;4,525968;0,268047
ADMIRAL;ANCONA MUSONE;E1067;CALCIO | AMERICA - COPPA LIBERTADORES | Copa Libertadores 2026 | VINCENTE | Fluminense;6,5;6,5;6,5;0,153846;1;1;1,0;32677,73;32677,73;0;0;0;0;1;0;0;1;0;0;0,0;32677,73;0,0;0,0;5027,343077;6535,546;0,0;100,0;100,0;4,525968;0,268047
ADMIRAL;ASTI PETRARCA;E1539;CALCIO | REP. CECA- I DIVISIONE | 1 Liga 2026/27 | VINCENTE | Slavia Praga;1,53;1,53;1,53;0,653595;1;1;5,0;17271,66;17271,66;0;0;0;0;1;0;0;1;0;0;0,0;17271,66;0,0;0,0;11288,666667;3454,332;0,0;100,0;100,0;12,5;0,141675
ADMIRAL;ASTI PETRARCA;E1509;CALCIO | OLANDA - I DIVISIONE | Eredivisie 2026/27 | VINCENTE | PSV;1,9;1,9;1,9;0,526316;1;1;5,0;17271,66;17271,66;0;0;0;0;1;0;0;1;0;0;0,0;17271,66;0,0;0,0;9090,347368;3454,332;0,0;100,0;100,0;12,5;0,141675
ADMIRAL;ASTI PETRARCA;E1116;CALCIO | BELGIO - I DIVISIONE | Belgio Jupiler Pro League 2026/27 | VINCENTE | Club Bruges;2,25;2,25;2,25;0,444444;1;1;5,0;17271,66;17271,66;0;0;0;0;1;0;0;1;0;0;0,0;17271,66;0,0;0,0;7676,293333;3454,332;0,0;100,0;100,0;12,5;0,141675
ADMIRAL;ASTI PETRARCA;E1132;CALCIO | DANIMARCA - I DIVISIONE | Superligaen 2026/27 | VINCENTE | FC Copenhagen;2,5;2,5;2,5;0,4;1;1;5,0;17271,66;17271,66;0;0;0;0;1;0;0;1;0;0;0,0;17271,66;0,0;0,0;6908,664;3454,332;0,0;100,0;100,0;12,5;0,141675
ADMIRAL;ASTI PETRARCA;E1220;CALCIO | GERMANIA - I DIVISIONE | Bundesliga 2026/2027 Senza Bayern Monaco | VINCENTE SENZA SQUADRA X I.A.5 | Borussia Dortmund;2,5;2,5;2,5;0,4;1;1;5,0;17271,66;17271,66;0;0;0;0;1;0;0;1;0;0;0,0;17271,66;0,0;0,0;6908,664;3454,332;0,0;100,0;100,0;12,5;0,141675
ADMIRAL;ASTI PETRARCA;E1540;CALCIO | ROMANIA - I DIVISIONE | Liga 1 2026/27 | VINCENTE | FCSB;3,25;3,25;3,25;0,307692;1;1;5,0;17271,66;17271,66;0;0;0;0;1;0;0;1;0;0;0,0;17271,66;0,0;0,0;5314,356923;3454,332;0,0;100,0;100,0;12,5;0,141675
ADMIRAL;ASTI PETRARCA;E1529;CALCIO | POLONIA - I DIVISIONE | Ekstraklasa 2026/27 | VINCENTE | Legia Varsavia;4,0;4,0;4,0;0,25;1;1;5,0;17271,66;17271,66;0;0;0;0;1;0;0;1;0;0;0,0;17271,66;0,0;0,0;4317,915;3454,332;0,0;100,0;100,0;12,5;0,141675
ADMIRAL;ASTI PETRARCA;E1203;CALCIO | FRANCIA - I DIVISIONE | Ligue 1 2026/27 Senza PSG | VINCENTE SENZA SQUADRA X I.A.5 | Lione;6,5;6,5;6,5;0,153846;1;1;5,0;17271,66;17271,66;0;0;0;0;1;0;0;1;0;0;0,0;17271,66;0,0;0,0;2657,178462;3454,332;0,0;100,0;100,0;12,5;0,141675
ADMIRAL;BOLOGNA CARRACCI;E969;AUTOMOBILISMO | MONDO - CAMPIONATO FORMULA 1 | Formula 1 Mondiale Costruttori 2026 | VINCENTE | Ferrari;15,0;15,0;15,0;0,066667;2;2;350,0;5250,0;4500,0;0;0;0;0;2;0;0;2;0;0;0,0;5250,0;0,0;0,0;350,0;1050,0;0,0;100,0;100,0;12,174128;0,043064
ADMIRAL;BOLOGNA CARRACCI;E980;AUTOMOBILISMO | MONDO - CAMPIONATO FORMULA 1 | Formula 1 Mondiale Piloti 2026 | VINCENTE | Leclerc C.;8,5;8,5;8,5;0,117647;1;1;500,0;4250,0;4250,0;0;0;0;0;1;0;0;1;0;0;0,0;4250,0;0,0;0,0;500,0;850,0;0,0;100,0;100,0;9,855246;0,034862
ADMIRAL;BOLOGNA CARRACCI;E1349;CALCIO | ITALIA - I DIVISIONE | Serie A 2026/27 | VINCENTE | Bologna;500,0;500,0;500,0;0,002;1;1;5,0;2500,0;2500,0;0;0;0;0;1;0;0;1;0;0;0,0;2500,0;0,0;0,0;5,0;500,0;0,0;100,0;100,0;5,797204;0,020507
ADMIRAL;BOLOGNA CARRACCI;E1343;CALCIO | ITALIA - I DIVISIONE | Serie A 2026/27 | T/T | 1;1,68;1,63;1,73;0,595766;2;2;1000,0;1680,0;865,0;0;0;0;0;2;0;0;2;0;0;0,0;1680,0;0,0;0,0;1000,886556;336,0;0,0;100,0;100,0;3,895721;0,013781
ADMIRAL;BOLOGNA CARRACCI;E1161;CALCIO | EUROPA - CHAMPIONS LEAGUE | UEFA Champions League 26/27 | VINCENTE | Real Madrid;9,333333;8,0;10,0;0,108333;3;3;25,8;1656,87;1278,72;0;0;0;0;3;0;0;3;0;0;0,0;1656,87;0,0;0,0;179,49425;331,374;0,0;100,0;100,0;3,842085;0,013591
ADMIRAL;BOLOGNA CARRACCI;E1655;MOTOCICLISMO | MONDO - MOTOMONDIALE | Mondiale Motogp 2026 | VINCENTE | Martin J.;5,5;5,5;5,5;0,181818;1;1;300,0;1650,0;1650,0;0;0;0;0;1;0;0;1;0;0;0,0;1650,0;0,0;0,0;300,0;330,0;0,0;100,0;100,0;3,826154;0,013535
ADMIRAL;BOLOGNA CARRACCI;E1571;CALCIO | SPAGNA - I DIVISIONE | Liga 2026/2027 | VINCENTE | Real Madrid;2,125;2,1;2,15;0,470653;2;2;15,8;1556,87;1278,72;0;0;0;0;2;0;0;2;0;0;0,0;1556,87;0,0;0,0;732,746124;311,374;0,0;100,0;100,0;3,610197;0,012771
ADMIRAL;BOLOGNA CARRACCI;E1256;CALCIO | INGHILTERRA - I DIVISIONE | Premier League 26/27 | VINCENTE | Man City;3,75;3,75;3,75;0,266667;2;2;15,8;1556,87;1278,72;0;0;0;0;2;0;0;2;0;0;0,0;1556,87;0,0;0,0;415,165333;311,374;0,0;100,0;100,0;3,610197;0,012771
ADMIRAL;BOLOGNA CARRACCI;E1175;CALCIO | EUROPA - UEFA NATIONS LEAGUE | Europa Nations League 2026/2027 | VINCENTE | Inghilterra;5,5;5,5;5,5;0,181818;1;1;5,0;1375,0;1375,0;0;0;0;0;1;0;0;1;0;0;0,0;1375,0;0,0;0,0;250,0;275,0;0,0;100,0;100,0;3,188462;0,011279
ADMIRAL;BOLOGNA CARRACCI;E1513;CALCIO | PALLONE D'ORO FIFA | Pallone D oro 2026 | VINCENTE | Achraf Hakimi;50,0;50,0;50,0;0,02;1;1;5,0;1375,0;1375,0;0;0;0;0;1;0;0;1;0;0;0,0;1375,0;0,0;0,0;27,5;275,0;0,0;100,0;100,0;3,188462;0,011279
ADMIRAL;BOLOGNA CARRACCI;E1379;CALCIO | ITALIA - III DIVISIONE | Italia - Serie C Girone B | VINCENTE | Spezia Calcio;3,0;3,0;3,0;0,333333;1;1;12,8;1278,72;1278,72;0;0;0;0;1;0;0;1;0;0;0,0;1278,72;0,0;0,0;426,24;255,744;0,0;100,0;100,0;2,9652;0,010489
ADMIRAL;BOLOGNA CARRACCI;E1371;CALCIO | ITALIA - II DIVISIONE | Serie B 2026 - 2027 | VINCENTE | Hellas Verona;3,5;3,5;3,5;0,285714;1;1;12,8;1278,72;1278,72;0;0;0;0;1;0;0;1;0;0;0,0;1278,72;0,0;0,0;365,348571;255,744;0,0;100,0;100,0;2,9652;0,010489
ADMIRAL;BOLOGNA CARRACCI;E1373;CALCIO | ITALIA - II DIVISIONE | Serie B 2026 - 2027 | VINCENTE | Palermo;4,0;4,0;4,0;0,25;1;1;12,8;1278,72;1278,72;0;0;0;0;1;0;0;1;0;0;0,0;1278,72;0,0;0,0;319,68;255,744;0,0;100,0;100,0;2,9652;0,010489
ADMIRAL;BOLOGNA CARRACCI;E1382;CALCIO | ITALIA - III DIVISIONE | Serie C Girone C | VINCENTE | Bari;4,0;4,0;4,0;0,25;1;1;12,8;1278,72;1278,72;0;0;0;0;1;0;0;1;0;0;0,0;1278,72;0,0;0,0;319,68;255,744;0,0;100,0;100,0;2,9652;0,010489
ADMIRAL;BOLOGNA CARRACCI;E1384;CALCIO | ITALIA - III DIVISIONE | Serie C Girone C | VINCENTE | Us Salernitana;4,0;4,0;4,0;0,25;1;1;12,8;1278,72;1278,72;0;0;0;0;1;0;0;1;0;0;0,0;1278,72;0,0;0,0;319,68;255,744;0,0;100,0;100,0;2,9652;0,010489
ADMIRAL;BOLOGNA CARRACCI;E1160;CALCIO | EUROPA - CHAMPIONS LEAGUE | UEFA Champions League 26/27 | VINCENTE | PSG;6,0;6,0;6,0;0,166667;1;1;12,8;1278,72;1278,72;0;0;0;0;1;0;0;1;0;0;0,0;1278,72;0,0;0,0;213,12;255,744;0,0;100,0;100,0;2,9652;0,010489
ADMIRAL;BOLOGNA CARRACCI;E1378;CALCIO | ITALIA - III DIVISIONE | Italia - Serie C Girone B | VINCENTE | Ravenna;6,0;6,0;6,0;0,166667;1;1;12,8;1278,72;1278,72;0;0;0;0;1;0;0;1;0;0;0,0;1278,72;0,0;0,0;213,12;255,744;0,0;100,0;100,0;2,9652;0,010489
ADMIRAL;BOLOGNA CARRACCI;E1156;CALCIO | EUROPA - CHAMPIONS LEAGUE | UEFA Champions League 26/27 | VINCENTE | Bayern Monaco;7,5;7,5;7,5;0,133333;1;1;12,8;1278,72;1278,72;0;0;0;0;1;0;0;1;0;0;0,0;1278,72;0,0;0,0;170,496;255,744;0,0;100,0;100,0;2,9652;0,010489
ADMIRAL;BOLOGNA CARRACCI;E1158;CALCIO | EUROPA - CHAMPIONS LEAGUE | UEFA Champions League 26/27 | VINCENTE | Man City;8,0;8,0;8,0;0,125;1;1;12,8;1278,72;1278,72;0;0;0;0;1;0;0;1;0;0;0,0;1278,72;0,0;0,0;159,84;255,744;0,0;100,0;100,0;2,9652;0,010489
ADMIRAL;BOLOGNA CARRACCI;E975;AUTOMOBILISMO | MONDO - CAMPIONATO FORMULA 1 | Formula 1 Mondiale Piloti 2026 | T/T | 1;1,5;1,5;1,5;0,666667;1;1;500,0;1125,0;1125,0;0;0;0;0;1;0;0;1;0;0;0,0;1125,0;0,0;0,0;750,0;225,0;0,0;100,0;100,0;2,608742;0,009228
ADMIRAL;BOVOLONE MADONNA;E967;AUTOMOBILISMO | MONDO - CAMPIONATO FORMULA 1 | Formula 1 Mondiale Costruttori 2026 | VINCENTE | Aston Martin;500,0;500,0;500,0;0,002;1;1;1,0;500,0;500,0;0;0;0;0;1;0;0;1;0;0;0,0;500,0;0,0;0,0;1,0;100,0;0,0;100,0;100,0;29,612082;0,004101
ADMIRAL;BOVOLONE MADONNA;E968;AUTOMOBILISMO | MONDO - CAMPIONATO FORMULA 1 | Formula 1 Mondiale Costruttori 2026 | VINCENTE | Audi;500,0;500,0;500,0;0,002;1;1;1,0;500,0;500,0;0;0;0;0;1;0;0;1;0;0;0,0;500,0;0,0;0,0;1,0;100,0;0,0;100,0;100,0;29,612082;0,004101
ADMIRAL;BOVOLONE MADONNA;E1354;CALCIO | ITALIA - I DIVISIONE | Serie A 2026/27 | VINCENTE | Juventus;6,0;6,0;6,0;0,166667;1;1;1,0;210,0;210,0;0;0;0;0;1;0;0;1;0;0;0,0;210,0;0,0;0,0;35,0;42,0;0,0;100,0;100,0;12,437074;0,001723
ADMIRAL;BOVOLONE MADONNA;E1154;CALCIO | EUROPA - CHAMPIONS LEAGUE | UEFA Champions League 26/27 | VINCENTE | Atletico Madrid;35,0;35,0;35,0;0,028571;1;1;1,0;210,0;210,0;0;0;0;0;1;0;0;1;0;0;0,0;210,0;0,0;0,0;6,0;42,0;0,0;100,0;100,0;12,437074;0,001723
ADMIRAL;BOVOLONE MADONNA;E1359;CALCIO | ITALIA - I DIVISIONE | Serie A 2026/27 | VINCENTE | Roma;10,0;10,0;10,0;0,1;1;1;20,0;200,0;200,0;0;0;0;0;1;0;0;1;0;0;0,0;200,0;0,0;0,0;20,0;40,0;0,0;100,0;100,0;11,844833;0,001641
ADMIRAL;BOVOLONE MADONNA;E980;AUTOMOBILISMO | MONDO - CAMPIONATO FORMULA 1 | Formula 1 Mondiale Piloti 2026 | VINCENTE | Leclerc C.;15,0;15,0;15,0;0,066667;1;1;2,0;30,0;30,0;0;0;0;0;1;0;0;1;0;0;0,0;30,0;0,0;0,0;2,0;6,0;0,0;100,0;100,0;1,776725;0,000246
ADMIRAL;BOVOLONE MADONNA;E979;AUTOMOBILISMO | MONDO - CAMPIONATO FORMULA 1 | Formula 1 Mondiale Piloti 2026 | VINCENTE | Hamilton L.;15,0;15,0;15,0;0,066667;1;1;1,5;22,5;22,5;0;0;0;0;1;0;0;1;0;0;0,0;22,5;0,0;0,0;1,5;4,5;0,0;100,0;100,0;1,332544;0,000185
ADMIRAL;BOVOLONE MADONNA;E1257;CALCIO | INGHILTERRA - I DIVISIONE | Premier League 26/27 | VINCENTE | Man Utd;8,0;8,0;8,0;0,125;1;1;2,0;16,0;16,0;0;0;0;0;1;0;0;1;0;0;0,0;16,0;0,0;0,0;2,0;3,2;0,0;100,0;100,0;0,947587;0,000131
ADMIRAL;BRA VERDI;E983;AUTOMOBILISMO | MONDO - CAMPIONATO FORMULA 1 | Formula 1 Mondiale Piloti 2026 | VINCENTE | Russell G.;3,0;3,0;3,0;0,333333;1;1;100,0;300,0;300,0;0;0;0;0;1;0;0;1;0;0;0,0;300,0;0,0;0,0;100,0;60,0;0,0;100,0;100,0;17,943013;0,002461
ADMIRAL;BRA VERDI;E1222;CALCIO | GERMANIA - I DIVISIONE | Bundesliga 2026/2027 | T/T | 1;1,55;1,55;1,55;0,645161;1;1;20,0;230,65;230,65;0;0;0;0;1;0;0;1;0;0;0,0;230,65;0,0;0,0;148,806452;46,13;0,0;100,0;100,0;13,795186;0,001892
ADMIRAL;BRA VERDI;E1343;CALCIO | ITALIA - I DIVISIONE | Serie A 2026/27 | T/T | 1;1,55;1,55;1,55;0,645161;1;1;20,0;230,65;230,65;0;0;0;0;1;0;0;1;0;0;0,0;230,65;0,0;0,0;148,806452;46,13;0,0;100,0;100,0;13,795186;0,001892
ADMIRAL;BRA VERDI;E1344;CALCIO | ITALIA - I DIVISIONE | Serie A 2026/27 | T/T | 2;1,55;1,55;1,55;0,645161;1;1;20,0;230,65;230,65;0;0;0;0;1;0;0;1;0;0;0,0;230,65;0,0;0,0;148,806452;46,13;0,0;100,0;100,0;13,795186;0,001892
ADMIRAL;BRA VERDI;E1223;CALCIO | GERMANIA - I DIVISIONE | Bundesliga 2026/2027 | T/T | 2;1,63;1,63;1,63;0,613497;1;1;20,0;230,65;230,65;0;0;0;0;1;0;0;1;0;0;0,0;230,65;0,0;0,0;141,503067;46,13;0,0;100,0;100,0;13,795186;0,001892
ADMIRAL;BRA VERDI;E1029;BASKET | USA - NBA | NBA - 2026/27 | VINCENTE | POR Trail Blazers;75,0;75,0;75,0;0,013333;1;1;2,0;150,0;150,0;0;0;0;0;1;0;0;1;0;0;0,0;150,0;0,0;0,0;2,0;30,0;0,0;100,0;100,0;8,971506;0,00123
ADMIRAL;BRA VERDI;E1028;BASKET | USA - NBA | NBA - 2026/27 | VINCENTE | PHI 76ers;20,0;20,0;20,0;0,05;1;1;4,0;80,0;80,0;0;0;0;0;1;0;0;1;0;0;0,0;80,0;0,0;0,0;4,0;16,0;0,0;100,0;100,0;4,784803;0,000656
ADMIRAL;BRA VERDI;E1035;BASKET | USA - NBA | NBA - Western Conference 2026/27 | VINCENTE | POR Trail Blazers;40,0;40,0;40,0;0,025;1;1;2,0;80,0;80,0;0;0;0;0;1;0;0;1;0;0;0,0;80,0;0,0;0,0;2,0;16,0;0,0;100,0;100,0;4,784803;0,000656
ADMIRAL;BRA VERDI;E979;AUTOMOBILISMO | MONDO - CAMPIONATO FORMULA 1 | Formula 1 Mondiale Piloti 2026 | VINCENTE | Hamilton L.;7,0;7,0;7,0;0,142857;1;1;10,0;70,0;70,0;0;0;0;0;1;0;0;1;0;0;0,0;70,0;0,0;0,0;10,0;14,0;0,0;100,0;100,0;4,186703;0,000574
ADMIRAL;BRA VERDI;E1033;BASKET | USA - NBA | NBA - Eastern Conference 2026/27 | VINCENTE | PHI 76ers;8,5;8,0;9,0;0,118056;2;2;8,0;67,0;40,0;0;0;0;0;2;0;0;2;0;0;0,0;67,0;0,0;0,0;7,909722;13,4;0,0;100,0;100,0;4,007273;0,00055
ADMIRAL;BRA VERDI;E972;AUTOMOBILISMO | MONDO - CAMPIONATO FORMULA 1 | Formula 1 Mondiale Costruttori 2026 | VINCENTE | Mercedes;2,15;2,15;2,15;0,465116;1;1;1,1;2,36;2,36;0;0;0;0;1;0;0;1;0;0;0,0;2,36;0,0;0,0;1,097674;0,472;0,0;100,0;100,0;0,141152;1,9e-05
ADMIRAL;BRESCIA TRENTO;E1343;CALCIO | ITALIA - I DIVISIONE | Serie A 2026/27 | T/T | 1;1,75;1,75;1,75;0,571429;2;2;200,0;350,0;175,0;0;0;0;0;2;0;0;2;0;0;0,0;350,0;0,0;0,0;200,0;70,0;0,0;100,0;100,0;100,0;0,002871
ADMIRAL;CAIANELLO CERASELLE;E1351;CALCIO | ITALIA - I DIVISIONE | Serie A 2026/27 | VINCENTE | Como;33,0;33,0;33,0;0,030303;1;1;20,0;660,0;660,0;0;0;0;0;1;0;0;1;0;0;0,0;660,0;0,0;0,0;20,0;132,0;0,0;100,0;100,0;95,791001;0,005414
ADMIRAL;CAIANELLO CERASELLE;E1523;CALCIO | PALLONE D'ORO FIFA | Pallone D oro 2026 | VINCENTE | Lionel Messi;15,0;15,0;15,0;0,066667;1;1;1,0;15,0;15,0;0;0;0;0;1;0;0;1;0;0;0,0;15,0;0,0;0,0;1,0;3,0;0,0;100,0;100,0;2,177068;0,000123
ADMIRAL;CAIANELLO CERASELLE;E1521;CALCIO | PALLONE D'ORO FIFA | Pallone D oro 2026 | VINCENTE | Kylian Mbappe;7,0;7,0;7,0;0,142857;1;1;2,0;14,0;14,0;0;0;0;0;1;0;0;1;0;0;0,0;14,0;0,0;0,0;2,0;2,8;0,0;100,0;100,0;2,03193;0,000115
ADMIRAL;CAMPI BISENZIO BARBERINESE;E1352;CALCIO | ITALIA - I DIVISIONE | Serie A 2026/27 | VINCENTE | Fiorentina;100,0;100,0;100,0;0,01;4;4;80,0;8000,0;3000,0;0;0;0;0;4;0;0;4;0;0;0,0;8000,0;0,0;0,0;80,0;1600,0;0,0;100,0;100,0;80,0;0,065622
ADMIRAL;CAMPI BISENZIO BARBERINESE;E1351;CALCIO | ITALIA - I DIVISIONE | Serie A 2026/27 | VINCENTE | Como;50,0;50,0;50,0;0,02;1;1;20,0;1000,0;1000,0;0;0;0;0;1;0;0;1;0;0;0,0;1000,0;0,0;0,0;20,0;200,0;0,0;100,0;100,0;10,0;0,008203
ADMIRAL;CAMPI BISENZIO BARBERINESE;E1306;CALCIO | ITALIA - I DIVISIONE | Serie A 2026/27 - Prima Alla 10 giornata | VINCENTE | Fiorentina;100,0;100,0;100,0;0,01;1;1;10,0;1000,0;1000,0;0;0;0;0;1;0;0;1;0;0;0,0;1000,0;0,0;0,0;10,0;200,0;0,0;100,0;100,0;10,0;0,008203
ADMIRAL;CASALE CORTE CERRO NOVARA;E1584;CALCIO | SVEZIA - I DIVISIONE | Allsvenskanliga 2026 | VINCENTE | Sirius;1,476667;1,13;1,9;0,708519;3;3;92,4;17167,99;9704,5;0;0;0;0;3;0;0;3;0;0;0,0;17167,99;0,0;0,0;12163,848572;3433,598;0,0;100,0;100,0;5,040153;0,140824
ADMIRAL;CASALE CORTE CERRO NOVARA;E1278;CALCIO | IRLANDA - I DIVISIONE | Premier Division 2026 | VINCENTE | Shamrock Rovers;1,1;1,1;1,1;0,909091;1;1;24,0;9704,5;9704,5;0;0;0;0;1;0;0;1;0;0;0,0;9704,5;0,0;0,0;8822,272727;1940,9;0,0;100,0;100,0;2,849033;0,079603
ADMIRAL;CASALE CORTE CERRO NOVARA;E1201;CALCIO | FRANCIA - I DIVISIONE | Ligue 1 2026/2027 | VINCENTE | PSG;1,13;1,13;1,13;0,884956;1;1;24,0;9704,5;9704,5;0;0;0;0;1;0;0;1;0;0;0,0;9704,5;0,0;0,0;8588,053097;1940,9;0,0;100,0;100,0;2,849033;0,079603
ADMIRAL;CASALE CORTE CERRO NOVARA;E1225;CALCIO | GERMANIA - I DIVISIONE | Bundesliga 2026/2027 | VINCENTE | Bayern Monaco;1,13;1,13;1,13;0,884956;1;1;24,0;9704,5;9704,5;0;0;0;0;1;0;0;1;0;0;0,0;9704,5;0,0;0,0;8588,053097;1940,9;0,0;100,0;100,0;2,849033;0,079603
ADMIRAL;CASALE CORTE CERRO NOVARA;E1109;CALCIO | AUSTRIA - I DIVISIONE | Bundesliga (AUT) 2026/27 | VINCENTE | FC Salisburgo;2,0;2,0;2,0;0,5;1;1;24,0;9704,5;9704,5;0;0;0;0;1;0;0;1;0;0;0,0;9704,5;0,0;0,0;4852,25;1940,9;0,0;100,0;100,0;2,849033;0,079603
ADMIRAL;CASALE CORTE CERRO NOVARA;E1353;CALCIO | ITALIA - I DIVISIONE | Serie A 2026/27 | VINCENTE | Inter;2,0;2,0;2,0;0,5;1;1;24,0;9704,5;9704,5;0;0;0;0;1;0;0;1;0;0;0,0;9704,5;0,0;0,0;4852,25;1940,9;0,0;100,0;100,0;2,849033;0,079603
ADMIRAL;CASALE CORTE CERRO NOVARA;E1571;CALCIO | SPAGNA - I DIVISIONE | Liga 2026/2027 | VINCENTE | Real Madrid;2,2;2,2;2,2;0,454545;1;1;24,0;9704,5;9704,5;0;0;0;0;1;0;0;1;0;0;0,0;9704,5;0,0;0,0;4411,136364;1940,9;0,0;100,0;100,0;2,849033;0,079603
ADMIRAL;CASALE CORTE CERRO NOVARA;E1116;CALCIO | BELGIO - I DIVISIONE | Belgio Jupiler Pro League 2026/27 | VINCENTE | Club Bruges;2,25;2,25;2,25;0,444444;1;1;24,0;9704,5;9704,5;0;0;0;0;1;0;0;1;0;0;0,0;9704,5;0,0;0,0;4313,111111;1940,9;0,0;100,0;100,0;2,849033;0,079603
ADMIRAL;CASALE CORTE CERRO NOVARA;E1074;CALCIO | ARABIA S. - I DIVISIONE | Pro League 2026/27 | VINCENTE | Al Hilal Riyadh;2,5;2,5;2,5;0,4;1;1;24,0;9704,5;9704,5;0;0;0;0;1;0;0;1;0;0;0,0;9704,5;0,0;0,0;3881,8;1940,9;0,0;100,0;100,0;2,849033;0,079603
ADMIRAL;CASALE CORTE CERRO NOVARA;E1535;CALCIO | PORTOGALLO - I DIVISIONE | Primera Liga 2026/27 | VINCENTE | Porto;2,5;2,5;2,5;0,4;1;1;24,0;9704,5;9704,5;0;0;0;0;1;0;0;1;0;0;0,0;9704,5;0,0;0,0;3881,8;1940,9;0,0;100,0;100,0;2,849033;0,079603
ADMIRAL;CASALE CORTE CERRO NOVARA;E1075;CALCIO | ARABIA S. - I DIVISIONE | Pro League 2026/27 | VINCENTE | Al-nassr Riyadh;2,6;2,6;2,6;0,384615;1;1;24,0;9704,5;9704,5;0;0;0;0;1;0;0;1;0;0;0,0;9704,5;0,0;0,0;3732,5;1940,9;0,0;100,0;100,0;2,849033;0,079603
ADMIRAL;CASALE CORTE CERRO NOVARA;E1373;CALCIO | ITALIA - II DIVISIONE | Serie B 2026 - 2027 | VINCENTE | Palermo;2,75;2,75;2,75;0,363636;1;1;24,0;9704,5;9704,5;0;0;0;0;1;0;0;1;0;0;0,0;9704,5;0,0;0,0;3528,909091;1940,9;0,0;100,0;100,0;2,849033;0,079603
ADMIRAL;CASALE CORTE CERRO NOVARA;E1073;CALCIO | ARABIA S. - I DIVISIONE | Pro League 2026/27 | VINCENTE | Al Ahli Jeddah;3,5;3,5;3,5;0,285714;1;1;24,0;9704,5;9704,5;0;0;0;0;1;0;0;1;0;0;0,0;9704,5;0,0;0,0;2772,714286;1940,9;0,0;100,0;100,0;2,849033;0,079603
ADMIRAL;CASALE CORTE CERRO NOVARA;E1113;CALCIO | AUSTRIA - I DIVISIONE | Bundesliga (AUT) 2026/27 | VINCENTE | Sturm Graz;3,5;3,5;3,5;0,285714;1;1;24,0;9704,5;9704,5;0;0;0;0;1;0;0;1;0;0;0,0;9704,5;0,0;0,0;2772,714286;1940,9;0,0;100,0;100,0;2,849033;0,079603
ADMIRAL;CASALE CORTE CERRO NOVARA;E1117;CALCIO | BELGIO - I DIVISIONE | Belgio Jupiler Pro League 2026/27 | VINCENTE | Union Saint Gilloise;3,75;3,75;3,75;0,266667;1;1;24,0;9704,5;9704,5;0;0;0;0;1;0;0;1;0;0;0,0;9704,5;0,0;0,0;2587,866667;1940,9;0,0;100,0;100,0;2,849033;0,079603
ADMIRAL;CASALE CORTE CERRO NOVARA;E1245;CALCIO | INGHILTERRA - I DIVISIONE | Premier League 2026/27 - Prima Alla 5 giornata | VINCENTE | Manchester City;4,25;4,25;4,25;0,235294;1;1;24,0;9704,5;9704,5;0;0;0;0;1;0;0;1;0;0;0,0;9704,5;0,0;0,0;2283,411765;1940,9;0,0;100,0;100,0;2,849033;0,079603
ADMIRAL;CASALE CORTE CERRO NOVARA;E1244;CALCIO | INGHILTERRA - I DIVISIONE | Premier League 2026/27 - Prima Alla 5 giornata | VINCENTE | Liverpool;4,75;4,75;4,75;0,210526;1;1;24,0;9704,5;9704,5;0;0;0;0;1;0;0;1;0;0;0,0;9704,5;0,0;0,0;2043,052632;1940,9;0,0;100,0;100,0;2,849033;0,079603
ADMIRAL;CASALE CORTE CERRO NOVARA;E1242;CALCIO | INGHILTERRA - I DIVISIONE | Premier League 2026/27 - Prima Alla 5 giornata | VINCENTE | Arsenal;5,0;5,0;5,0;0,2;1;1;24,0;9704,5;9704,5;0;0;0;0;1;0;0;1;0;0;0,0;9704,5;0,0;0,0;1940,9;1940,9;0,0;100,0;100,0;2,849033;0,079603
ADMIRAL;CASALE CORTE CERRO NOVARA;E1246;CALCIO | INGHILTERRA - I DIVISIONE | Premier League 2026/27 - Prima Alla 5 giornata | VINCENTE | Manchester Utd;5,5;5,5;5,5;0,181818;1;1;24,0;9704,5;9704,5;0;0;0;0;1;0;0;1;0;0;0,0;9704,5;0,0;0,0;1764,454545;1940,9;0,0;100,0;100,0;2,849033;0,079603
ADMIRAL;CASALE CORTE CERRO NOVARA;E1160;CALCIO | EUROPA - CHAMPIONS LEAGUE | UEFA Champions League 26/27 | VINCENTE | PSG;6,0;6,0;6,0;0,166667;1;1;24,0;9704,5;9704,5;0;0;0;0;1;0;0;1;0;0;0,0;9704,5;0,0;0,0;1617,416667;1940,9;0,0;100,0;100,0;2,849033;0,079603
ADMIRAL;CASTELLETTO SOPRA TICINO SEMPIONE;E1673;TENNIS | AUSTRALIAN OPEN | Australian Open Femminile 2027 | VINCENTE | Karolina Muchova;50,0;50,0;50,0;0,02;1;1;1,0;5000,0;5000,0;0;0;0;0;1;0;0;1;0;0;0,0;5000,0;0,0;0,0;100,0;1000,0;0,0;100,0;100,0;41,136689;0,041014
ADMIRAL;CASTELLETTO SOPRA TICINO SEMPIONE;E1679;TENNIS | AUSTRALIAN OPEN | Australian Open Maschile 2027 | VINCENTE | Karen Khachanov;100,0;100,0;100,0;0,01;1;1;1,0;5000,0;5000,0;0;0;0;0;1;0;0;1;0;0;0,0;5000,0;0,0;0,0;50,0;1000,0;0,0;100,0;100,0;41,136689;0,041014
ADMIRAL;CASTELLETTO SOPRA TICINO SEMPIONE;E984;AUTOMOBILISMO | MONDO - CAMPIONATO FORMULA 1 | Formula 1 Mondiale Piloti 2026 | VINCENTE | Verstappen M.;75,0;75,0;75,0;0,013333;1;1;10,0;750,0;750,0;0;0;0;0;1;0;0;1;0;0;0,0;750,0;0,0;0,0;10,0;150,0;0,0;100,0;100,0;6,170503;0,006152
ADMIRAL;CASTELLETTO SOPRA TICINO SEMPIONE;E973;AUTOMOBILISMO | MONDO - CAMPIONATO FORMULA 1 | Formula 1 Mondiale Costruttori 2026 | VINCENTE | Red Bull;30,0;30,0;30,0;0,033333;1;1;10,0;300,0;300,0;0;0;0;0;1;0;0;1;0;0;0,0;300,0;0,0;0,0;10,0;60,0;0,0;100,0;100,0;2,468201;0,002461
ADMIRAL;CASTELLETTO SOPRA TICINO SEMPIONE;E1499;CALCIO | NORVEGIA - I DIVISIONE | Eliteserien 2026 | VINCENTE | Bodo/Glimt;1,9;1,9;1,9;0,526316;1;1;2,0;200,92;200,92;0;0;0;0;1;0;0;1;0;0;0,0;200,92;0,0;0,0;105,747368;40,184;0,0;100,0;100,0;1,653037;0,001648
ADMIRAL;CASTELLETTO SOPRA TICINO SEMPIONE;E1235;CALCIO | GRECIA - I DIVISIONE | Super League 1 2026/27 | VINCENTE | Olympiakos;2,25;2,25;2,25;0,444444;1;1;2,0;200,92;200,92;0;0;0;0;1;0;0;1;0;0;0,0;200,92;0,0;0,0;89,297778;40,184;0,0;100,0;100,0;1,653037;0,001648
ADMIRAL;CASTELLETTO SOPRA TICINO SEMPIONE;E1116;CALCIO | BELGIO - I DIVISIONE | Belgio Jupiler Pro League 2026/27 | VINCENTE | Club Bruges;2,35;2,35;2,35;0,425532;1;1;2,0;200,92;200,92;0;0;0;0;1;0;0;1;0;0;0,0;200,92;0,0;0,0;85,497872;40,184;0,0;100,0;100,0;1,653037;0,001648
ADMIRAL;CASTELLETTO SOPRA TICINO SEMPIONE;E1595;CALCIO | SVIZZERA - I DIVISIONE | Super League 2026/27 | VINCENTE | Young Boys;2,5;2,5;2,5;0,4;1;1;2,0;200,92;200,92;0;0;0;0;1;0;0;1;0;0;0,0;200,92;0,0;0,0;80,368;40,184;0,0;100,0;100,0;1,653037;0,001648
ADMIRAL;CASTELLETTO SOPRA TICINO SEMPIONE;E1599;CALCIO | USA - I DIVISIONE | MLS 2026 | VINCENTE | Inter Miami;4,0;4,0;4,0;0,25;1;1;2,0;200,92;200,92;0;0;0;0;1;0;0;1;0;0;0,0;200,92;0,0;0,0;50,23;40,184;0,0;100,0;100,0;1,653037;0,001648
ADMIRAL;CASTELLETTO SOPRA TICINO SEMPIONE;E980;AUTOMOBILISMO | MONDO - CAMPIONATO FORMULA 1 | Formula 1 Mondiale Piloti 2026 | VINCENTE | Leclerc C.;10,0;10,0;10,0;0,1;1;1;10,0;100,0;100,0;0;0;0;0;1;0;0;1;0;0;0,0;100,0;0,0;0,0;10,0;20,0;0,0;100,0;100,0;0,822734;0,00082
ADMIRAL;CAZZAGO SAN MARTINO PERTINI;E1671;PALLAMANO | MONDO - MONDIALI | Mondiali Maschili 2027 | VINCENTE | Danimarca;1,5;1,5;1,5;0,666667;1;1;5,0;2115,42;2115,42;0;0;0;0;1;0;0;1;0;0;0,0;2115,42;0,0;0,0;1410,28;423,084;0,0;100,0;100,0;9,764967;0,017352
ADMIRAL;CAZZAGO SAN MARTINO PERTINI;E1190;CALCIO | FRANCIA - COPPA | Coppa Di Francia 2026/27 | VINCENTE | PSG;1,65;1,65;1,65;0,606061;1;1;5,0;2115,42;2115,42;0;0;0;0;1;0;0;1;0;0;0,0;2115,42;0,0;0,0;1282,072727;423,084;0,0;100,0;100,0;9,764967;0,017352
ADMIRAL;CAZZAGO SAN MARTINO PERTINI;E1544;CALCIO | SCOZIA - III DIVISIONE | League One 2026/27 | VINCENTE | Ross County;1,65;1,65;1,65;0,606061;1;1;5,0;2115,42;2115,42;0;0;0;0;1;0;0;1;0;0;0,0;2115,42;0,0;0,0;1282,072727;423,084;0,0;100,0;100,0;9,764967;0,017352
ADMIRAL;CAZZAGO SAN MARTINO PERTINI;E1546;CALCIO | SLOVACCHIA - COPPA | Coppa Di Slovacchia 2026/2027 | VINCENTE | Slovan Bratislava;1,65;1,65;1,65;0,606061;1;1;5,0;2115,42;2115,42;0;0;0;0;1;0;0;1;0;0;0,0;2115,42;0,0;0,0;1282,072727;423,084;0,0;100,0;100,0;9,764967;0,017352
ADMIRAL;CAZZAGO SAN MARTINO PERTINI;E1585;CALCIO | SVEZIA - II DIVISIONE | Superettan 2026 | VINCENTE | IFK Norrkoping;1,9;1,9;1,9;0,526316;1;1;5,0;2115,42;2115,42;0;0;0;0;1;0;0;1;0;0;0,0;2115,42;0,0;0,0;1113,378947;423,084;0,0;100,0;100,0;9,764967;0,017352
ADMIRAL;CAZZAGO SAN MARTINO PERTINI;E1228;CALCIO | GERMANIA - II DIVISIONE | Bundesliga II 2026/27 | VINCENTE | Wolfsburg;2,35;2,35;2,35;0,425532;1;1;5,0;2115,42;2115,42;0;0;0;0;1;0;0;1;0;0;0,0;2115,42;0,0;0,0;900,178723;423,084;0,0;100,0;100,0;9,764967;0,017352
ADMIRAL;CAZZAGO SAN MARTINO PERTINI;E1284;CALCIO | ITALIA - COPPA | Coppa Italia 2026/2027 | VINCENTE | Inter;3,75;3,75;3,75;0,266667;1;1;5,0;2115,42;2115,42;0;0;0;0;1;0;0;1;0;0;0,0;2115,42;0,0;0,0;564,112;423,084;0,0;100,0;100,0;9,764967;0,017352
ADMIRAL;CAZZAGO SAN MARTINO PERTINI;E1630;HOCKEY GHIACCIO | MONDO - MONDIALI | Mondiali IIHF 2027 | VINCENTE | Canada;3,75;3,75;3,75;0,266667;1;1;5,0;2115,42;2115,42;0;0;0;0;1;0;0;1;0;0;0,0;2115,42;0,0;0,0;564,112;423,084;0,0;100,0;100,0;9,764967;0,017352
ADMIRAL;CAZZAGO SAN MARTINO PERTINI;E1255;CALCIO | INGHILTERRA - I DIVISIONE | Premier League 26/27 | VINCENTE | Liverpool;6,0;6,0;6,0;0,166667;1;1;1,0;1485,0;1485,0;0;0;0;0;1;0;0;1;0;0;0,0;1485,0;0,0;0,0;247,5;297,0;0,0;100,0;100,0;6,854892;0,012181
ADMIRAL;CAZZAGO SAN MARTINO PERTINI;E1153;CALCIO | EUROPA - CHAMPIONS LEAGUE | UEFA Champions League 26/27 | VINCENTE | Arsenal;7,5;7,5;7,5;0,133333;1;1;1,0;1485,0;1485,0;0;0;0;0;1;0;0;1;0;0;0,0;1485,0;0,0;0,0;198,0;297,0;0,0;100,0;100,0;6,854892;0,012181
ADMIRAL;CAZZAGO SAN MARTINO PERTINI;E1351;CALCIO | ITALIA - I DIVISIONE | Serie A 2026/27 | VINCENTE | Como;33,0;33,0;33,0;0,030303;1;1;1,0;1485,0;1485,0;0;0;0;0;1;0;0;1;0;0;0,0;1485,0;0,0;0,0;45,0;297,0;0,0;100,0;100,0;6,854892;0,012181
ADMIRAL;CAZZAGO SAN MARTINO PERTINI;E979;AUTOMOBILISMO | MONDO - CAMPIONATO FORMULA 1 | Formula 1 Mondiale Piloti 2026 | VINCENTE | Hamilton L.;15,0;15,0;15,0;0,066667;1;1;10,0;150,0;150,0;0;0;0;0;1;0;0;1;0;0;0,0;150,0;0,0;0,0;10,0;30,0;0,0;100,0;100,0;0,692413;0,00123
ADMIRAL;CAZZAGO SAN MARTINO PERTINI;E981;AUTOMOBILISMO | MONDO - CAMPIONATO FORMULA 1 | Formula 1 Mondiale Piloti 2026 | VINCENTE | Norris L.;50,0;50,0;50,0;0,02;1;1;1,0;50,0;50,0;0;0;0;0;1;0;0;1;0;0;0,0;50,0;0,0;0,0;1,0;10,0;0,0;100,0;100,0;0,230804;0,00041
ADMIRAL;CAZZAGO SAN MARTINO PERTINI;E982;AUTOMOBILISMO | MONDO - CAMPIONATO FORMULA 1 | Formula 1 Mondiale Piloti 2026 | VINCENTE | Piastri O.;50,0;50,0;50,0;0,02;1;1;1,0;50,0;50,0;0;0;0;0;1;0;0;1;0;0;0,0;50,0;0,0;0,0;1,0;10,0;0,0;100,0;100,0;0,230804;0,00041
ADMIRAL;CAZZAGO SAN MARTINO PERTINI;E1652;MOTOCICLISMO | MONDO - MOTOMONDIALE | Mondiale Motogp 2026 | VINCENTE | Fernandez R.;35,0;35,0;35,0;0,028571;1;1;1,0;35,0;35,0;0;0;0;0;1;0;0;1;0;0;0,0;35,0;0,0;0,0;1,0;7,0;0,0;100,0;100,0;0,161563;0,000287
ADMIRAL;CHIARAVALLE MATTEOTTI;E1157;CALCIO | EUROPA - CHAMPIONS LEAGUE | UEFA Champions League 26/27 | VINCENTE | Inter;30,0;30,0;30,0;0,033333;3;3;25,0;1650,0;1050,0;0;0;0;0;3;0;0;3;0;0;0,0;1650,0;0,0;0,0;55,0;330,0;0,0;100,0;100,0;30,666295;0,013535
ADMIRAL;CHIARAVALLE MATTEOTTI;E1353;CALCIO | ITALIA - I DIVISIONE | Serie A 2026/27 | VINCENTE | Inter;2,0;2,0;2,0;0,5;1;1;5,0;1050,0;1050,0;0;0;0;0;1;0;0;1;0;0;0,0;1050,0;0,0;0,0;525,0;210,0;0,0;100,0;100,0;19,514915;0,008613
ADMIRAL;CHIARAVALLE MATTEOTTI;E1284;CALCIO | ITALIA - COPPA | Coppa Italia 2026/2027 | VINCENTE | Inter;3,5;3,5;3,5;0,285714;1;1;5,0;1050,0;1050,0;0;0;0;0;1;0;0;1;0;0;0,0;1050,0;0,0;0,0;300,0;210,0;0,0;100,0;100,0;19,514915;0,008613
ADMIRAL;CHIARAVALLE MATTEOTTI;E978;AUTOMOBILISMO | MONDO - CAMPIONATO FORMULA 1 | Formula 1 Mondiale Piloti 2026 | VINCENTE | Antonelli A.;10,0;10,0;10,0;0,1;1;1;50,0;500,0;500,0;0;0;0;0;1;0;0;1;0;0;0,0;500,0;0,0;0,0;50,0;100,0;0,0;100,0;100,0;9,292817;0,004101
ADMIRAL;CHIARAVALLE MATTEOTTI;E1355;CALCIO | ITALIA - I DIVISIONE | Serie A 2026/27 | VINCENTE | Lazio;500,0;500,0;500,0;0,002;1;1;1,0;500,0;500,0;0;0;0;0;1;0;0;1;0;0;0,0;500,0;0,0;0,0;1,0;100,0;0,0;100,0;100,0;9,292817;0,004101
ADMIRAL;CHIARAVALLE MATTEOTTI;E1159;CALCIO | EUROPA - CHAMPIONS LEAGUE | UEFA Champions League 26/27 | VINCENTE | Napoli;40,0;40,0;40,0;0,025;1;1;10,0;400,0;400,0;0;0;0;0;1;0;0;1;0;0;0,0;400,0;0,0;0,0;10,0;80,0;0,0;100,0;100,0;7,434253;0,003281
ADMIRAL;CHIARAVALLE MATTEOTTI;E1352;CALCIO | ITALIA - I DIVISIONE | Serie A 2026/27 | VINCENTE | Fiorentina;200,0;200,0;200,0;0,005;1;1;1,0;200,0;200,0;0;0;0;0;1;0;0;1;0;0;0,0;200,0;0,0;0,0;1,0;40,0;0,0;100,0;100,0;3,717127;0,001641
ADMIRAL;CHIARAVALLE MATTEOTTI;E979;AUTOMOBILISMO | MONDO - CAMPIONATO FORMULA 1 | Formula 1 Mondiale Piloti 2026 | VINCENTE | Hamilton L.;15,0;15,0;15,0;0,066667;1;1;1,0;15,0;15,0;0;0;0;0;1;0;0;1;0;0;0,0;15,0;0,0;0,0;1,0;3,0;0,0;100,0;100,0;0,278784;0,000123
ADMIRAL;CHIARAVALLE MATTEOTTI;E1337;CALCIO | ITALIA - I DIVISIONE | Serie A 2026/27 | CAPOCANNONIERE | Goncalo Ramos;6,0;6,0;6,0;0,166667;1;1;1,5;9,0;9,0;0;0;0;0;1;0;0;1;0;0;0,0;9,0;0,0;0,0;1,5;1,8;0,0;100,0;100,0;0,167271;7,4e-05
ADMIRAL;CHIARAVALLE MATTEOTTI;E1356;CALCIO | ITALIA - I DIVISIONE | Serie A 2026/27 | VINCENTE | Milan;6,5;6,5;6,5;0,153846;1;1;1,0;6,5;6,5;0;0;0;0;1;0;0;1;0;0;0,0;6,5;0,0;0,0;1,0;1,3;0,0;100,0;100,0;0,120807;5,3e-05
ADMIRAL;COGORNO IV NOVEMBRE;E967;AUTOMOBILISMO | MONDO - CAMPIONATO FORMULA 1 | Formula 1 Mondiale Costruttori 2026 | VINCENTE | Aston Martin;10,0;10,0;10,0;0,1;2;2;60,0;1762,0;1660,0;0;0;0;0;2;0;0;2;0;0;0,0;1762,0;0,0;0,0;176,2;352,4;0,0;100,0;100,0;17,345934;0,014453
ADMIRAL;COGORNO IV NOVEMBRE;E969;AUTOMOBILISMO | MONDO - CAMPIONATO FORMULA 1 | Formula 1 Mondiale Costruttori 2026 | VINCENTE | Ferrari;7,5;7,5;7,5;0,133333;1;1;49,8;1660,0;1660,0;0;0;0;0;1;0;0;1;0;0;0,0;1660,0;0,0;0,0;221,333333;332,0;0,0;100,0;100,0;16,3418;0,013617
ADMIRAL;COGORNO IV NOVEMBRE;E973;AUTOMOBILISMO | MONDO - CAMPIONATO FORMULA 1 | Formula 1 Mondiale Costruttori 2026 | VINCENTE | Red Bull;10,0;10,0;10,0;0,1;1;1;49,8;1660,0;1660,0;0;0;0;0;1;0;0;1;0;0;0,0;1660,0;0,0;0,0;166,0;332,0;0,0;100,0;100,0;16,3418;0,013617
ADMIRAL;COGORNO IV NOVEMBRE;E974;AUTOMOBILISMO | MONDO - CAMPIONATO FORMULA 1 | Formula 1 Mondiale Costruttori 2026 | VINCENTE | Williams;30,0;30,0;30,0;0,033333;1;1;49,8;1660,0;1660,0;0;0;0;0;1;0;0;1;0;0;0,0;1660,0;0,0;0,0;55,333333;332,0;0,0;100,0;100,0;16,3418;0,013617
ADMIRAL;COGORNO IV NOVEMBRE;E966;AUTOMOBILISMO | MONDO - CAMPIONATO FORMULA 1 | Formula 1 Mondiale Costruttori 2026 | VINCENTE | Alpine;65,0;65,0;65,0;0,015385;1;1;49,8;1660,0;1660,0;0;0;0;0;1;0;0;1;0;0;0,0;1660,0;0,0;0,0;25,538462;332,0;0,0;100,0;100,0;16,3418;0,013617
ADMIRAL;COGORNO IV NOVEMBRE;E970;AUTOMOBILISMO | MONDO - CAMPIONATO FORMULA 1 | Formula 1 Mondiale Costruttori 2026 | VINCENTE | Haas;200,0;200,0;200,0;0,005;1;1;49,8;1660,0;1660,0;0;0;0;0;1;0;0;1;0;0;0,0;1660,0;0,0;0,0;8,3;332,0;0,0;100,0;100,0;16,3418;0,013617
ADMIRAL;COGORNO IV NOVEMBRE;E980;AUTOMOBILISMO | MONDO - CAMPIONATO FORMULA 1 | Formula 1 Mondiale Piloti 2026 | VINCENTE | Leclerc C.;10,0;10,0;10,0;0,1;1;1;5,0;50,0;50,0;0;0;0;0;1;0;0;1;0;0;0,0;50,0;0,0;0,0;5,0;10,0;0,0;100,0;100,0;0,492223;0,00041
ADMIRAL;COGORNO IV NOVEMBRE;E1374;CALCIO | ITALIA - II DIVISIONE | Serie B 2026 - 2027 | VINCENTE | Sampdoria;13,0;13,0;13,0;0,076923;1;1;2,0;26,0;26,0;0;0;0;0;1;0;0;1;0;0;0,0;26,0;0,0;0,0;2,0;5,2;0,0;100,0;100,0;0,255956;0,000213
ADMIRAL;COGORNO IV NOVEMBRE;E978;AUTOMOBILISMO | MONDO - CAMPIONATO FORMULA 1 | Formula 1 Mondiale Piloti 2026 | VINCENTE | Antonelli A.;10,0;10,0;10,0;0,1;1;1;2,0;20,0;20,0;0;0;0;0;1;0;0;1;0;0;0,0;20,0;0,0;0,0;2,0;4,0;0,0;100,0;100,0;0,196889;0,000164
ADMIRAL;CREVOLADOSSOLA SEMPIONE;E1421;CALCIO | MONDO - MONDIALI | Francia - Svezia | PASSAGGIO TURNO | 1;1,12;1,12;1,12;0,892857;1;1;1,5;96,23;96,23;0;0;0;0;1;0;0;1;0;0;0,0;96,23;0,0;0,0;85,919643;19,246;0,0;100,0;100,0;11,111111;0,000789
ADMIRAL;CREVOLADOSSOLA SEMPIONE;E1405;CALCIO | MONDO - MONDIALI | Colombia - Ghana | PASSAGGIO TURNO | 1;1,25;1,25;1,25;0,8;1;1;1,5;96,23;96,23;0;0;0;0;1;0;0;1;0;0;0,0;96,23;0,0;0,0;76,984;19,246;0,0;100,0;100,0;11,111111;0,000789
ADMIRAL;CREVOLADOSSOLA SEMPIONE;E1398;CALCIO | MONDO - MONDIALI | Brasile - Giappone | PASSAGGIO TURNO | 1;1,33;1,33;1,33;0,75188;1;1;1,5;96,23;96,23;0;0;0;0;1;0;0;1;0;0;0,0;96,23;0,0;0,0;72,353383;19,246;0,0;100,0;100,0;11,111111;0,000789
ADMIRAL;CREVOLADOSSOLA SEMPIONE;E1472;CALCIO | MONDO - MONDIALI | Portogallo - Croazia | PASSAGGIO TURNO | 1;1,38;1,38;1,38;0,724638;1;1;1,5;96,23;96,23;0;0;0;0;1;0;0;1;0;0;0,0;96,23;0,0;0,0;69,731884;19,246;0,0;100,0;100,0;11,111111;0,000789
ADMIRAL;CREVOLADOSSOLA SEMPIONE;E1407;CALCIO | MONDO - MONDIALI | Costa d''Avorio - Norvegia | PASSAGGIO TURNO | 2;1,55;1,55;1,55;0,645161;1;1;1,5;96,23;96,23;0;0;0;0;1;0;0;1;0;0;0,0;96,23;0,0;0,0;62,083871;19,246;0,0;100,0;100,0;11,111111;0,000789
ADMIRAL;CREVOLADOSSOLA SEMPIONE;E1430;CALCIO | MONDO - MONDIALI | Messico - Ecuador | PASSAGGIO TURNO | 1;1,57;1,57;1,57;0,636943;1;1;1,5;96,23;96,23;0;0;0;0;1;0;0;1;0;0;0,0;96,23;0,0;0,0;61,292994;19,246;0,0;100,0;100,0;11,111111;0,000789
ADMIRAL;CREVOLADOSSOLA SEMPIONE;E1353;CALCIO | ITALIA - I DIVISIONE | Serie A 2026/27 | VINCENTE | Inter;1,9;1,9;1,9;0,526316;1;1;1,5;96,23;96,23;0;0;0;0;1;0;0;1;0;0;0,0;96,23;0,0;0,0;50,647368;19,246;0,0;100,0;100,0;11,111111;0,000789
ADMIRAL;CREVOLADOSSOLA SEMPIONE;E988;AUTOMOBILISMO | MONDO - CAMPIONATO FORMULA 1 | GP Spielberg GARA | VINCENTE | Russell G.;2,25;2,25;2,25;0,444444;1;1;1,5;96,23;96,23;0;0;0;0;1;0;0;1;0;0;0,0;96,23;0,0;0,0;42,768889;19,246;0,0;100,0;100,0;11,111111;0,000789
ADMIRAL;CREVOLADOSSOLA SEMPIONE;E1467;CALCIO | MONDO - MONDIALI | Olanda - Marocco | PASSAGGIO TURNO | 2;2,4;2,4;2,4;0,416667;1;1;1,5;96,23;96,23;0;0;0;0;1;0;0;1;0;0;0,0;96,23;0,0;0,0;40,095833;19,246;0,0;100,0;100,0;11,111111;0,000789
ADMIRAL;FAENZA MENGOLINA;E1253;CALCIO | INGHILTERRA - I DIVISIONE | Premier League 26/27 | VINCENTE | Arsenal;2,473684;2,25;2,5;0,404678;19;19;627,2;131975,8;49880,61;0;0;0;0;19;0;0;19;0;0;0,0;131975,8;0,0;0,0;53407,750643;26395,16;0,0;100,0;100,0;9,090823;1,082562
ADMIRAL;FAENZA MENGOLINA;E1509;CALCIO | OLANDA - I DIVISIONE | Eredivisie 2026/27 | VINCENTE | PSV;1,755714;1,65;1,9;0,571265;14;14;622,0;129753,85;49880,61;0;0;0;0;14;0;0;14;0;0;0,0;129753,85;0,0;0,0;74123,867177;25950,77;0,0;100,0;100,0;8,93777;1,064336
ADMIRAL;FAENZA MENGOLINA;E1547;CALCIO | SLOVACCHIA - I DIVISIONE | Super Liga 2026/27 | VINCENTE | Slovan Bratislava;1,39;1,13;1,65;0,745508;6;6;713,0;125569,06;49880,61;0;0;0;0;6;0;0;6;0;0;0,0;125569,06;0,0;0,0;93612,761276;25113,812;0,0;100,0;100,0;8,649511;1,03001
ADMIRAL;FAENZA MENGOLINA;E1225;CALCIO | GERMANIA - I DIVISIONE | Bundesliga 2026/2027 | VINCENTE | Bayern Monaco;1,134;1,13;1,15;0,881878;5;5;613,0;125321,56;49880,61;0;0;0;0;5;0;0;5;0;0;0,0;125321,56;0,0;0,0;110518,282232;25064,312;0,0;100,0;100,0;8,632462;1,027979
ADMIRAL;FAENZA MENGOLINA;E1353;CALCIO | ITALIA - I DIVISIONE | Serie A 2026/27 | VINCENTE | Inter;1,938889;1,9;2,0;0,516082;18;18;216,2;64428,78;24956,71;0;0;0;0;18;0;0;18;0;0;0,0;64428,78;0,0;0,0;33250,525351;12885,756;0,0;100,0;100,0;4,438015;0,528492
ADMIRAL;FAENZA MENGOLINA;E1535;CALCIO | PORTOGALLO - I DIVISIONE | Primera Liga 2026/27 | VINCENTE | Porto;2,666667;2,5;2,75;0,375758;6;6;204,1;51830,61;24956,71;0;0;0;0;6;0;0;6;0;0;0,0;51830,61;0,0;0,0;19475,744364;10366,122;0,0;100,0;100,0;3,570222;0,425153
ADMIRAL;FAENZA MENGOLINA;E1351;CALCIO | ITALIA - I DIVISIONE | Serie A 2026/27 | VINCENTE | Como;31,5;20,0;35,0;0,033009;6;6;283,8;51302,01;49880,61;0;0;0;0;6;0;0;6;0;0;0,0;51302,01;0,0;0,0;1693,410503;10260,402;0,0;100,0;100,0;3,533811;0,420817
ADMIRAL;FAENZA MENGOLINA;E1373;CALCIO | ITALIA - II DIVISIONE | Serie B 2026 - 2027 | VINCENTE | Palermo;2,75;2,75;2,75;0,363636;2;2;200,0;49913,42;24956,71;0;0;0;0;2;0;0;2;0;0;0,0;49913,42;0,0;0,0;18150,334545;9982,684;0,0;100,0;100,0;3,438161;0,409426
ADMIRAL;FAENZA MENGOLINA;E1559;CALCIO | SPAGNA - COPPA | Copa del Rey 2026/2027 | VINCENTE | Real Madrid;3,5;3,5;3,5;0,285714;2;2;200,0;49913,42;24956,71;0;0;0;0;2;0;0;2;0;0;0,0;49913,42;0,0;0,0;14260,977143;9982,684;0,0;100,0;100,0;3,438161;0,409426
ADMIRAL;FAENZA MENGOLINA;E1201;CALCIO | FRANCIA - I DIVISIONE | Ligue 1 2026/2027 | VINCENTE | PSG;1,13;1,13;1,13;0,884956;1;1;238,0;49880,61;49880,61;0;0;0;0;1;0;0;1;0;0;0,0;49880,61;0,0;0,0;44142,132743;9976,122;0,0;100,0;100,0;3,435901;0,409157
ADMIRAL;FAENZA MENGOLINA;E1565;CALCIO | SPAGNA - I DIVISIONE | Liga 2026/2027 | CAPOCANNONIERE | Kylian Mbappe;1,57;1,57;1,57;0,636943;1;1;430,0;49012,26;49012,26;0;0;0;0;1;0;0;1;0;0;0,0;49012,26;0,0;0,0;31218,0;9802,452;0,0;100,0;100,0;3,376087;0,402035
ADMIRAL;FAENZA MENGOLINA;E1248;CALCIO | INGHILTERRA - I DIVISIONE | Premier League 26/27 | CAPOCANNONIERE | Erling Haaland;1,65;1,65;1,65;0,606061;1;1;430,0;49012,26;49012,26;0;0;0;0;1;0;0;1;0;0;0,0;49012,26;0,0;0,0;29704,4;9802,452;0,0;100,0;100,0;3,376087;0,402035
ADMIRAL;FAENZA MENGOLINA;E1197;CALCIO | FRANCIA - I DIVISIONE | Ligue 1 2026/2027 | CAPOCANNONIERE | Esteban Lepaul;5,5;5,5;5,5;0,181818;1;1;430,0;49012,26;49012,26;0;0;0;0;1;0;0;1;0;0;0,0;49012,26;0,0;0,0;8911,32;9802,452;0,0;100,0;100,0;3,376087;0,402035
ADMIRAL;FAENZA MENGOLINA;E1336;CALCIO | ITALIA - I DIVISIONE | Serie A 2026/27 | CAPOCANNONIERE | Donyell Malen;8,0;8,0;8,0;0,125;1;1;430,0;49012,26;49012,26;0;0;0;0;1;0;0;1;0;0;0,0;49012,26;0,0;0,0;6126,5325;9802,452;0,0;100,0;100,0;3,376087;0,402035
ADMIRAL;FAENZA MENGOLINA;E1571;CALCIO | SPAGNA - I DIVISIONE | Liga 2026/2027 | VINCENTE | Real Madrid;2,11875;2,1;2,15;0,472038;8;8;181,1;28669,38;20422,05;0;0;0;0;8;0;0;8;0;0;0,0;28669,38;0,0;0,0;13533,026827;5733,876;0,0;100,0;100,0;1,974819;0,235167
ADMIRAL;FAENZA MENGOLINA;E1359;CALCIO | ITALIA - I DIVISIONE | Serie A 2026/27 | VINCENTE | Roma;10,0;10,0;10,0;0,1;6;6;266,5;26442,53;20422,05;0;0;0;0;6;0;0;6;0;0;0,0;26442,53;0,0;0,0;2644,253;5288,506;0,0;100,0;100,0;1,821428;0,216901
ADMIRAL;FAENZA MENGOLINA;E1539;CALCIO | REP. CECA- I DIVISIONE | 1 Liga 2026/27 | VINCENTE | Slavia Praga;1,5;1,5;1,5;0,666667;3;3;275,0;25775,03;20422,05;0;0;0;0;3;0;0;3;0;0;0,0;25775,03;0,0;0,0;17183,353333;5155,006;0,0;100,0;100,0;1,775449;0,211426
ADMIRAL;FAENZA MENGOLINA;E1570;CALCIO | SPAGNA - I DIVISIONE | Liga 2026/2027 | VINCENTE | Barcellona;1,733125;1,7;1,8;0,577385;16;16;16,1;14471,11;2574,88;0;0;0;0;16;0;0;16;0;0;0,0;14471,11;0,0;0,0;8355,406732;2894,222;0,0;100,0;100,0;0,996806;0,118703
ADMIRAL;FAENZA MENGOLINA;E1256;CALCIO | INGHILTERRA - I DIVISIONE | Premier League 26/27 | VINCENTE | Man City;3,84375;3,75;4,5;0,261111;8;8;8,0;10958,72;2574,88;0;0;0;0;8;0;0;8;0;0;0,0;10958,72;0,0;0,0;2861,443556;2191,744;0,0;100,0;100,0;0,754864;0,089891
ADMIRAL;FAENZA MENGOLINA;E1153;CALCIO | EUROPA - CHAMPIONS LEAGUE | UEFA Champions League 26/27 | VINCENTE | Arsenal;7,375;7,0;7,5;0,135714;8;8;8,1;10910,57;2574,88;0;0;0;0;8;0;0;8;0;0;0,0;10910,57;0,0;0,0;1480,720214;2182,114;0,0;100,0;100,0;0,751547;0,089496
ADMIRAL;FERRARA MODENA;E1613;ELEZIONI POLITICHE | ELEZIONI PRESIDENZIALI USA | Vincente Presidenziali USA 2028 | VINCENTE | Clinton H.;150,0;150,0;150,0;0,006667;1;1;10,0;1500,0;1500,0;0;0;0;0;1;0;0;1;0;0;0,0;1500,0;0,0;0,0;10,0;300,0;0,0;100,0;100,0;95,69378;0,012304
ADMIRAL;FERRARA MODENA;E1033;BASKET | USA - NBA | NBA - Eastern Conference 2026/27 | VINCENTE | PHI 76ers;4,5;4,5;4,5;0,222222;1;1;15,0;67,5;67,5;0;0;0;0;1;0;0;1;0;0;0,0;67,5;0,0;0,0;15,0;13,5;0,0;100,0;100,0;4,30622;0,000554
ADMIRAL;FIDENZA PERTINI;E1282;CALCIO | ITALIA - COPPA | Coppa Italia 2026/2027 | VINCENTE | Como;11,0;11,0;11,0;0,090909;1;1;10,0;2200,0;2200,0;0;0;0;0;1;0;0;1;0;0;0,0;2200,0;0,0;0,0;200,0;440,0;0,0;100,0;100,0;19,080312;0,018046
ADMIRAL;FIDENZA PERTINI;E1351;CALCIO | ITALIA - I DIVISIONE | Serie A 2026/27 | VINCENTE | Como;20,0;20,0;20,0;0,05;1;1;10,0;2200,0;2200,0;0;0;0;0;1;0;0;1;0;0;0,0;2200,0;0,0;0,0;110,0;440,0;0,0;100,0;100,0;19,080312;0,018046
ADMIRAL;FIDENZA PERTINI;E1201;CALCIO | FRANCIA - I DIVISIONE | Ligue 1 2026/2027 | VINCENTE | PSG;1,15;1,15;1,15;0,869565;4;4;16,2;1157,31;609,9;0;0;0;0;4;0;0;4;0;0;0,0;1157,31;0,0;0,0;1006,356522;231,462;0,0;100,0;100,0;10,037198;0,009493
ADMIRAL;FIDENZA PERTINI;E1225;CALCIO | GERMANIA - I DIVISIONE | Bundesliga 2026/2027 | VINCENTE | Bayern Monaco;1,15;1,15;1,15;0,869565;4;4;16,2;1157,31;609,9;0;0;0;0;4;0;0;4;0;0;0,0;1157,31;0,0;0,0;1006,356522;231,462;0,0;100,0;100,0;10,037198;0,009493
ADMIRAL;FIDENZA PERTINI;E1571;CALCIO | SPAGNA - I DIVISIONE | Liga 2026/2027 | VINCENTE | Real Madrid;2,15;2,15;2,15;0,465116;1;1;1,0;609,9;609,9;0;0;0;0;1;0;0;1;0;0;0,0;609,9;0,0;0,0;283,674419;121,98;0,0;100,0;100,0;5,289583;0,005003
ADMIRAL;FIDENZA PERTINI;E1354;CALCIO | ITALIA - I DIVISIONE | Serie A 2026/27 | VINCENTE | Juventus;5,5;5,5;5,5;0,181818;1;1;1,0;609,9;609,9;0;0;0;0;1;0;0;1;0;0;0,0;609,9;0,0;0,0;110,890909;121,98;0,0;100,0;100,0;5,289583;0,005003
ADMIRAL;FIDENZA PERTINI;E1255;CALCIO | INGHILTERRA - I DIVISIONE | Premier League 26/27 | VINCENTE | Liverpool;6,0;6,0;6,0;0,166667;1;1;1,0;609,9;609,9;0;0;0;0;1;0;0;1;0;0;0,0;609,9;0,0;0,0;101,65;121,98;0,0;100,0;100,0;5,289583;0,005003
ADMIRAL;FIDENZA PERTINI;E1507;CALCIO | OLANDA - I DIVISIONE | Eredivisie 2026/27 | VINCENTE | Ajax;6,5;6,5;6,5;0,153846;1;1;1,0;609,9;609,9;0;0;0;0;1;0;0;1;0;0;0,0;609,9;0,0;0,0;93,830769;121,98;0,0;100,0;100,0;5,289583;0,005003
ADMIRAL;FIDENZA PERTINI;E1570;CALCIO | SPAGNA - I DIVISIONE | Liga 2026/2027 | VINCENTE | Barcellona;1,7;1,7;1,7;0,588235;3;3;15,2;547,41;237,12;0;0;0;0;3;0;0;3;0;0;0,0;547,41;0,0;0,0;322,005882;109,482;0,0;100,0;100,0;4,747615;0,00449
ADMIRAL;FIDENZA PERTINI;E1256;CALCIO | INGHILTERRA - I DIVISIONE | Premier League 26/27 | VINCENTE | Man City;3,75;3,75;3,75;0,266667;2;2;3,2;335,97;237,12;0;0;0;0;2;0;0;2;0;0;0,0;335,97;0,0;0,0;89,592;67,194;0,0;100,0;100,0;2,913824;0,002756
ADMIRAL;FIDENZA PERTINI;E1509;CALCIO | OLANDA - I DIVISIONE | Eredivisie 2026/27 | VINCENTE | PSV;1,65;1,65;1,65;0,606061;2;2;14,2;310,29;211,44;0;0;0;0;2;0;0;2;0;0;0,0;310,29;0,0;0,0;188,054545;62,058;0,0;100,0;100,0;2,691104;0,002545
ADMIRAL;FIDENZA PERTINI;E1353;CALCIO | ITALIA - I DIVISIONE | Serie A 2026/27 | VINCENTE | Inter;1,9;1,9;1,9;0,526316;2;2;14,2;310,29;211,44;0;0;0;0;2;0;0;2;0;0;0,0;310,29;0,0;0,0;163,310526;62,058;0,0;100,0;100,0;2,691104;0,002545
ADMIRAL;FIDENZA PERTINI;E1508;CALCIO | OLANDA - I DIVISIONE | Eredivisie 2026/27 | VINCENTE | Feyenoord;3,75;3,75;3,75;0,266667;1;1;1,0;237,12;237,12;0;0;0;0;1;0;0;1;0;0;0,0;237,12;0,0;0,0;63,232;47,424;0,0;100,0;100,0;2,056511;0,001945
ADMIRAL;FIDENZA PERTINI;E1356;CALCIO | ITALIA - I DIVISIONE | Serie A 2026/27 | VINCENTE | Milan;7,5;7,5;7,5;0,133333;1;1;1,0;237,12;237,12;0;0;0;0;1;0;0;1;0;0;0,0;237,12;0,0;0,0;31,616;47,424;0,0;100,0;100,0;2,056511;0,001945
ADMIRAL;FIDENZA PERTINI;E1253;CALCIO | INGHILTERRA - I DIVISIONE | Premier League 26/27 | VINCENTE | Arsenal;2,5;2,5;2,5;0,4;1;1;12,0;211,44;211,44;0;0;0;0;1;0;0;1;0;0;0,0;211,44;0,0;0,0;84,576;42,288;0,0;100,0;100,0;1,833791;0,001734
ADMIRAL;FIDENZA PERTINI;E1541;CALCIO | SCOZIA - I DIVISIONE | Premiership 2026/27 | VINCENTE | Celtic;1,7;1,7;1,7;0,588235;1;1;2,2;98,85;98,85;0;0;0;0;1;0;0;1;0;0;0,0;98,85;0,0;0,0;58,147059;19,77;0,0;100,0;100,0;0,857313;0,000811
ADMIRAL;FIDENZA PERTINI;E983;AUTOMOBILISMO | MONDO - CAMPIONATO FORMULA 1 | Formula 1 Mondiale Piloti 2026 | VINCENTE | Russell G.;3,5;3,25;4,0;0,288462;3;3;26,0;87,5;55,25;0;0;0;0;3;0;0;3;0;0;0,0;87,5;0,0;0,0;25,240385;17,5;0,0;100,0;100,0;0,758876;0,000718
ADMIRAL;FOLLONICA CASSARELLO;E1284;CALCIO | ITALIA - COPPA | Coppa Italia 2026/2027 | VINCENTE | Inter;3,6;3,5;3,75;0,278095;5;5;194,8;20513,75;6750,0;0;0;0;0;5;0;0;5;0;0;0,0;20513,75;0,0;0,0;5704,77619;4102,75;0,0;100,0;100,0;1,42692;0,168269
ADMIRAL;FOLLONICA CASSARELLO;E1285;CALCIO | ITALIA - COPPA | Coppa Italia 2026/2027 | VINCENTE | Juventus;6,0;6,0;6,0;0,166667;5;5;194,8;20513,75;6750,0;0;0;0;0;5;0;0;5;0;0;0,0;20513,75;0,0;0,0;3418,958333;4102,75;0,0;100,0;100,0;1,42692;0,168269
ADMIRAL;FOLLONICA CASSARELLO;E1287;CALCIO | ITALIA - COPPA | Coppa Italia 2026/2027 | VINCENTE | Napoli;6,0;6,0;6,0;0,166667;5;5;194,8;20513,75;6750,0;0;0;0;0;5;0;0;5;0;0;0,0;20513,75;0,0;0,0;3418,958333;4102,75;0,0;100,0;100,0;1,42692;0,168269
ADMIRAL;FOLLONICA CASSARELLO;E1286;CALCIO | ITALIA - COPPA | Coppa Italia 2026/2027 | VINCENTE | Milan;6,2;6,0;6,5;0,161538;5;5;194,8;20513,75;6750,0;0;0;0;0;5;0;0;5;0;0;0,0;20513,75;0,0;0,0;3313,759615;4102,75;0,0;100,0;100,0;1,42692;0,168269
ADMIRAL;FOLLONICA CASSARELLO;E1288;CALCIO | ITALIA - COPPA | Coppa Italia 2026/2027 | VINCENTE | Roma;6,4;6,0;7,0;0,157143;5;5;194,8;20513,75;6750,0;0;0;0;0;5;0;0;5;0;0;0,0;20513,75;0,0;0,0;3223,589286;4102,75;0,0;100,0;100,0;1,42692;0,168269
ADMIRAL;FOLLONICA CASSARELLO;E1282;CALCIO | ITALIA - COPPA | Coppa Italia 2026/2027 | VINCENTE | Como;9,8;9,0;11,0;0,10303;5;5;194,8;20513,75;6750,0;0;0;0;0;5;0;0;5;0;0;0,0;20513,75;0,0;0,0;2113,537879;4102,75;0,0;100,0;100,0;1,42692;0,168269
ADMIRAL;FOLLONICA CASSARELLO;E1283;CALCIO | ITALIA - COPPA | Coppa Italia 2026/2027 | VINCENTE | Fiorentina;15,2;15,0;16,0;0,065833;5;5;194,8;20513,75;6750,0;0;0;0;0;5;0;0;5;0;0;0,0;20513,75;0,0;0,0;1350,488542;4102,75;0,0;100,0;100,0;1,42692;0,168269
ADMIRAL;FOLLONICA CASSARELLO;E1280;CALCIO | ITALIA - COPPA | Coppa Italia 2026/2027 | VINCENTE | Atalanta;18,8;17,0;20,0;0,053529;5;5;194,8;20513,75;6750,0;0;0;0;0;5;0;0;5;0;0;0,0;20513,75;0,0;0,0;1098,088971;4102,75;0,0;100,0;100,0;1,42692;0,168269
ADMIRAL;FOLLONICA CASSARELLO;E1054;BASKET | USA - NBA | NBA Cup 2026/27 | VINCENTE | SA Spurs;5,0;5,0;5,0;0,2;4;4;193,4;19562,5;7312,5;0;0;0;0;4;0;0;4;0;0;0,0;19562,5;0,0;0,0;3912,5;3912,5;0,0;100,0;100,0;1,360752;0,160466
ADMIRAL;FOLLONICA CASSARELLO;E1041;BASKET | USA - NBA | NBA Cup 2026/27 | VINCENTE | BOS Celtics;11,5;10,0;12,0;0,0875;4;4;193,4;19562,5;7312,5;0;0;0;0;4;0;0;4;0;0;0,0;19562,5;0,0;0,0;1711,71875;3912,5;0,0;100,0;100,0;1,360752;0,160466
ADMIRAL;FOLLONICA CASSARELLO;E1050;BASKET | USA - NBA | NBA Cup 2026/27 | VINCENTE | NY Knicks;13,5;13,0;15,0;0,074359;4;4;193,4;19562,5;7312,5;0;0;0;0;4;0;0;4;0;0;0,0;19562,5;0,0;0,0;1454,647436;3912,5;0,0;100,0;100,0;1,360752;0,160466
ADMIRAL;FOLLONICA CASSARELLO;E1053;BASKET | USA - NBA | NBA Cup 2026/27 | VINCENTE | PHI 76ers;13,5;13,0;15,0;0,074359;4;4;193,4;19562,5;7312,5;0;0;0;0;4;0;0;4;0;0;0,0;19562,5;0,0;0,0;1454,647436;3912,5;0,0;100,0;100,0;1,360752;0,160466
ADMIRAL;FOLLONICA CASSARELLO;E1044;BASKET | USA - NBA | NBA Cup 2026/27 | VINCENTE | DET Pistons;15,0;15,0;15,0;0,066667;4;4;193,4;19562,5;7312,5;0;0;0;0;4;0;0;4;0;0;0,0;19562,5;0,0;0,0;1304,166667;3912,5;0,0;100,0;100,0;1,360752;0,160466
ADMIRAL;FOLLONICA CASSARELLO;E1043;BASKET | USA - NBA | NBA Cup 2026/27 | VINCENTE | DEN Nuggets;18,0;15,0;19,0;0,05614;4;4;193,4;19562,5;7312,5;0;0;0;0;4;0;0;4;0;0;0,0;19562,5;0,0;0,0;1098,245614;3912,5;0,0;100,0;100,0;1,360752;0,160466
ADMIRAL;FOLLONICA CASSARELLO;E1049;BASKET | USA - NBA | NBA Cup 2026/27 | VINCENTE | MIN Timberwolves;20,0;20,0;20,0;0,05;4;4;193,4;19562,5;7312,5;0;0;0;0;4;0;0;4;0;0;0,0;19562,5;0,0;0,0;978,125;3912,5;0,0;100,0;100,0;1,360752;0,160466
ADMIRAL;FOLLONICA CASSARELLO;E1048;BASKET | USA - NBA | NBA Cup 2026/27 | VINCENTE | MIA Heat;35,0;35,0;35,0;0,028571;4;4;193,4;19562,5;7312,5;0;0;0;0;4;0;0;4;0;0;0,0;19562,5;0,0;0,0;558,928571;3912,5;0,0;100,0;100,0;1,360752;0,160466
ADMIRAL;FOLLONICA CASSARELLO;E1045;BASKET | USA - NBA | NBA Cup 2026/27 | VINCENTE | GS Warriors;50,0;50,0;50,0;0,02;4;4;193,4;19562,5;7312,5;0;0;0;0;4;0;0;4;0;0;0,0;19562,5;0,0;0,0;391,25;3912,5;0,0;100,0;100,0;1,360752;0,160466
ADMIRAL;FOLLONICA CASSARELLO;E1109;CALCIO | AUSTRIA - I DIVISIONE | Bundesliga (AUT) 2026/27 | VINCENTE | FC Salisburgo;2,033333;2,0;2,1;0,492063;3;3;189,75;19087,5;7500,0;0;0;0;0;3;0;0;3;0;0;0,0;19087,5;0,0;0,0;9392,261905;3817,5;0,0;100,0;100,0;1,327711;0,15657
ADMIRAL;FOLLONICA CASSARELLO;E1113;CALCIO | AUSTRIA - I DIVISIONE | Bundesliga (AUT) 2026/27 | VINCENTE | Sturm Graz;3,25;3,25;3,25;0,307692;3;3;189,75;19087,5;7500,0;0;0;0;0;3;0;0;3;0;0;0,0;19087,5;0,0;0,0;5873,076923;3817,5;0,0;100,0;100,0;1,327711;0,15657
ADMIRAL;FOLLONICA CASSARELLO;E1111;CALCIO | AUSTRIA - I DIVISIONE | Bundesliga (AUT) 2026/27 | VINCENTE | LASK Linz;6,5;5,5;7,0;0,155844;3;3;189,75;19087,5;7500,0;0;0;0;0;3;0;0;3;0;0;0,0;19087,5;0,0;0,0;2974,675325;3817,5;0,0;100,0;100,0;1,327711;0,15657
ADMIRAL;FUCECCHIO DANTE;E1354;CALCIO | ITALIA - I DIVISIONE | Serie A 2026/27 | VINCENTE | Juventus;6,0;6,0;6,0;0,166667;3;3;7,0;27835,19;17597,69;0;0;0;0;3;0;0;3;0;0;0,0;27835,19;0,0;0,0;4639,198333;5567,038;0,0;100,0;100,0;13,576398;0,228325
ADMIRAL;FUCECCHIO DANTE;E1115;CALCIO | BELGIO - I DIVISIONE | Belgio Jupiler Pro League 2026/27 | VINCENTE | Anderlecht;15,0;15,0;15,0;0,066667;3;3;7,0;27835,19;17597,69;0;0;0;0;3;0;0;3;0;0;0,0;27835,19;0,0;0,0;1855,679333;5567,038;0,0;100,0;100,0;13,576398;0,228325
ADMIRAL;FUCECCHIO DANTE;E1571;CALCIO | SPAGNA - I DIVISIONE | Liga 2026/2027 | VINCENTE | Real Madrid;2,1;2,1;2,1;0,47619;2;2;2,0;24685,19;17597,69;0;0;0;0;2;0;0;2;0;0;0,0;24685,19;0,0;0,0;11754,852381;4937,038;0,0;100,0;100,0;12,04001;0,202486
ADMIRAL;FUCECCHIO DANTE;E1132;CALCIO | DANIMARCA - I DIVISIONE | Superligaen 2026/27 | VINCENTE | FC Copenhagen;2,2;2,2;2,2;0,454545;1;1;1,0;17597,69;17597,69;0;0;0;0;1;0;0;1;0;0;0,0;17597,69;0,0;0,0;7998,95;3519,538;0,0;100,0;100,0;8,583137;0,144349
ADMIRAL;FUCECCHIO DANTE;E1596;CALCIO | TURCHIA - I DIVISIONE | Super Lig 2026/27 | VINCENTE | Fenerbahce;2,7;2,7;2,7;0,37037;1;1;1,0;17597,69;17597,69;0;0;0;0;1;0;0;1;0;0;0,0;17597,69;0,0;0,0;6517,662963;3519,538;0,0;100,0;100,0;8,583137;0,144349
ADMIRAL;FUCECCHIO DANTE;E1534;CALCIO | PORTOGALLO - I DIVISIONE | Primera Liga 2026/27 | VINCENTE | Benfica;2,85;2,85;2,85;0,350877;1;1;1,0;17597,69;17597,69;0;0;0;0;1;0;0;1;0;0;0,0;17597,69;0,0;0,0;6174,62807;3519,538;0,0;100,0;100,0;8,583137;0,144349
ADMIRAL;FUCECCHIO DANTE;E1507;CALCIO | OLANDA - I DIVISIONE | Eredivisie 2026/27 | VINCENTE | Ajax;5,5;5,5;5,5;0,181818;1;1;1,0;17597,69;17597,69;0;0;0;0;1;0;0;1;0;0;0,0;17597,69;0,0;0,0;3199,58;3519,538;0,0;100,0;100,0;8,583137;0,144349
ADMIRAL;FUCECCHIO DANTE;E1256;CALCIO | INGHILTERRA - I DIVISIONE | Premier League 26/27 | VINCENTE | Man City;3,75;3,75;3,75;0,266667;1;1;1,0;7087,5;7087,5;0;0;0;0;1;0;0;1;0;0;0,0;7087,5;0,0;0,0;1890,0;1417,5;0,0;100,0;100,0;3,456873;0,058137
ADMIRAL;FUCECCHIO DANTE;E1226;CALCIO | GERMANIA - I DIVISIONE | Bundesliga 2026/2027 | VINCENTE | Borussia Dortmund;10,0;10,0;10,0;0,1;1;1;1,0;7087,5;7087,5;0;0;0;0;1;0;0;1;0;0;0,0;7087,5;0,0;0,0;708,75;1417,5;0,0;100,0;100,0;3,456873;0,058137
ADMIRAL;FUCECCHIO DANTE;E1550;CALCIO | SPAGNA - COPPA | Copa del Rey 2026/2027 | VINCENTE | Barcellona;3,0;3,0;3,0;0,333333;1;1;1,0;5197,5;5197,5;0;0;0;0;1;0;0;1;0;0;0,0;5197,5;0,0;0,0;1732,5;1039,5;0,0;100,0;100,0;2,53504;0,042634
ADMIRAL;FUCECCHIO DANTE;E1357;CALCIO | ITALIA - I DIVISIONE | Serie A 2026/27 | VINCENTE | Napoli;5,5;5,5;5,5;0,181818;1;1;1,0;5197,5;5197,5;0;0;0;0;1;0;0;1;0;0;0,0;5197,5;0,0;0,0;945,0;1039,5;0,0;100,0;100,0;2,53504;0,042634
ADMIRAL;FUCECCHIO DANTE;E1287;CALCIO | ITALIA - COPPA | Coppa Italia 2026/2027 | VINCENTE | Napoli;6,0;6,0;6,0;0,166667;1;1;1,0;5197,5;5197,5;0;0;0;0;1;0;0;1;0;0;0,0;5197,5;0,0;0,0;866,25;1039,5;0,0;100,0;100,0;2,53504;0,042634
ADMIRAL;FUCECCHIO DANTE;E1155;CALCIO | EUROPA - CHAMPIONS LEAGUE | UEFA Champions League 26/27 | VINCENTE | Barcellona;7,0;7,0;7,0;0,142857;1;1;1,0;5197,5;5197,5;0;0;0;0;1;0;0;1;0;0;0,0;5197,5;0,0;0,0;742,5;1039,5;0,0;100,0;100,0;2,53504;0,042634
ADMIRAL;FUCECCHIO DANTE;E1237;CALCIO | INGHILTERRA - COPPA FA | Fa Cup 2026/2027 | VINCENTE | Liverpool;7,5;7,5;7,5;0,133333;1;1;1,0;5197,5;5197,5;0;0;0;0;1;0;0;1;0;0;0,0;5197,5;0,0;0,0;693,0;1039,5;0,0;100,0;100,0;2,53504;0,042634
ADMIRAL;FUCECCHIO DANTE;E1257;CALCIO | INGHILTERRA - I DIVISIONE | Premier League 26/27 | VINCENTE | Man Utd;7,0;7,0;7,0;0,142857;1;1;5,0;3150,0;3150,0;0;0;0;0;1;0;0;1;0;0;0,0;3150,0;0,0;0,0;450,0;630,0;0,0;100,0;100,0;1,536388;0,025839
ADMIRAL;FUCECCHIO DANTE;E1655;MOTOCICLISMO | MONDO - MOTOMONDIALE | Mondiale Motogp 2026 | VINCENTE | Martin J.;7,5;7,5;7,5;0,133333;2;2;400,0;3000,0;1500,0;0;0;0;0;2;0;0;2;0;0;0,0;3000,0;0,0;0,0;400,0;600,0;0,0;100,0;100,0;1,463227;0,024608
ADMIRAL;FUCECCHIO DANTE;E1651;MOTOCICLISMO | MONDO - MOTOMONDIALE | Mondiale Motogp 2026 | VINCENTE | Di Giannantonio F.;30,0;30,0;30,0;0,033333;1;1;80,0;2400,0;2400,0;0;0;0;0;1;0;0;1;0;0;0,0;2400,0;0,0;0,0;80,0;480,0;0,0;100,0;100,0;1,170581;0,019687
ADMIRAL;FUCECCHIO DANTE;E1637;MOTOCICLISMO | MONDO - MOTOMONDIALE | Mondiale Moto2 2026 | VINCENTE | Agius S.;20,0;20,0;20,0;0,05;1;1;100,0;2000,0;2000,0;0;0;0;0;1;0;0;1;0;0;0,0;2000,0;0,0;0,0;100,0;400,0;0,0;100,0;100,0;0,975484;0,016405
ADMIRAL;FUCECCHIO DANTE;E1657;MOTOCICLISMO | MONDO - MOTOMONDIALE | Mondiale Motogp 2026 | VINCENTE | Ogura A.;7,5;7,5;7,5;0,133333;1;1;260,0;1950,0;1950,0;0;0;0;0;1;0;0;1;0;0;0,0;1950,0;0,0;0,0;260,0;390,0;0,0;100,0;100,0;0,951097;0,015995
ADMIRAL;FUCECCHIO DANTE;E1351;CALCIO | ITALIA - I DIVISIONE | Serie A 2026/27 | VINCENTE | Como;35,0;35,0;35,0;0,028571;1;1;20,0;700,0;700,0;0;0;0;0;1;0;0;1;0;0;0,0;700,0;0,0;0,0;20,0;140,0;0,0;100,0;100,0;0,34142;0,005742
ADMIRAL;GALATONE NIZZA;E1652;MOTOCICLISMO | MONDO - MOTOMONDIALE | Mondiale Motogp 2026 | VINCENTE | Fernandez R.;100,0;100,0;100,0;0,01;1;1;2,0;200,0;200,0;0;0;0;0;1;0;0;1;0;0;0,0;200,0;0,0;0,0;2,0;40,0;0,0;100,0;100,0;100,0;0,001641
ADMIRAL;GATTINARA MARCONI;E1217;CALCIO | GERMANIA - COPPA DFB POKAL | DFB Cup 2026/27 | VINCENTE | Dinamo Dresda;500,0;500,0;500,0;0,002;1;1;2,0;1000,0;1000,0;0;0;0;0;1;0;0;1;0;0;0,0;1000,0;0,0;0,0;2,0;200,0;0,0;100,0;100,0;100,0;0,008203
ADMIRAL;GROSSETO AQUILEIA;E1352;CALCIO | ITALIA - I DIVISIONE | Serie A 2026/27 | VINCENTE | Fiorentina;100,0;100,0;100,0;0,01;1;1;20,0;2000,0;2000,0;0;0;0;0;1;0;0;1;0;0;0,0;2000,0;0,0;0,0;20,0;400,0;0,0;100,0;100,0;53,563585;0,016405
ADMIRAL;GROSSETO AQUILEIA;E1283;CALCIO | ITALIA - COPPA | Coppa Italia 2026/2027 | VINCENTE | Fiorentina;15,0;15,0;15,0;0,066667;1;1;100,0;1500,0;1500,0;0;0;0;0;1;0;0;1;0;0;0,0;1500,0;0,0;0,0;100,0;300,0;0,0;100,0;100,0;40,172689;0,012304
ADMIRAL;GROSSETO AQUILEIA;E1342;CALCIO | ITALIA - I DIVISIONE | Serie A 2026/27 | RETROCESSA | SI;27,5;27,5;27,5;0,036364;1;1;5,0;137,5;137,5;0;0;0;0;1;0;0;1;0;0;0,0;137,5;0,0;0,0;5,0;27,5;0,0;100,0;100,0;3,682496;0,001128
ADMIRAL;GROSSETO AQUILEIA;E1343;CALCIO | ITALIA - I DIVISIONE | Serie A 2026/27 | T/T | 1;1,75;1,75;1,75;0,571429;1;1;5,0;48,19;48,19;0;0;0;0;1;0;0;1;0;0;0,0;48,19;0,0;0,0;27,537143;9,638;0,0;100,0;100,0;1,290615;0,000395
ADMIRAL;GROSSETO AQUILEIA;E1344;CALCIO | ITALIA - I DIVISIONE | Serie A 2026/27 | T/T | 2;2,0;2,0;2,0;0,5;1;1;5,0;48,19;48,19;0;0;0;0;1;0;0;1;0;0;0,0;48,19;0,0;0,0;24,095;9,638;0,0;100,0;100,0;1,290615;0,000395
ADMIRAL;L''AQUILA SARAGAT;E1639;MOTOCICLISMO | MONDO - MOTOMONDIALE | Mondiale Moto2 2026 | VINCENTE | Gonzalez M.;1,2;1,2;1,2;0,833333;5;5;2500,0;5627,25;1125,45;0;0;0;0;5;0;0;5;0;0;0,0;5627,25;0,0;0,0;4689,375;1125,45;0,0;100,0;100,0;24,96008;0,046159
ADMIRAL;L''AQUILA SARAGAT;E1692;TENNIS | TORNEO DI TORONTO | Golubic, Viktorija - Swiatek, Iga | SET BETTING A 3 | 0-2;1,22;1,22;1,22;0,819672;5;5;2500,0;5627,25;1125,45;0;0;0;0;5;0;0;5;0;0;0,0;5627,25;0,0;0,0;4612,5;1125,45;0,0;100,0;100,0;24,96008;0,046159
ADMIRAL;L''AQUILA SARAGAT;E1302;CALCIO | ITALIA - I DIVISIONE | Inter - AC Monza | ESITO FINALE 1X2 | 1;1,23;1,23;1,23;0,813008;5;5;2500,0;5627,25;1125,45;0;0;0;0;5;0;5;0;1;1;0,0;5627,25;0,0;0,0;4575,0;1125,45;0,0;100,0;0,0;24,96008;0,046159
ADMIRAL;L''AQUILA SARAGAT;E978;AUTOMOBILISMO | MONDO - CAMPIONATO FORMULA 1 | Formula 1 Mondiale Piloti 2026 | VINCENTE | Antonelli A.;1,25;1,25;1,25;0,8;5;5;2500,0;5627,25;1125,45;0;0;0;0;5;0;0;5;0;0;0,0;5627,25;0,0;0,0;4501,8;1125,45;0,0;100,0;100,0;24,96008;0,046159
ADMIRAL;L''AQUILA SARAGAT;E1293;CALCIO | ITALIA - I DIVISIONE | Esonero O Dimissioni Al 25/12/2026 | ESONERATO/DIMISSIONARIO | SI;3,0;3,0;3,0;0,333333;1;1;2,0;36,0;36,0;0;0;0;0;1;0;0;1;0;0;0,0;36,0;0,0;0,0;12,0;7,2;0,0;100,0;100,0;0,159681;0,000295
ADMIRAL;LAVAGNA BATTISTI;E1124;CALCIO | BRASILE - I DIVISIONE | Brasile A 2026 | VINCENTE | Palmeiras;1,673;1,43;2,0;0,601213;10;10;950,0;2782,4;1117,2;0;0;0;0;10;0;0;10;0;0;0,0;2782,4;0,0;0,0;1672,816421;556,48;0,0;100,0;100,0;25,730562;0,022823
ADMIRAL;LAVAGNA BATTISTI;E1603;CICLISMO | TOUR DE FRANCE | Tour de France 2027 | VINCENTE | Richard Carapaz;300,0;300,0;300,0;0,003333;1;1;4,0;1200,0;1200,0;0;0;0;0;1;0;0;1;0;0;0,0;1200,0;0,0;0,0;4,0;240,0;0,0;100,0;100,0;11,097137;0,009843
ADMIRAL;LAVAGNA BATTISTI;E1183;CALCIO | FRANCIA - COPPA | Coppa Di Francia 2025/26 | VINCENTE | Lens;1,4;1,4;1,4;0,714286;1;1;100,0;1117,2;1117,2;0;0;0;0;1;0;0;1;0;0;0,0;1117,2;0,0;0,0;798,0;223,44;0,0;100,0;100,0;10,331434;0,009164
ADMIRAL;LAVAGNA BATTISTI;E1290;CALCIO | ITALIA - COPPA | Coppa Italia 25/26 | VINCENTE | INTER;1,4;1,4;1,4;0,714286;1;1;100,0;1117,2;1117,2;0;0;0;0;1;0;0;1;0;0;0,0;1117,2;0,0;0,0;798,0;223,44;0,0;100,0;100,0;10,331434;0,009164
ADMIRAL;LAVAGNA BATTISTI;E1167;CALCIO | EUROPA - EUROPA LEAGUE | Europa League 2025/26 | VINCENTE | Aston Villa;1,9;1,9;1,9;0,526316;1;1;100,0;1117,2;1117,2;0;0;0;0;1;0;0;1;0;0;0,0;1117,2;0,0;0,0;588,0;223,44;0,0;100,0;100,0;10,331434;0,009164
ADMIRAL;LAVAGNA BATTISTI;E1151;CALCIO | EUROPA - CHAMPIONS LEAGUE | UEFA Champions League 25/26 | VINCENTE | Bayern;3,0;3,0;3,0;0,333333;1;1;100,0;1117,2;1117,2;0;0;0;0;1;0;0;1;0;0;0,0;1117,2;0,0;0,0;372,4;223,44;0,0;100,0;100,0;10,331434;0,009164
ADMIRAL;LAVAGNA BATTISTI;E1152;CALCIO | EUROPA - CHAMPIONS LEAGUE | UEFA Champions League 25/26 | VINCENTE | Psg;3,0;3,0;3,0;0,333333;1;1;100,0;1117,2;1117,2;0;0;0;0;1;0;0;1;0;0;0,0;1117,2;0,0;0,0;372,4;223,44;0,0;100,0;100,0;10,331434;0,009164
ADMIRAL;LAVAGNA BATTISTI;E1351;CALCIO | ITALIA - I DIVISIONE | Serie A 2026/27 | VINCENTE | Como;33,0;33,0;33,0;0,030303;1;1;20,0;660,0;660,0;0;0;0;0;1;0;0;1;0;0;0,0;660,0;0,0;0,0;20,0;132,0;0,0;100,0;100,0;6,103425;0,005414
ADMIRAL;LAVAGNA BATTISTI;E1499;CALCIO | NORVEGIA - I DIVISIONE | Eliteserien 2026 | VINCENTE | Bodo/Glimt;1,9;1,9;1,9;0,526316;2;2;200,0;585,2;313,5;0;0;0;0;2;0;0;2;0;0;0,0;585,2;0,0;0,0;308,0;117,04;0,0;100,0;100,0;5,411704;0,0048
ADMIRAL;MANZIANA BRACCIANESE CLAUDIA;E969;AUTOMOBILISMO | MONDO - CAMPIONATO FORMULA 1 | Formula 1 Mondiale Costruttori 2026 | VINCENTE | Ferrari;7,5;7,5;7,5;0,133333;1;1;2,0;15,0;15,0;0;0;0;0;1;0;0;1;0;0;0,0;15,0;0,0;0,0;2,0;3,0;0,0;100,0;100,0;54,545455;0,000123
ADMIRAL;MANZIANA BRACCIANESE CLAUDIA;E971;AUTOMOBILISMO | MONDO - CAMPIONATO FORMULA 1 | Formula 1 Mondiale Costruttori 2026 | VINCENTE | Mclaren;2,5;2,5;2,5;0,4;1;1;5,0;12,5;12,5;0;0;0;0;1;0;0;1;0;0;0,0;12,5;0,0;0,0;5,0;2,5;0,0;100,0;100,0;45,454545;0,000103
ADMIRAL;MARIGLIANO SAN FRANCESCO;E1293;CALCIO | ITALIA - I DIVISIONE | Esonero O Dimissioni Al 25/12/2026 | ESONERATO/DIMISSIONARIO | SI;3,0;2,0;4,0;0,361111;3;3;50,0;2672,0;1944,0;0;0;0;0;3;0;0;3;0;0;0,0;2672,0;0,0;0,0;964,888889;534,4;0,0;100,0;100,0;41,090624;0,021918
ADMIRAL;MARIGLIANO SAN FRANCESCO;E1201;CALCIO | FRANCIA - I DIVISIONE | Ligue 1 2026/2027 | VINCENTE | PSG;1,13;1,13;1,13;0,884956;1;1;500,0;1276,9;1276,9;0;0;0;0;1;0;0;1;0;0;0,0;1276,9;0,0;0,0;1130,0;255,38;0,0;100,0;100,0;19,636459;0,010474
ADMIRAL;MARIGLIANO SAN FRANCESCO;E1225;CALCIO | GERMANIA - I DIVISIONE | Bundesliga 2026/2027 | VINCENTE | Bayern Monaco;1,13;1,13;1,13;0,884956;1;1;500,0;1276,9;1276,9;0;0;0;0;1;0;0;1;0;0;0,0;1276,9;0,0;0,0;1130,0;255,38;0,0;100,0;100,0;19,636459;0,010474
ADMIRAL;MARIGLIANO SAN FRANCESCO;E1353;CALCIO | ITALIA - I DIVISIONE | Serie A 2026/27 | VINCENTE | Inter;2,0;2,0;2,0;0,5;1;1;500,0;1276,9;1276,9;0;0;0;0;1;0;0;1;0;0;0,0;1276,9;0,0;0,0;638,45;255,38;0,0;100,0;100,0;19,636459;0,010474
ADMIRAL;MILANO POZZI;E1354;CALCIO | ITALIA - I DIVISIONE | Serie A 2026/27 | VINCENTE | Juventus;5,5;5,5;5,5;0,181818;1;1;12,0;990,0;990,0;0;0;0;0;1;0;0;1;0;0;0,0;990,0;0,0;0,0;180,0;198,0;0,0;100,0;100,0;50,0;0,008121
ADMIRAL;MILANO POZZI;E1569;CALCIO | SPAGNA - I DIVISIONE | Liga 2026/2027 | VINCENTE | Atletico Madrid;15,0;15,0;15,0;0,066667;1;1;12,0;990,0;990,0;0;0;0;0;1;0;0;1;0;0;0,0;990,0;0,0;0,0;66,0;198,0;0,0;100,0;100,0;50,0;0,008121
ADMIRAL;MISANO ADRIATICO ADRIATICA;E1264;CALCIO | INGHILTERRA - II DIVISIONE | Championship 2026/27 | VINCENTE | West Ham;3,041667;2,75;3,25;0,330873;18;18;3000,0;9362,5;975,0;0;0;0;0;18;0;0;18;0;0;0,0;9362,5;0,0;0,0;3097,796879;1872,5;0,0;100,0;100,0;36,297581;0,076798
ADMIRAL;MISANO ADRIATICO ADRIATICA;E1649;MOTOCICLISMO | MONDO - MOTOMONDIALE | Mondiale Motogp 2026 | VINCENTE | Bagnaia F.;15,0;10,0;20,0;0,075;2;2;11,0;1750,0;1000,0;0;0;0;0;2;0;0;2;0;0;0,0;1750,0;0,0;0,0;131,25;350,0;0,0;100,0;100,0;6,784595;0,014355
ADMIRAL;MISANO ADRIATICO ADRIATICA;E969;AUTOMOBILISMO | MONDO - CAMPIONATO FORMULA 1 | Formula 1 Mondiale Costruttori 2026 | VINCENTE | Ferrari;5,833333;5,5;6,0;0,171717;3;3;230,0;1426,0;550,0;0;0;0;0;3;0;0;3;0;0;0,0;1426,0;0,0;0,0;244,868687;285,2;0,0;100,0;100,0;5,528475;0,011697
ADMIRAL;MISANO ADRIATICO ADRIATICA;E1344;CALCIO | ITALIA - I DIVISIONE | Serie A 2026/27 | T/T | 2;1,665;1,63;1,7;0,600866;2;2;60,0;1358,79;1077,89;0;0;0;0;2;0;0;2;0;0;0,0;1358,79;0,0;0,0;816,450866;271,758;0,0;100,0;100,0;5,267908;0,011146
ADMIRAL;MISANO ADRIATICO ADRIATICA;E1655;MOTOCICLISMO | MONDO - MOTOMONDIALE | Mondiale Motogp 2026 | VINCENTE | Martin J.;9,583333;2,75;20,0;0,193434;3;3;75,0;1257,5;1000,0;0;0;0;0;3;0;0;3;0;0;0,0;1257,5;0,0;0,0;243,243687;251,5;0,0;100,0;100,0;4,875216;0,010315
ADMIRAL;MISANO ADRIATICO ADRIATICA;E1343;CALCIO | ITALIA - I DIVISIONE | Serie A 2026/27 | T/T | 1;1,95;1,95;1,95;0,512821;1;1;30,0;1077,89;1077,89;0;0;0;0;1;0;0;1;0;0;0,0;1077,89;0,0;0,0;552,764103;215,578;0,0;100,0;100,0;4,178884;0,008842
ADMIRAL;MISANO ADRIATICO ADRIATICA;E1638;MOTOCICLISMO | MONDO - MOTOMONDIALE | Mondiale Moto2 2026 | VINCENTE | Alonso D.;5,0;5,0;5,0;0,2;1;1;1,0;1000,0;1000,0;0;0;0;0;1;0;0;1;0;0;0,0;1000,0;0,0;0,0;200,0;200,0;0,0;100,0;100,0;3,876911;0,008203
ADMIRAL;MISANO ADRIATICO ADRIATICA;E1644;MOTOCICLISMO | MONDO - MOTOMONDIALE | Mondiale Moto3 2026 | VINCENTE | Fernandez A.;10,0;10,0;10,0;0,1;1;1;1,0;1000,0;1000,0;0;0;0;0;1;0;0;1;0;0;0,0;1000,0;0,0;0,0;100,0;200,0;0,0;100,0;100,0;3,876911;0,008203
ADMIRAL;MISANO ADRIATICO ADRIATICA;E977;AUTOMOBILISMO | MONDO - CAMPIONATO FORMULA 1 | Formula 1 Mondiale Piloti 2026 | VINCENTE | Alonso F.;10,0;10,0;10,0;0,1;1;1;5,0;1000,0;1000,0;0;0;0;0;1;0;0;1;0;0;0,0;1000,0;0,0;0,0;100,0;200,0;0,0;100,0;100,0;3,876911;0,008203
ADMIRAL;MISANO ADRIATICO ADRIATICA;E982;AUTOMOBILISMO | MONDO - CAMPIONATO FORMULA 1 | Formula 1 Mondiale Piloti 2026 | VINCENTE | Piastri O.;7,5;7,5;7,5;0,133333;1;1;10,0;750,0;750,0;0;0;0;0;1;0;0;1;0;0;0,0;750,0;0,0;0,0;100,0;150,0;0,0;100,0;100,0;2,907683;0,006152
ADMIRAL;MISANO ADRIATICO ADRIATICA;E1339;CALCIO | ITALIA - I DIVISIONE | Serie A 2026/27 | CAPOCANNONIERE | Moise Kean;15,0;15,0;15,0;0,066667;1;1;50,0;750,0;750,0;0;0;0;0;1;0;0;1;0;0;0,0;750,0;0,0;0,0;50,0;150,0;0,0;100,0;100,0;2,907683;0,006152
ADMIRAL;MISANO ADRIATICO ADRIATICA;E979;AUTOMOBILISMO | MONDO - CAMPIONATO FORMULA 1 | Formula 1 Mondiale Piloti 2026 | VINCENTE | Hamilton L.;13,5;7,0;20,0;0,096429;2;2;70,0;620,0;420,0;0;0;0;0;2;0;0;2;0;0;0,0;620,0;0,0;0,0;59,785714;124,0;0,0;100,0;100,0;2,403685;0,005086
ADMIRAL;MISANO ADRIATICO ADRIATICA;E1201;CALCIO | FRANCIA - I DIVISIONE | Ligue 1 2026/2027 | VINCENTE | PSG;1,13;1,13;1,13;0,884956;1;1;30,0;614,01;614,01;0;0;0;0;1;0;0;1;0;0;0,0;614,01;0,0;0,0;543,371681;122,802;0,0;100,0;100,0;2,380462;0,005037
ADMIRAL;MISANO ADRIATICO ADRIATICA;E1225;CALCIO | GERMANIA - I DIVISIONE | Bundesliga 2026/2027 | VINCENTE | Bayern Monaco;1,15;1,15;1,15;0,869565;1;1;30,0;614,01;614,01;0;0;0;0;1;0;0;1;0;0;0,0;614,01;0,0;0,0;533,921739;122,802;0,0;100,0;100,0;2,380462;0,005037
ADMIRAL;MISANO ADRIATICO ADRIATICA;E1353;CALCIO | ITALIA - I DIVISIONE | Serie A 2026/27 | VINCENTE | Inter;2,0;2,0;2,0;0,5;1;1;30,0;614,01;614,01;0;0;0;0;1;0;0;1;0;0;0,0;614,01;0,0;0,0;307,005;122,802;0,0;100,0;100,0;2,380462;0,005037
ADMIRAL;MISANO ADRIATICO ADRIATICA;E1571;CALCIO | SPAGNA - I DIVISIONE | Liga 2026/2027 | VINCENTE | Real Madrid;2,1;2,1;2,1;0,47619;1;1;30,0;614,01;614,01;0;0;0;0;1;0;0;1;0;0;0,0;614,01;0,0;0,0;292,385714;122,802;0,0;100,0;100,0;2,380462;0,005037
ADMIRAL;MISANO ADRIATICO ADRIATICA;E1256;CALCIO | INGHILTERRA - I DIVISIONE | Premier League 26/27 | VINCENTE | Man City;3,75;3,75;3,75;0,266667;1;1;30,0;614,01;614,01;0;0;0;0;1;0;0;1;0;0;0,0;614,01;0,0;0,0;163,736;122,802;0,0;100,0;100,0;2,380462;0,005037
ADMIRAL;MISANO ADRIATICO ADRIATICA;E1654;MOTOCICLISMO | MONDO - MOTOMONDIALE | Mondiale Motogp 2026 | VINCENTE | Marquez M.;1,4;1,4;1,4;0,714286;1;1;40,0;336,0;336,0;0;0;0;0;1;0;0;1;0;0;0,0;336,0;0,0;0,0;240,0;67,2;0,0;100,0;100,0;1,302642;0,002756
ADMIRAL;MISANO ADRIATICO ADRIATICA;E984;AUTOMOBILISMO | MONDO - CAMPIONATO FORMULA 1 | Formula 1 Mondiale Piloti 2026 | VINCENTE | Verstappen M.;3,5;3,5;3,5;0,285714;1;1;10,0;192,5;192,5;0;0;0;0;1;0;0;1;0;0;0,0;192,5;0,0;0,0;55,0;38,5;0,0;100,0;100,0;0,746305;0,001579
ADMIRAL;MISANO ADRIATICO ADRIATICA;E1650;MOTOCICLISMO | MONDO - MOTOMONDIALE | Mondiale Motogp 2026 | VINCENTE | Bezzecchi M.;5,5;5,5;5,5;0,181818;1;1;10,0;192,5;192,5;0;0;0;0;1;0;0;1;0;0;0,0;192,5;0,0;0,0;35,0;38,5;0,0;100,0;100,0;0,746305;0,001579
ADMIRAL;MONSUMMANO TERME ABRUZZO;E1225;CALCIO | GERMANIA - I DIVISIONE | Bundesliga 2026/2027 | VINCENTE | Bayern Monaco;1,13;1,13;1,13;0,884956;2;2;16,0;2944,63;2822,96;0;0;0;0;2;0;0;2;0;0;0,0;2944,63;0,0;0,0;2605,867257;588,926;0,0;100,0;100,0;15,404418;0,024154
ADMIRAL;MONSUMMANO TERME ABRUZZO;E1509;CALCIO | OLANDA - I DIVISIONE | Eredivisie 2026/27 | VINCENTE | PSV;1,9;1,9;1,9;0,526316;2;2;16,0;2944,63;2822,96;0;0;0;0;2;0;0;2;0;0;0,0;2944,63;0,0;0,0;1549,805263;588,926;0,0;100,0;100,0;15,404418;0,024154
ADMIRAL;MONSUMMANO TERME ABRUZZO;E1535;CALCIO | PORTOGALLO - I DIVISIONE | Primera Liga 2026/27 | VINCENTE | Porto;2,5;2,5;2,5;0,4;2;2;16,0;2944,63;2822,96;0;0;0;0;2;0;0;2;0;0;0,0;2944,63;0,0;0,0;1177,852;588,926;0,0;100,0;100,0;15,404418;0,024154
ADMIRAL;MONSUMMANO TERME ABRUZZO;E1116;CALCIO | BELGIO - I DIVISIONE | Belgio Jupiler Pro League 2026/27 | VINCENTE | Club Bruges;2,25;2,25;2,25;0,444444;1;1;10,0;2822,96;2822,96;0;0;0;0;1;0;0;1;0;0;0,0;2822,96;0,0;0,0;1254,648889;564,592;0,0;100,0;100,0;14,767919;0,023156
ADMIRAL;MONSUMMANO TERME ABRUZZO;E1245;CALCIO | INGHILTERRA - I DIVISIONE | Premier League 2026/27 - Prima Alla 5 giornata | VINCENTE | Manchester City;4,25;4,25;4,25;0,235294;1;1;10,0;2822,96;2822,96;0;0;0;0;1;0;0;1;0;0;0,0;2822,96;0,0;0,0;664,225882;564,592;0,0;100,0;100,0;14,767919;0,023156
ADMIRAL;MONSUMMANO TERME ABRUZZO;E1357;CALCIO | ITALIA - I DIVISIONE | Serie A 2026/27 | VINCENTE | Napoli;5,5;5,5;5,5;0,181818;1;1;10,0;2822,96;2822,96;0;0;0;0;1;0;0;1;0;0;0,0;2822,96;0,0;0,0;513,265455;564,592;0,0;100,0;100,0;14,767919;0,023156
ADMIRAL;MONSUMMANO TERME ABRUZZO;E1658;MOTOCICLISMO | MONDO - MOTOMONDIALE | Mondiale Motogp 2026 | VINCENTE | Razgatlioglu T.;100,0;100,0;100,0;0,01;1;1;10,0;1000,0;1000,0;0;0;0;0;1;0;0;1;0;0;0,0;1000,0;0,0;0,0;10,0;200,0;0,0;100,0;100,0;5,231359;0,008203
ADMIRAL;MONSUMMANO TERME ABRUZZO;E1201;CALCIO | FRANCIA - I DIVISIONE | Ligue 1 2026/2027 | VINCENTE | PSG;1,13;1,13;1,13;0,884956;1;1;6,0;121,67;121,67;0;0;0;0;1;0;0;1;0;0;0,0;121,67;0,0;0,0;107,672566;24,334;0,0;100,0;100,0;0,6365;0,000998
ADMIRAL;MONSUMMANO TERME ABRUZZO;E1353;CALCIO | ITALIA - I DIVISIONE | Serie A 2026/27 | VINCENTE | Inter;2,0;2,0;2,0;0,5;1;1;6,0;121,67;121,67;0;0;0;0;1;0;0;1;0;0;0,0;121,67;0,0;0,0;60,835;24,334;0,0;100,0;100,0;0,6365;0,000998
ADMIRAL;MONSUMMANO TERME ABRUZZO;E1571;CALCIO | SPAGNA - I DIVISIONE | Liga 2026/2027 | VINCENTE | Real Madrid;2,2;2,2;2,2;0,454545;1;1;6,0;121,67;121,67;0;0;0;0;1;0;0;1;0;0;0,0;121,67;0,0;0,0;55,304545;24,334;0,0;100,0;100,0;0,6365;0,000998
ADMIRAL;MONSUMMANO TERME ABRUZZO;E1534;CALCIO | PORTOGALLO - I DIVISIONE | Primera Liga 2026/27 | VINCENTE | Benfica;2,75;2,75;2,75;0,363636;1;1;6,0;121,67;121,67;0;0;0;0;1;0;0;1;0;0;0,0;121,67;0,0;0,0;44,243636;24,334;0,0;100,0;100,0;0,6365;0,000998
ADMIRAL;MONSUMMANO TERME ABRUZZO;E1507;CALCIO | OLANDA - I DIVISIONE | Eredivisie 2026/27 | VINCENTE | Ajax;3,5;3,5;3,5;0,285714;1;1;6,0;121,67;121,67;0;0;0;0;1;0;0;1;0;0;0,0;121,67;0,0;0,0;34,762857;24,334;0,0;100,0;100,0;0,6365;0,000998
ADMIRAL;MONSUMMANO TERME ABRUZZO;E1354;CALCIO | ITALIA - I DIVISIONE | Serie A 2026/27 | VINCENTE | Juventus;6,0;6,0;6,0;0,166667;1;1;6,0;121,67;121,67;0;0;0;0;1;0;0;1;0;0;0,0;121,67;0,0;0,0;20,278333;24,334;0,0;100,0;100,0;0,6365;0,000998
ADMIRAL;MONSUMMANO TERME ABRUZZO;E980;AUTOMOBILISMO | MONDO - CAMPIONATO FORMULA 1 | Formula 1 Mondiale Piloti 2026 | VINCENTE | Leclerc C.;18,75;15,0;22,5;0,055556;2;2;3,0;52,5;30,0;0;0;0;0;2;0;0;2;0;0;0,0;52,5;0,0;0,0;2,916667;10,5;0,0;100,0;100,0;0,274646;0,000431
ADMIRAL;MONSUMMANO TERME ABRUZZO;E979;AUTOMOBILISMO | MONDO - CAMPIONATO FORMULA 1 | Formula 1 Mondiale Piloti 2026 | VINCENTE | Hamilton L.;7,0;7,0;7,0;0,142857;1;1;2,0;14,0;14,0;0;0;0;0;1;0;0;1;0;0;0,0;14,0;0,0;0,0;2,0;2,8;0,0;100,0;100,0;0,073239;0,000115
ADMIRAL;MONSUMMANO TERME ABRUZZO;E969;AUTOMOBILISMO | MONDO - CAMPIONATO FORMULA 1 | Formula 1 Mondiale Costruttori 2026 | VINCENTE | Ferrari;6,0;6,0;6,0;0,166667;1;1;2,0;12,0;12,0;0;0;0;0;1;0;0;1;0;0;0,0;12,0;0,0;0,0;2,0;2,4;0,0;100,0;100,0;0,062776;9,8e-05
ADMIRAL;MONSUMMANO TERME ABRUZZO;E978;AUTOMOBILISMO | MONDO - CAMPIONATO FORMULA 1 | Formula 1 Mondiale Piloti 2026 | VINCENTE | Antonelli A.;2,1;2,1;2,1;0,47619;1;1;2,0;4,2;4,2;0;0;0;0;1;0;0;1;0;0;0,0;4,2;0,0;0,0;2,0;0,84;0,0;100,0;100,0;0,021972;3,4e-05
ADMIRAL;MONTEMURLO LABRIOLA;E1156;CALCIO | EUROPA - CHAMPIONS LEAGUE | UEFA Champions League 26/27 | VINCENTE | Bayern Monaco;7,5;7,5;7,5;0,133333;6;6;1584,0;11880,0;1980,0;0;0;0;0;6;0;0;6;0;0;0,0;11880,0;0,0;0,0;1584,0;2376,0;0,0;100,0;100,0;13,005211;0,097448
ADMIRAL;MONTEMURLO LABRIOLA;E1161;CALCIO | EUROPA - CHAMPIONS LEAGUE | UEFA Champions League 26/27 | VINCENTE | Real Madrid;8,0;8,0;8,0;0,125;6;6;1482,0;11856,0;1976,0;0;0;0;0;6;0;0;6;0;0;0,0;11856,0;0,0;0,0;1482,0;2371,2;0,0;100,0;100,0;12,978938;0,097252
ADMIRAL;MONTEMURLO LABRIOLA;E1371;CALCIO | ITALIA - II DIVISIONE | Serie B 2026 - 2027 | VINCENTE | Hellas Verona;4,0;3,5;5,0;0,257143;6;6;2900,0;11650,0;2500,0;0;0;0;0;6;0;0;6;0;0;0,0;11650,0;0,0;0,0;2995,714286;2330,0;0,0;100,0;100,0;12,753426;0,095562
ADMIRAL;MONTEMURLO LABRIOLA;E1160;CALCIO | EUROPA - CHAMPIONS LEAGUE | UEFA Champions League 26/27 | VINCENTE | PSG;6,0;6,0;6,0;0,166667;3;3;990,0;5940,0;1980,0;0;0;0;0;3;0;0;3;0;0;0,0;5940,0;0,0;0,0;990,0;1188,0;0,0;100,0;100,0;6,502605;0,048724
ADMIRAL;MONTEMURLO LABRIOLA;E1228;CALCIO | GERMANIA - II DIVISIONE | Bundesliga II 2026/27 | VINCENTE | Wolfsburg;2,8;2,8;2,8;0,357143;3;3;2100,0;5880,0;1960,0;0;0;0;0;3;0;0;3;0;0;0,0;5880,0;0,0;0,0;2100,0;1176,0;0,0;100,0;100,0;6,436923;0,048232
ADMIRAL;MONTEMURLO LABRIOLA;E1227;CALCIO | GERMANIA - II DIVISIONE | Bundesliga II 2026/27 | VINCENTE | Heidenheim;10,0;10,0;10,0;0,1;3;3;588,0;5880,0;1960,0;0;0;0;0;3;0;0;3;0;0;0,0;5880,0;0,0;0,0;588,0;1176,0;0,0;100,0;100,0;6,436923;0,048232
ADMIRAL;MONTEMURLO LABRIOLA;E1264;CALCIO | INGHILTERRA - II DIVISIONE | Championship 2026/27 | VINCENTE | West Ham;3,25;3,25;3,25;0,307692;3;3;1800,0;5850,0;1950,0;0;0;0;0;3;0;0;3;0;0;0,0;5850,0;0,0;0,0;1800,0;1170,0;0,0;100,0;100,0;6,404081;0,047986
ADMIRAL;MONTEMURLO LABRIOLA;E1265;CALCIO | INGHILTERRA - II DIVISIONE | Championship 2026/27 | VINCENTE | Wolverhampton;6,5;6,5;6,5;0,153846;3;3;900,0;5850,0;1950,0;0;0;0;0;3;0;0;3;0;0;0,0;5850,0;0,0;0,0;900,0;1170,0;0,0;100,0;100,0;6,404081;0,047986
ADMIRAL;MONTEMURLO LABRIOLA;E1352;CALCIO | ITALIA - I DIVISIONE | Serie A 2026/27 | VINCENTE | Fiorentina;85,0;80,0;100,0;0,011875;4;4;57,0;4600,0;1600,0;0;0;0;0;4;0;0;4;0;0;0,0;4600,0;0,0;0,0;54,625;920,0;0,0;100,0;100,0;5,035688;0,037733
ADMIRAL;MONTEMURLO LABRIOLA;E1123;CALCIO | BRASILE - I DIVISIONE | Brasile A 2026 | VINCENTE | Fluminense;10,0;10,0;10,0;0,1;1;1;450,0;4500,0;4500,0;0;0;0;0;1;0;0;1;0;0;0,0;4500,0;0,0;0,0;450,0;900,0;0,0;100,0;100,0;4,926216;0,036912
ADMIRAL;MONTEMURLO LABRIOLA;E1254;CALCIO | INGHILTERRA - I DIVISIONE | Premier League 26/27 | VINCENTE | Chelsea;10,0;10,0;10,0;0,1;2;2;6,0;3100,0;2250,0;0;0;0;0;2;0;0;2;0;0;0,0;3100,0;0,0;0,0;310,0;620,0;0,0;100,0;100,0;3,393616;0,025428
ADMIRAL;MONTEMURLO LABRIOLA;E1224;CALCIO | GERMANIA - I DIVISIONE | Bundesliga 2026/2027 | VINCENTE | Bayer Leverkusen;16,0;15,0;17,0;0,062745;2;2;6,0;3100,0;2250,0;0;0;0;0;2;0;0;2;0;0;0,0;3100,0;0,0;0,0;194,509804;620,0;0,0;100,0;100,0;3,393616;0,025428
ADMIRAL;MONTEMURLO LABRIOLA;E1583;CALCIO | SVEZIA - I DIVISIONE | Allsvenskanliga 2026 | VINCENTE | Hammarby;3,0;3,0;3,0;0,333333;1;1;1000,0;3000,0;3000,0;0;0;0;0;1;0;0;1;0;0;0,0;3000,0;0,0;0,0;1000,0;600,0;0,0;100,0;100,0;3,284144;0,024608
ADMIRAL;MONTEMURLO LABRIOLA;E1582;CALCIO | SVEZIA - I DIVISIONE | Allsvenskanliga 2026 | VINCENTE | Djurgarden;6,0;6,0;6,0;0,166667;1;1;500,0;3000,0;3000,0;0;0;0;0;1;0;0;1;0;0;0,0;3000,0;0,0;0,0;500,0;600,0;0,0;100,0;100,0;3,284144;0,024608
ADMIRAL;MONTEMURLO LABRIOLA;E1124;CALCIO | BRASILE - I DIVISIONE | Brasile A 2026 | VINCENTE | Palmeiras;4,5;4,5;4,5;0,222222;2;2;666,0;2997,0;1498,5;0;0;0;0;2;0;0;2;0;0;0,0;2997,0;0,0;0,0;666,0;599,4;0,0;100,0;100,0;3,28086;0,024584
ADMIRAL;MONTEMURLO LABRIOLA;E1131;CALCIO | DANIMARCA - I DIVISIONE | Superligaen 2026/27 | VINCENTE | Brondby;15,0;15,0;15,0;0,066667;1;1;1,0;2250,0;2250,0;0;0;0;0;1;0;0;1;0;0;0,0;2250,0;0,0;0,0;150,0;450,0;0,0;100,0;100,0;2,463108;0,018456
ADMIRAL;MONTEMURLO LABRIOLA;E1359;CALCIO | ITALIA - I DIVISIONE | Serie A 2026/27 | VINCENTE | Roma;15,0;15,0;15,0;0,066667;1;1;1,0;15,0;15,0;0;0;0;0;1;0;0;1;0;0;0,0;15,0;0,0;0,0;1,0;3,0;0,0;100,0;100,0;0,016421;0,000123
ADMIRAL;MONTESARCHIO SAN GIOVANNI;E1370;CALCIO | ITALIA - II DIVISIONE | Serie B 2026 - 2027 | VINCENTE | Empoli Fc;20,0;20,0;20,0;0,05;1;1;2,0;40,0;40,0;0;0;0;0;1;0;0;1;0;0;0,0;40,0;0,0;0,0;2,0;8,0;0,0;100,0;100,0;64,516129;0,000328
ADMIRAL;MONTESARCHIO SAN GIOVANNI;E1286;CALCIO | ITALIA - COPPA | Coppa Italia 2026/2027 | VINCENTE | Milan;6,0;6,0;6,0;0,166667;1;1;2,0;12,0;12,0;0;0;0;0;1;0;0;1;0;0;0,0;12,0;0,0;0,0;2,0;2,4;0,0;100,0;100,0;19,354839;9,8e-05
ADMIRAL;MONTESARCHIO SAN GIOVANNI;E1359;CALCIO | ITALIA - I DIVISIONE | Serie A 2026/27 | VINCENTE | Roma;10,0;10,0;10,0;0,1;1;1;1,0;10,0;10,0;0;0;0;0;1;0;0;1;0;0;0,0;10,0;0,0;0,0;1,0;2,0;0,0;100,0;100,0;16,129032;8,2e-05
ADMIRAL;PARMA LEPIDO;E1541;CALCIO | SCOZIA - I DIVISIONE | Premiership 2026/27 | VINCENTE | Celtic;1,4;1,4;1,4;0,714286;6;6;1784,0;20820,24;5670,0;0;0;0;0;6;0;0;6;0;0;0,0;20820,24;0,0;0,0;14871,6;4164,048;0,0;100,0;100,0;23,046989;0,170783
ADMIRAL;PARMA LEPIDO;E1539;CALCIO | REP. CECA- I DIVISIONE | 1 Liga 2026/27 | VINCENTE | Slavia Praga;1,5;1,5;1,5;0,666667;6;6;1784,0;20820,24;5670,0;0;0;0;0;6;0;0;6;0;0;0,0;20820,24;0,0;0,0;13880,16;4164,048;0,0;100,0;100,0;23,046989;0,170783
ADMIRAL;PARMA LEPIDO;E1353;CALCIO | ITALIA - I DIVISIONE | Serie A 2026/27 | VINCENTE | Inter;2,0;2,0;2,0;0,5;6;6;1784,0;20820,24;5670,0;0;0;0;0;6;0;0;6;0;0;0,0;20820,24;0,0;0,0;10410,12;4164,048;0,0;100,0;100,0;23,046989;0,170783
ADMIRAL;PARMA LEPIDO;E1596;CALCIO | TURCHIA - I DIVISIONE | Super Lig 2026/27 | VINCENTE | Fenerbahce;2,7;2,7;2,7;0,37037;6;6;1784,0;20820,24;5670,0;0;0;0;0;6;0;0;6;0;0;0,0;20820,24;0,0;0,0;7711,2;4164,048;0,0;100,0;100,0;23,046989;0,170783
ADMIRAL;PARMA LEPIDO;E1225;CALCIO | GERMANIA - I DIVISIONE | Bundesliga 2026/2027 | VINCENTE | Bayern Monaco;1,13;1,13;1,13;0,884956;2;2;400,0;5125,68;2562,84;0;0;0;0;2;0;0;2;0;0;0,0;5125,68;0,0;0,0;4536,0;1025,136;0,0;100,0;100,0;5,673878;0,042045
ADMIRAL;PARMA LEPIDO;E1251;CALCIO | INGHILTERRA - I DIVISIONE | Premier League 26/27 | T/T | 2;1,55;1,55;1,55;0,645161;1;1;70,0;473,86;473,86;0;0;0;0;1;0;0;1;0;0;0,0;473,86;0,0;0,0;305,716129;94,772;0,0;100,0;100,0;0,52454;0,003887
ADMIRAL;PARMA LEPIDO;E1343;CALCIO | ITALIA - I DIVISIONE | Serie A 2026/27 | T/T | 1;1,65;1,65;1,65;0,606061;1;1;70,0;473,86;473,86;0;0;0;0;1;0;0;1;0;0;0,0;473,86;0,0;0,0;287,187879;94,772;0,0;100,0;100,0;0,52454;0,003887
ADMIRAL;PARMA LEPIDO;E1344;CALCIO | ITALIA - I DIVISIONE | Serie A 2026/27 | T/T | 2;1,73;1,73;1,73;0,578035;1;1;70,0;473,86;473,86;0;0;0;0;1;0;0;1;0;0;0,0;473,86;0,0;0,0;273,907514;94,772;0,0;100,0;100,0;0,52454;0,003887
ADMIRAL;PARMA LEPIDO;E1373;CALCIO | ITALIA - II DIVISIONE | Serie B 2026 - 2027 | VINCENTE | Palermo;3,0;3,0;3,0;0,333333;3;3;60,0;330,0;162,0;0;0;0;0;3;0;0;3;0;0;0,0;330,0;0,0;0,0;110,0;66,0;0,0;100,0;100,0;0,365294;0,002707
ADMIRAL;PARMA LEPIDO;E1354;CALCIO | ITALIA - I DIVISIONE | Serie A 2026/27 | VINCENTE | Juventus;6,0;6,0;6,0;0,166667;2;2;10,0;180,0;162,0;0;0;0;0;2;0;0;2;0;0;0,0;180,0;0,0;0,0;30,0;36,0;0,0;100,0;100,0;0,199251;0,001476
ADMIRAL;PERO CURIEL;E1353;CALCIO | ITALIA - I DIVISIONE | Serie A 2026/27 | VINCENTE | Inter;1,966667;1,9;2,0;0,508772;3;3;107,6;789,45;498,9;0;0;0;0;3;0;0;3;0;0;0,0;789,45;0,0;0,0;401,65;157,89;0,0;100,0;100,0;8,737445;0,006476
ADMIRAL;PERO CURIEL;E1571;CALCIO | SPAGNA - I DIVISIONE | Liga 2026/2027 | VINCENTE | Real Madrid;2,125;2,1;2,15;0,470653;2;2;7,6;599,45;498,9;0;0;0;0;2;0;0;2;0;0;0,0;599,45;0,0;0,0;282,133167;119,89;0,0;100,0;100,0;6,63457;0,004917
ADMIRAL;PERO CURIEL;E1109;CALCIO | AUSTRIA - I DIVISIONE | Bundesliga (AUT) 2026/27 | VINCENTE | FC Salisburgo;2,0;2,0;2,0;0,5;1;1;2,6;498,9;498,9;0;0;0;0;1;0;0;1;0;0;0,0;498,9;0,0;0,0;249,45;99,78;0,0;100,0;100,0;5,521707;0,004092
ADMIRAL;PERO CURIEL;E1597;CALCIO | TURCHIA - I DIVISIONE | Super Lig 2026/27 | VINCENTE | Galatasaray;2,1;2,1;2,1;0,47619;1;1;2,6;498,9;498,9;0;0;0;0;1;0;0;1;0;0;0,0;498,9;0,0;0,0;237,571429;99,78;0,0;100,0;100,0;5,521707;0,004092
ADMIRAL;PERO CURIEL;E1116;CALCIO | BELGIO - I DIVISIONE | Belgio Jupiler Pro League 2026/27 | VINCENTE | Club Bruges;2,5;2,5;2,5;0,4;1;1;2,6;498,9;498,9;0;0;0;0;1;0;0;1;0;0;0,0;498,9;0,0;0,0;199,56;99,78;0,0;100,0;100,0;5,521707;0,004092
ADMIRAL;PERO CURIEL;E1245;CALCIO | INGHILTERRA - I DIVISIONE | Premier League 2026/27 - Prima Alla 5 giornata | VINCENTE | Manchester City;4,25;4,25;4,25;0,235294;1;1;2,6;498,9;498,9;0;0;0;0;1;0;0;1;0;0;0,0;498,9;0,0;0,0;117,388235;99,78;0,0;100,0;100,0;5,521707;0,004092
ADMIRAL;PERO CURIEL;E1444;CALCIO | MONDO - MONDIALI | Mondiale 2026 Gruppo H | VINCENTE | Spagna;1,2;1,2;1,2;0,833333;1;1;1,0;372,05;372,05;0;0;0;0;1;0;0;1;0;0;0,0;372,05;0,0;0,0;310,041667;74,41;0,0;100,0;100,0;4,117761;0,003052
ADMIRAL;PERO CURIEL;E1439;CALCIO | MONDO - MONDIALI | Mondiale 2026 Gruppo E | VINCENTE | Germania;1,26;1,26;1,26;0,793651;1;1;1,0;372,05;372,05;0;0;0;0;1;0;0;1;0;0;0,0;372,05;0,0;0,0;295,277778;74,41;0,0;100,0;100,0;4,117761;0,003052
ADMIRAL;PERO CURIEL;E1449;CALCIO | MONDO - MONDIALI | Mondiale 2026 Gruppo L | VINCENTE | Inghilterra;1,26;1,26;1,26;0,793651;1;1;1,0;372,05;372,05;0;0;0;0;1;0;0;1;0;0;0,0;372,05;0,0;0,0;295,277778;74,41;0,0;100,0;100,0;4,117761;0,003052
ADMIRAL;PERO CURIEL;E1215;CALCIO | GERMANIA - COPPA DFB POKAL | Bayern Monaco - Stoccarda | ESITO FINALE 1X2 | 1;1,32;1,32;1,32;0,757576;1;1;1,0;372,05;372,05;0;0;0;0;1;0;1;0;1;1;0,0;372,05;0,0;0,0;281,856061;74,41;0,0;100,0;0,0;4,117761;0,003052
ADMIRAL;PERO CURIEL;E1446;CALCIO | MONDO - MONDIALI | Mondiale 2026 Gruppo J | VINCENTE | Argentina;1,32;1,32;1,32;0,757576;1;1;1,0;372,05;372,05;0;0;0;0;1;0;0;1;0;0;0,0;372,05;0,0;0,0;281,856061;74,41;0,0;100,0;100,0;4,117761;0,003052
ADMIRAL;PERO CURIEL;E1291;CALCIO | ITALIA - COPPA | Lazio - Inter | VINCENTE | 2;1,35;1,35;1,35;0,740741;1;1;1,0;372,05;372,05;0;0;0;0;1;0;0;1;0;0;0,0;372,05;0,0;0,0;275,592593;74,41;0,0;100,0;100,0;4,117761;0,003052
ADMIRAL;PERO CURIEL;E1442;CALCIO | MONDO - MONDIALI | Mondiale 2026 Gruppo G | VINCENTE | Belgio;1,35;1,35;1,35;0,740741;1;1;1,0;372,05;372,05;0;0;0;0;1;0;0;1;0;0;0,0;372,05;0,0;0,0;275,592593;74,41;0,0;100,0;100,0;4,117761;0,003052
ADMIRAL;PERO CURIEL;E1445;CALCIO | MONDO - MONDIALI | Mondiale 2026 Gruppo I | VINCENTE | Francia;1,4;1,4;1,4;0,714286;1;1;1,0;372,05;372,05;0;0;0;0;1;0;0;1;0;0;0,0;372,05;0,0;0,0;265,75;74,41;0,0;100,0;100,0;4,117761;0,003052
ADMIRAL;PERO CURIEL;E1162;CALCIO | EUROPA - CONFERENCE LEAGUE | Conference League 2025/26 | VINCENTE | Crystal Palace;1,6;1,6;1,6;0,625;1;1;1,0;372,05;372,05;0;0;0;0;1;0;0;1;0;0;0,0;372,05;0,0;0,0;232,53125;74,41;0,0;100,0;100,0;4,117761;0,003052
ADMIRAL;PERO CURIEL;E1195;CALCIO | FRANCIA - COPPA | Lens - Nizza | ESITO FINALE 1X2 | 1;1,7;1,7;1,7;0,588235;1;1;1,0;372,05;372,05;0;0;0;0;1;0;1;0;1;1;0,0;372,05;0,0;0,0;218,852941;74,41;0,0;100,0;0,0;4,117761;0,003052
ADMIRAL;PERO CURIEL;E1440;CALCIO | MONDO - MONDIALI | Mondiale 2026 Gruppo F | VINCENTE | Paesi Bassi;1,7;1,7;1,7;0,588235;1;1;1,0;372,05;372,05;0;0;0;0;1;0;0;1;0;0;0,0;372,05;0,0;0,0;218,852941;74,41;0,0;100,0;100,0;4,117761;0,003052
ADMIRAL;PERO CURIEL;E1436;CALCIO | MONDO - MONDIALI | Mondiale 2026 Gruppo B | VINCENTE | Svizzera;1,9;1,9;1,9;0,526316;1;1;1,0;372,05;372,05;0;0;0;0;1;0;0;1;0;0;0,0;372,05;0,0;0,0;195,815789;74,41;0,0;100,0;100,0;4,117761;0,003052
ADMIRAL;PERO CURIEL;E1124;CALCIO | BRASILE - I DIVISIONE | Brasile A 2026 | VINCENTE | Palmeiras;2,0;2,0;2,0;0,5;1;1;1,0;372,05;372,05;0;0;0;0;1;0;0;1;0;0;0,0;372,05;0,0;0,0;186,025;74,41;0,0;100,0;100,0;4,117761;0,003052
ADMIRAL;PERO CURIEL;E1167;CALCIO | EUROPA - EUROPA LEAGUE | Europa League 2025/26 | VINCENTE | Aston Villa;2,5;2,5;2,5;0,4;1;1;1,0;372,05;372,05;0;0;0;0;1;0;0;1;0;0;0,0;372,05;0,0;0,0;148,82;74,41;0,0;100,0;100,0;4,117761;0,003052
ADMIRAL;PESCANTINA BRENNERO;E979;AUTOMOBILISMO | MONDO - CAMPIONATO FORMULA 1 | Formula 1 Mondiale Piloti 2026 | VINCENTE | Hamilton L.;40,0;40,0;40,0;0,025;1;1;2,0;40,0;40,0;0;0;0;0;1;0;0;1;0;0;0,0;40,0;0,0;0,0;1,0;8,0;0,0;100,0;100,0;50,0;0,000328
ADMIRAL;PESCANTINA BRENNERO;E980;AUTOMOBILISMO | MONDO - CAMPIONATO FORMULA 1 | Formula 1 Mondiale Piloti 2026 | VINCENTE | Leclerc C.;40,0;40,0;40,0;0,025;1;1;2,0;40,0;40,0;0;0;0;0;1;0;0;1;0;0;0,0;40,0;0,0;0,0;1,0;8,0;0,0;100,0;100,0;50,0;0,000328
ADMIRAL;PESCARA PEPE;E1359;CALCIO | ITALIA - I DIVISIONE | Serie A 2026/27 | VINCENTE | Roma;10,0;10,0;10,0;0,1;1;1;100,0;1000,0;1000,0;0;0;0;0;1;0;0;1;0;0;0,0;1000,0;0,0;0,0;100,0;200,0;0,0;100,0;100,0;53,050398;0,008203
ADMIRAL;PESCARA PEPE;E1258;CALCIO | INGHILTERRA - I DIVISIONE | Premier League 26/27 | VINCENTE | Tottenham;23,75;20,0;25,0;0,0425;4;4;11,2;520,0;300,0;0;0;0;0;4;0;0;4;0;0;0,0;520,0;0,0;0,0;22,1;104,0;0,0;100,0;100,0;27,586207;0,004265
ADMIRAL;PESCARA PEPE;E1354;CALCIO | ITALIA - I DIVISIONE | Serie A 2026/27 | VINCENTE | Juventus;6,0;6,0;6,0;0,166667;1;1;2,0;300,0;300,0;0;0;0;0;1;0;0;1;0;0;0,0;300,0;0,0;0,0;50,0;60,0;0,0;100,0;100,0;15,915119;0,002461
ADMIRAL;PESCARA PEPE;E1356;CALCIO | ITALIA - I DIVISIONE | Serie A 2026/27 | VINCENTE | Milan;6,5;6,5;6,5;0,153846;1;1;10,0;65,0;65,0;0;0;0;0;1;0;0;1;0;0;0,0;65,0;0,0;0,0;10,0;13,0;0,0;100,0;100,0;3,448276;0,000533
ADMIRAL;PIACENZA I MAGGIO;E1518;CALCIO | PALLONE D'ORO FIFA | Pallone D oro 2026 | VINCENTE | Harry Kane;3,25;3,25;3,25;0,307692;1;1;3,0;58,5;58,5;0;0;0;0;1;0;0;1;0;0;0,0;58,5;0,0;0,0;18,0;11,7;0,0;100,0;100,0;50,0;0,00048
ADMIRAL;PIACENZA I MAGGIO;E1357;CALCIO | ITALIA - I DIVISIONE | Serie A 2026/27 | VINCENTE | Napoli;6,0;6,0;6,0;0,166667;1;1;3,0;58,5;58,5;0;0;0;0;1;0;0;1;0;0;0,0;58,5;0,0;0,0;9,75;11,7;0,0;100,0;100,0;50,0;0,00048
ADMIRAL;POGGIBONSI TRENTO;E1539;CALCIO | REP. CECA- I DIVISIONE | 1 Liga 2026/27 | VINCENTE | Slavia Praga;1,58;1,5;1,65;0,634185;6;6;7,4;124870,3;35855,58;0;0;0;0;6;0;0;6;0;0;0,0;124870,3;0,0;0,0;79190,869598;24974,06;0,0;100,0;100,0;8,549506;1,024278
ADMIRAL;POGGIBONSI TRENTO;E1234;CALCIO | GRECIA - I DIVISIONE | Super League 1 2026/27 | VINCENTE | AEK Atene;3,0;3,0;3,0;0,333333;6;6;7,4;124870,3;35855,58;0;0;0;0;6;0;0;6;0;0;0,0;124870,3;0,0;0,0;41623,433333;24974,06;0,0;100,0;100,0;8,549506;1,024278
ADMIRAL;POGGIBONSI TRENTO;E1541;CALCIO | SCOZIA - I DIVISIONE | Premiership 2026/27 | VINCENTE | Celtic;1,683333;1,4;1,8;0,59835;6;6;8,4;89590,47;35855,58;0;0;0;0;6;0;0;6;0;0;0,0;89590,47;0,0;0,0;53606,498156;17918,094;0,0;100,0;100,0;6,133999;0,734887
ADMIRAL;POGGIBONSI TRENTO;E1160;CALCIO | EUROPA - CHAMPIONS LEAGUE | UEFA Champions League 26/27 | VINCENTE | PSG;6,0;6,0;6,0;0,166667;4;4;4,0;88405,09;35855,58;0;0;0;0;4;0;0;4;0;0;0,0;88405,09;0,0;0,0;14734,181667;17681,018;0,0;100,0;100,0;6,052839;0,725163
ADMIRAL;POGGIBONSI TRENTO;E1509;CALCIO | OLANDA - I DIVISIONE | Eredivisie 2026/27 | VINCENTE | PSV;1,7125;1,65;1,9;0,586124;4;4;5,4;86931,93;35855,58;0;0;0;0;4;0;0;4;0;0;0,0;86931,93;0,0;0,0;50952,925478;17386,386;0,0;100,0;100,0;5,951976;0,713079
ADMIRAL;POGGIBONSI TRENTO;E1116;CALCIO | BELGIO - I DIVISIONE | Belgio Jupiler Pro League 2026/27 | VINCENTE | Club Bruges;2,4625;2,25;2,6;0,407265;4;4;5,4;86931,93;35855,58;0;0;0;0;4;0;0;4;0;0;0,0;86931,93;0,0;0,0;35404,328756;17386,386;0,0;100,0;100,0;5,951976;0,713079
ADMIRAL;POGGIBONSI TRENTO;E1535;CALCIO | PORTOGALLO - I DIVISIONE | Primera Liga 2026/27 | VINCENTE | Porto;2,666667;2,5;2,75;0,375758;3;3;3,0;81778,88;35855,58;0;0;0;0;3;0;0;3;0;0;0,0;81778,88;0,0;0,0;30729,033697;16355,776;0,0;100,0;100,0;5,599162;0,67081
ADMIRAL;POGGIBONSI TRENTO;E1282;CALCIO | ITALIA - COPPA | Coppa Italia 2026/2027 | VINCENTE | Como;9,666667;9,0;11,0;0,104377;3;3;3,0;69250,53;33078,37;0;0;0;0;3;0;0;3;0;0;0,0;69250,53;0,0;0,0;7228,169798;13850,106;0,0;100,0;100,0;4,741382;0,568044
ADMIRAL;POGGIBONSI TRENTO;E1571;CALCIO | SPAGNA - I DIVISIONE | Liga 2026/2027 | VINCENTE | Real Madrid;2,133333;2,1;2,15;0,468808;6;6;11,4;65814,81;35855,58;0;0;0;0;6;0;0;6;0;0;0,0;65814,81;0,0;0,0;30854,488261;13162,962;0,0;100,0;100,0;4,506149;0,539861
ADMIRAL;POGGIBONSI TRENTO;E1573;CALCIO | SPAGNA - I DIVISIONE | Liga 2026/27 Senza Real Madrid e Barcellona | VINCENTE SENZA SQUADRE X Y I.A. 5 | Atletico Madrid;1,65;1,65;1,65;0,606061;2;2;2,0;64390,53;33078,37;0;0;0;0;2;0;0;2;0;0;0,0;64390,53;0,0;0,0;39024,563636;12878,106;0,0;100,0;100,0;4,408632;0,528178
ADMIRAL;POGGIBONSI TRENTO;E1357;CALCIO | ITALIA - I DIVISIONE | Serie A 2026/27 | VINCENTE | Napoli;5,5625;5,5;6,0;0,179924;8;8;19,8;57009,57;35855,58;0;0;0;0;8;0;0;8;0;0;0,0;57009,57;0,0;0,0;10257,403693;11401,914;0,0;100,0;100,0;3,903279;0,467634
ADMIRAL;POGGIBONSI TRENTO;E1144;CALCIO | EUROPA - CAMPIONATI EUROPEI | Europei 2028 | VINCENTE | Spagna;5,0;5,0;5,0;0,2;1;1;1,0;35855,58;35855,58;0;0;0;0;1;0;0;1;0;0;0,0;35855,58;0,0;0,0;7171,116;7171,116;0,0;100,0;100,0;2,454927;0,294114
ADMIRAL;POGGIBONSI TRENTO;E1351;CALCIO | ITALIA - I DIVISIONE | Serie A 2026/27 | VINCENTE | Como;33,25;33,0;35,0;0,030087;8;8;30,4;35389,89;33078,37;0;0;0;0;8;0;0;8;0;0;0,0;35389,89;0,0;0,0;1064,76076;7077,978;0,0;100,0;100,0;2,423043;0,290294
ADMIRAL;POGGIBONSI TRENTO;E1255;CALCIO | INGHILTERRA - I DIVISIONE | Premier League 26/27 | VINCENTE | Liverpool;6,625;6,0;7,0;0,151557;4;4;4,0;35175,27;16350,75;0;0;0;0;4;0;0;4;0;0;0,0;35175,27;0,0;0,0;5331,050536;7035,054;0,0;100,0;100,0;2,408348;0,288533
ADMIRAL;POGGIBONSI TRENTO;E1220;CALCIO | GERMANIA - I DIVISIONE | Bundesliga 2026/2027 Senza Bayern Monaco | VINCENTE SENZA SQUADRA X I.A.5 | Borussia Dortmund;2,5;2,5;2,5;0,4;1;1;1,0;33078,37;33078,37;0;0;0;0;1;0;0;1;0;0;0,0;33078,37;0,0;0,0;13231,348;6615,674;0,0;100,0;100,0;2,26478;0,271333
ADMIRAL;POGGIBONSI TRENTO;E1334;CALCIO | ITALIA - I DIVISIONE | Serie A 2026/27 | ACCOPPIATA IN ORDINE FINALE INFO AGG | Roma - Inter;16,0;16,0;16,0;0,0625;2;2;6,2;31412,16;31312,16;0;0;0;0;2;0;0;2;0;0;0,0;31412,16;0,0;0,0;1963,26;6282,432;0,0;100,0;100,0;2,150699;0,257666
ADMIRAL;POGGIBONSI TRENTO;E1499;CALCIO | NORVEGIA - I DIVISIONE | Eliteserien 2026 | VINCENTE | Bodo/Glimt;1,57;1,57;1,57;0,636943;1;1;1,0;31312,16;31312,16;0;0;0;0;1;0;0;1;0;0;0,0;31312,16;0,0;0,0;19944,050955;6262,432;0,0;100,0;100,0;2,143852;0,256845
ADMIRAL;POGGIBONSI TRENTO;E1572;CALCIO | SPAGNA - I DIVISIONE | Liga 2026/2027 | VINCENTE | Siviglia;250,0;250,0;250,0;0,004;2;2;4,0;29250,0;18750,0;0;0;0;0;2;0;0;2;0;0;0,0;29250,0;0,0;0,0;117,0;5850,0;0,0;100,0;100,0;2,002662;0,23993
ADMIRAL;POGGIBONSI TRENTO;E1264;CALCIO | INGHILTERRA - II DIVISIONE | Championship 2026/27 | VINCENTE | West Ham;3,25;3,25;3,25;0,307692;5;5;8,0;23339,61;16350,75;0;0;0;0;5;0;0;5;0;0;0,0;23339,61;0,0;0,0;7181,418462;4667,922;0,0;100,0;100,0;1,597995;0,191449
ADMIRAL;POGGIBONSI TRENTO;E1269;CALCIO | INGHILTERRA - IV DIVISIONE | League Two 2026/2027 | VINCENTE | Barnet;10,0;10,0;10,0;0,1;5;5;8,0;23339,61;16350,75;0;0;0;0;5;0;0;5;0;0;0,0;23339,61;0,0;0,0;2333,961;4667,922;0,0;100,0;100,0;1,597995;0,191449
ADMIRAL;PORTO VIRO ROSSINI;E1205;CALCIO | FRANCIA - I DIVISIONE | Ligue 1 2026/27 Senza PSG | VINCENTE SENZA SQUADRA X I.A.5 | Monaco;4,5;4,5;4,5;0,222222;1;1;2,4;13585,97;13585,97;0;0;0;0;1;0;0;1;0;0;0,0;13585,97;0,0;0,0;3019,104444;2717,194;0,0;100,0;100,0;19,877103;0,111442
ADMIRAL;PORTO VIRO ROSSINI;E1359;CALCIO | ITALIA - I DIVISIONE | Serie A 2026/27 | VINCENTE | Roma;8,0;8,0;8,0;0,125;1;1;2,4;13585,97;13585,97;0;0;0;0;1;0;0;1;0;0;0,0;13585,97;0,0;0,0;1698,24625;2717,194;0,0;100,0;100,0;19,877103;0,111442
ADMIRAL;PORTO VIRO ROSSINI;E1247;CALCIO | INGHILTERRA - I DIVISIONE | Premier League 2026/27 - Prima Alla 5 giornata | VINCENTE | Tottenham;9,5;9,5;9,5;0,105263;1;1;2,4;13585,97;13585,97;0;0;0;0;1;0;0;1;0;0;0,0;13585,97;0,0;0,0;1430,102105;2717,194;0,0;100,0;100,0;19,877103;0,111442
ADMIRAL;PORTO VIRO ROSSINI;E1226;CALCIO | GERMANIA - I DIVISIONE | Bundesliga 2026/2027 | VINCENTE | Borussia Dortmund;10,0;10,0;10,0;0,1;1;1;2,4;13585,97;13585,97;0;0;0;0;1;0;0;1;0;0;0,0;13585,97;0,0;0,0;1358,597;2717,194;0,0;100,0;100,0;19,877103;0,111442
ADMIRAL;PORTO VIRO ROSSINI;E1569;CALCIO | SPAGNA - I DIVISIONE | Liga 2026/2027 | VINCENTE | Atletico Madrid;15,0;15,0;15,0;0,066667;1;1;2,4;13585,97;13585,97;0;0;0;0;1;0;0;1;0;0;0,0;13585,97;0,0;0,0;905,731333;2717,194;0,0;100,0;100,0;19,877103;0,111442
ADMIRAL;PORTO VIRO ROSSINI;E1516;CALCIO | PALLONE D'ORO FIFA | Pallone D oro 2026 | VINCENTE | Fabian Ruiz;17,0;17,0;17,0;0,058824;1;1;15,0;255,0;255,0;0;0;0;0;1;0;0;1;0;0;0,0;255,0;0,0;0,0;15,0;51,0;0,0;100,0;100,0;0,373081;0,002092
ADMIRAL;PORTO VIRO ROSSINI;E1515;CALCIO | PALLONE D'ORO FIFA | Pallone D oro 2026 | VINCENTE | Erling Haaland;30,0;30,0;30,0;0,033333;1;1;4,0;60,0;60,0;0;0;0;0;1;0;0;1;0;0;0,0;60,0;0,0;0,0;2,0;12,0;0,0;100,0;100,0;0,087784;0,000492
ADMIRAL;PORTO VIRO ROSSINI;E1520;CALCIO | PALLONE D'ORO FIFA | Pallone D oro 2026 | VINCENTE | Khvicha Kvaratskhelia;30,0;30,0;30,0;0,033333;1;1;4,0;60,0;60,0;0;0;0;0;1;0;0;1;0;0;0,0;60,0;0,0;0,0;2,0;12,0;0,0;100,0;100,0;0,087784;0,000492
ADMIRAL;PORTO VIRO ROSSINI;E982;AUTOMOBILISMO | MONDO - CAMPIONATO FORMULA 1 | Formula 1 Mondiale Piloti 2026 | VINCENTE | Piastri O.;15,0;15,0;15,0;0,066667;1;1;3,0;45,0;45,0;0;0;0;0;1;0;0;1;0;0;0,0;45,0;0,0;0,0;3,0;9,0;0,0;100,0;100,0;0,065838;0,000369
ADMIRAL;RIGNANO FLAMINIO FLAMINIA;E1359;CALCIO | ITALIA - I DIVISIONE | Serie A 2026/27 | VINCENTE | Roma;10,0;10,0;10,0;0,1;1;1;20,0;200,0;200,0;0;0;0;0;1;0;0;1;0;0;0,0;200,0;0,0;0,0;20,0;40,0;0,0;100,0;100,0;100,0;0,001641
ADMIRAL;RIMINI ITALIA;E1571;CALCIO | SPAGNA - I DIVISIONE | Liga 2026/2027 | VINCENTE | Real Madrid;2,1;2,1;2,1;0,47619;4;4;12,0;30730,84;20866,83;0;0;0;0;4;0;0;4;0;0;0,0;30730,84;0,0;0,0;14633,733333;6146,168;0,0;100,0;100,0;9,475797;0,252077
ADMIRAL;RIMINI ITALIA;E1539;CALCIO | REP. CECA- I DIVISIONE | 1 Liga 2026/27 | VINCENTE | Slavia Praga;1,5;1,5;1,5;0,666667;2;2;2,0;30292,32;20866,83;0;0;0;0;2;0;0;2;0;0;0,0;30292,32;0,0;0,0;20194,88;6058,464;0,0;100,0;100,0;9,340581;0,24848
ADMIRAL;RIMINI ITALIA;E1509;CALCIO | OLANDA - I DIVISIONE | Eredivisie 2026/27 | VINCENTE | PSV;1,73;1,73;1,73;0,578035;2;2;2,0;30292,32;20866,83;0;0;0;0;2;0;0;2;0;0;0,0;30292,32;0,0;0,0;17510,011561;6058,464;0,0;100,0;100,0;9,340581;0,24848
ADMIRAL;RIMINI ITALIA;E1132;CALCIO | DANIMARCA - I DIVISIONE | Superligaen 2026/27 | VINCENTE | FC Copenhagen;2,2;2,2;2,2;0,454545;2;2;2,0;30292,32;20866,83;0;0;0;0;2;0;0;2;0;0;0,0;30292,32;0,0;0,0;13769,236364;6058,464;0,0;100,0;100,0;9,340581;0,24848
ADMIRAL;RIMINI ITALIA;E1116;CALCIO | BELGIO - I DIVISIONE | Belgio Jupiler Pro League 2026/27 | VINCENTE | Club Bruges;2,35;2,35;2,35;0,425532;2;2;2,0;30292,32;20866,83;0;0;0;0;2;0;0;2;0;0;0,0;30292,32;0,0;0,0;12890,348936;6058,464;0,0;100,0;100,0;9,340581;0,24848
ADMIRAL;RIMINI ITALIA;E1353;CALCIO | ITALIA - I DIVISIONE | Serie A 2026/27 | VINCENTE | Inter;2,0;2,0;2,0;0,5;3;3;89,0;21634,21;20866,83;0;0;0;0;3;0;0;3;0;0;0,0;21634,21;0,0;0,0;10817,105;4326,842;0,0;100,0;100,0;6,670868;0,17746
ADMIRAL;RIMINI ITALIA;E1257;CALCIO | INGHILTERRA - I DIVISIONE | Premier League 26/27 | VINCENTE | Man Utd;7,0;7,0;7,0;0,142857;2;2;2,0;21286,83;20866,83;0;0;0;0;2;0;0;2;0;0;0,0;21286,83;0,0;0,0;3040,975714;4257,366;0,0;100,0;100,0;6,563754;0,17461
ADMIRAL;RIMINI ITALIA;E1499;CALCIO | NORVEGIA - I DIVISIONE | Eliteserien 2026 | VINCENTE | Bodo/Glimt;1,9;1,9;1,9;0,526316;1;1;1,0;20866,83;20866,83;0;0;0;0;1;0;0;1;0;0;0,0;20866,83;0,0;0,0;10982,542105;4173,366;0,0;100,0;100,0;6,434248;0,171165
ADMIRAL;RIMINI ITALIA;E1235;CALCIO | GRECIA - I DIVISIONE | Super League 1 2026/27 | VINCENTE | Olympiakos;2,25;2,25;2,25;0,444444;1;1;1,0;20866,83;20866,83;0;0;0;0;1;0;0;1;0;0;0,0;20866,83;0,0;0,0;9274,146667;4173,366;0,0;100,0;100,0;6,434248;0,171165
ADMIRAL;RIMINI ITALIA;E1585;CALCIO | SVEZIA - II DIVISIONE | Superettan 2026 | VINCENTE | IFK Norrkoping;2,75;2,75;2,75;0,363636;1;1;1,0;20866,83;20866,83;0;0;0;0;1;0;0;1;0;0;0,0;20866,83;0,0;0,0;7587,938182;4173,366;0,0;100,0;100,0;6,434248;0,171165
ADMIRAL;RIMINI ITALIA;E1504;CALCIO | NORVEGIA - II DIVISIONE | Norvegia 2 -2026 | VINCENTE | Stabaek;4,5;4,5;4,5;0,222222;1;1;1,0;20866,83;20866,83;0;0;0;0;1;0;0;1;0;0;0,0;20866,83;0,0;0,0;4637,073333;4173,366;0,0;100,0;100,0;6,434248;0,171165
ADMIRAL;RIMINI ITALIA;E1356;CALCIO | ITALIA - I DIVISIONE | Serie A 2026/27 | VINCENTE | Milan;6,833333;6,5;7,5;0,147009;3;3;102,0;10495,49;9425,49;0;0;0;0;3;0;0;3;0;0;0,0;10495,49;0,0;0,0;1542,926735;2099,098;0,0;100,0;100,0;3,236265;0,086092
ADMIRAL;RIMINI ITALIA;E1501;CALCIO | NORVEGIA - I DIVISIONE | Eliteserien 2026 | VINCENTE | Viking;1,83;1,83;1,83;0,546448;1;1;1,0;9425,49;9425,49;0;0;0;0;1;0;0;1;0;0;0,0;9425,49;0,0;0,0;5150,540984;1885,098;0,0;100,0;100,0;2,906332;0,077315
ADMIRAL;RIMINI ITALIA;E1256;CALCIO | INGHILTERRA - I DIVISIONE | Premier League 26/27 | VINCENTE | Man City;3,75;3,75;3,75;0,266667;1;1;1,0;9425,49;9425,49;0;0;0;0;1;0;0;1;0;0;0,0;9425,49;0,0;0,0;2513,464;1885,098;0,0;100,0;100,0;2,906332;0,077315
ADMIRAL;RIMINI ITALIA;E1135;CALCIO | DANIMARCA - II DIVISIONE | Danimarca 2 2026/27 | VINCENTE | Esbjerg;7,5;7,5;7,5;0,133333;1;1;1,0;9425,49;9425,49;0;0;0;0;1;0;0;1;0;0;0,0;9425,49;0,0;0,0;1256,732;1885,098;0,0;100,0;100,0;2,906332;0,077315
ADMIRAL;RIMINI ITALIA;E1380;CALCIO | ITALIA - III DIVISIONE | Serie C - Girone A | VINCENTE | Union Brescia;1,7;1,7;1,7;0,588235;2;2;83,0;846,47;516,8;0;0;0;0;2;0;0;2;0;0;0,0;846,47;0,0;0,0;497,923529;169,294;0,0;100,0;100,0;0,261007;0,006943
ADMIRAL;RIMINI ITALIA;E1201;CALCIO | FRANCIA - I DIVISIONE | Ligue 1 2026/2027 | VINCENTE | PSG;1,13;1,13;1,13;0,884956;3;3;13,0;768,19;329,67;0;0;0;0;3;0;0;3;0;0;0,0;768,19;0,0;0,0;679,814159;153,638;0,0;100,0;100,0;0,23687;0,006301
ADMIRAL;RIMINI ITALIA;E1253;CALCIO | INGHILTERRA - I DIVISIONE | Premier League 26/27 | VINCENTE | Arsenal;2,5;2,5;2,5;0,4;3;3;13,0;768,19;329,67;0;0;0;0;3;0;0;3;0;0;0,0;768,19;0,0;0,0;307,276;153,638;0,0;100,0;100,0;0,23687;0,006301
ADMIRAL;RIMINI ITALIA;E1013;BASKET | ITALIA - I DIVISIONE | Lba 2026/27 | VINCENTE | Armani Olimpia Milano;1,9;1,9;1,9;0,526316;1;1;80,0;516,8;516,8;0;0;0;0;1;0;0;1;0;0;0,0;516,8;0,0;0,0;272,0;103,36;0,0;100,0;100,0;0,159354;0,004239
ADMIRAL;RIMINI ITALIA;E1168;CALCIO | EUROPA - SUPERCOPPA EUROPEA | Paris Saint-Germain - Aston Villa | 1X | 1X;1,2;1,2;1,2;0,833333;2;2;10,0;438,52;250,58;0;0;0;0;2;0;0;2;0;0;0,0;438,52;0,0;0,0;365,433333;87,704;0,0;100,0;100,0;0,135217;0,003597
ADMIRAL;ROMA CAPITOLINO;E1646;MOTOCICLISMO | MONDO - MOTOMONDIALE | Mondiale Moto3 2026 | VINCENTE | Quiles M.;1,85;1,85;1,85;0,540541;1;1;2,0;55,5;55,5;0;0;0;0;1;0;0;1;0;0;0,0;55,5;0,0;0,0;30,0;11,1;0,0;100,0;100,0;33,333333;0,000455
ADMIRAL;ROMA CAPITOLINO;E1650;MOTOCICLISMO | MONDO - MOTOMONDIALE | Mondiale Motogp 2026 | VINCENTE | Bezzecchi M.;3,0;3,0;3,0;0,333333;1;1;2,0;55,5;55,5;0;0;0;0;1;0;0;1;0;0;0,0;55,5;0,0;0,0;18,5;11,1;0,0;100,0;100,0;33,333333;0,000455
ADMIRAL;ROMA CAPITOLINO;E1638;MOTOCICLISMO | MONDO - MOTOMONDIALE | Mondiale Moto2 2026 | VINCENTE | Alonso D.;5,0;5,0;5,0;0,2;1;1;2,0;55,5;55,5;0;0;0;0;1;0;0;1;0;0;0,0;55,5;0,0;0,0;11,1;11,1;0,0;100,0;100,0;33,333333;0,000455
ADMIRAL;ROMA CAPRANESI;E984;AUTOMOBILISMO | MONDO - CAMPIONATO FORMULA 1 | Formula 1 Mondiale Piloti 2026 | VINCENTE | Verstappen M.;4,0;4,0;4,0;0,25;1;1;1,0;4,0;4,0;0;0;0;0;1;0;0;1;0;0;0,0;4,0;0,0;0,0;1,0;0,8;0,0;100,0;100,0;100,0;3,3e-05
ADMIRAL;ROMA CASILINA;E1570;CALCIO | SPAGNA - I DIVISIONE | Liga 2026/2027 | VINCENTE | Barcellona;1,776667;1,73;1,8;0,563049;3;3;1700,0;17840,58;7785,0;0;0;0;0;3;0;0;3;0;0;0,0;17840,58;0,0;0,0;10045,113552;3568,116;0,0;100,0;100,0;14,827101;0,146342
ADMIRAL;ROMA CASILINA;E1201;CALCIO | FRANCIA - I DIVISIONE | Ligue 1 2026/2027 | VINCENTE | PSG;1,13;1,13;1,13;0,884956;2;2;1500,0;10055,58;6703,72;0;0;0;0;2;0;0;2;0;0;0,0;10055,58;0,0;0,0;8898,743363;2011,116;0,0;100,0;100,0;8,357077;0,082483
ADMIRAL;ROMA CASILINA;E1225;CALCIO | GERMANIA - I DIVISIONE | Bundesliga 2026/2027 | VINCENTE | Bayern Monaco;1,13;1,13;1,13;0,884956;2;2;1500,0;10055,58;6703,72;0;0;0;0;2;0;0;2;0;0;0,0;10055,58;0,0;0,0;8898,743363;2011,116;0,0;100,0;100,0;8,357077;0,082483
ADMIRAL;ROMA CASILINA;E1353;CALCIO | ITALIA - I DIVISIONE | Serie A 2026/27 | VINCENTE | Inter;2,0;2,0;2,0;0,5;2;2;1500,0;10055,58;6703,72;0;0;0;0;2;0;0;2;0;0;0,0;10055,58;0,0;0,0;5027,79;2011,116;0,0;100,0;100,0;8,357077;0,082483
ADMIRAL;ROMA CASILINA;E1571;CALCIO | SPAGNA - I DIVISIONE | Liga 2026/2027 | VINCENTE | Real Madrid;2,1;2,1;2,1;0,47619;2;2;1500,0;10055,58;6703,72;0;0;0;0;2;0;0;2;0;0;0,0;10055,58;0,0;0,0;4788,371429;2011,116;0,0;100,0;100,0;8,357077;0,082483
ADMIRAL;ROMA CASILINA;E1245;CALCIO | INGHILTERRA - I DIVISIONE | Premier League 2026/27 - Prima Alla 5 giornata | VINCENTE | Manchester City;4,25;4,25;4,25;0,235294;2;2;1500,0;10055,58;6703,72;0;0;0;0;2;0;0;2;0;0;0,0;10055,58;0,0;0,0;2366,018824;2011,116;0,0;100,0;100,0;8,357077;0,082483
ADMIRAL;ROMA CASILINA;E1242;CALCIO | INGHILTERRA - I DIVISIONE | Premier League 2026/27 - Prima Alla 5 giornata | VINCENTE | Arsenal;5,0;5,0;5,0;0,2;2;2;1500,0;10055,58;6703,72;0;0;0;0;2;0;0;2;0;0;0,0;10055,58;0,0;0,0;2011,116;2011,116;0,0;100,0;100,0;8,357077;0,082483
ADMIRAL;ROMA CASILINA;E1359;CALCIO | ITALIA - I DIVISIONE | Serie A 2026/27 | VINCENTE | Roma;10,0;10,0;10,0;0,1;3;3;303,0;8815,0;7785,0;0;0;0;0;3;0;0;3;0;0;0,0;8815,0;0,0;0,0;881,5;1763,0;0,0;100,0;100,0;7,326045;0,072307
ADMIRAL;ROMA CASILINA;E1641;MOTOCICLISMO | MONDO - MOTOMONDIALE | Mondiale Moto2 2026 | VINCENTE | Sasaki A.;100,0;100,0;100,0;0,01;1;1;2,15;8100,0;8100,0;0;0;0;0;1;0;0;1;0;0;0,0;8100,0;0,0;0,0;81,0;1620,0;0,0;100,0;100,0;6,731817;0,066442
ADMIRAL;ROMA CASILINA;E1631;MOTOCICLISMO | MONDO - MONDIALE SUPERBIKE | Superbike - Vincente Mondiale 2026 | VINCENTE | Bassani A.;500,0;500,0;500,0;0,002;1;1;2,15;8100,0;8100,0;0;0;0;0;1;0;0;1;0;0;0,0;8100,0;0,0;0,0;16,2;1620,0;0,0;100,0;100,0;6,731817;0,066442
ADMIRAL;ROMA CASILINA;E1253;CALCIO | INGHILTERRA - I DIVISIONE | Premier League 26/27 | VINCENTE | Arsenal;2,25;2,25;2,25;0,444444;1;1;200,0;7785,0;7785,0;0;0;0;0;1;0;0;1;0;0;0,0;7785,0;0,0;0,0;3460,0;1557,0;0,0;100,0;100,0;6,470024;0,063858
ADMIRAL;ROMA CASILINA;E972;AUTOMOBILISMO | MONDO - CAMPIONATO FORMULA 1 | Formula 1 Mondiale Costruttori 2026 | VINCENTE | Mercedes;1,1;1,1;1,1;0,909091;6;6;1300,0;1659,95;329,9;0;0;0;0;6;0;0;6;0;0;0,0;1659,95;0,0;0,0;1509,045455;331,99;0,0;100,0;100,0;1,379565;0,013616
ADMIRAL;ROMA CASILINA;E1250;CALCIO | INGHILTERRA - I DIVISIONE | Premier League 26/27 | T/T | 1;1,55;1,55;1,55;0,645161;1;1;1000,0;1550,0;1550,0;0;0;0;0;1;0;0;1;0;0;0,0;1550,0;0,0;0,0;1000,0;310,0;0,0;100,0;100,0;1,288187;0,012714
ADMIRAL;ROMA CASILINA;E1632;MOTOCICLISMO | MONDO - MONDIALE SUPERBIKE | Superbike - Vincente Mondiale 2026 | VINCENTE | Bulega N.;1,02;1,01;1,03;0,980486;4;4;800,0;1027,59;329,9;0;0;0;0;4;0;0;4;0;0;0,0;1027,59;0,0;0,0;1007,538018;205,518;0,0;100,0;100,0;0,854018;0,008429
ADMIRAL;ROMA CASILINA;E1646;MOTOCICLISMO | MONDO - MOTOMONDIALE | Mondiale Moto3 2026 | VINCENTE | Quiles M.;1,03;1,01;1,05;0,97124;4;4;800,0;1027,59;329,9;0;0;0;0;4;0;0;4;0;0;0,0;1027,59;0,0;0,0;998,036492;205,518;0,0;100,0;100,0;0,854018;0,008429
ADMIRAL;ROMA CASILINA;E1429;CALCIO | MONDO - MONDIALI | MAROCCO (Mondiale 2026) | CAPOCANNONIERE SQUADRA | Ismael Saibari;1,05;1,05;1,05;0,952381;2;2;500,0;653,3;329,9;0;0;0;0;2;0;0;2;0;0;0,0;653,3;0,0;0,0;622,190476;130,66;0,0;100,0;100,0;0,54295;0,005359
ADMIRAL;ROMA CASILINA;E1402;CALCIO | MONDO - MONDIALI | CANADA (Mondiale 2026) | CAPOCANNONIERE SQUADRA | Jonathan David;1,12;1,12;1,12;0,892857;2;2;500,0;653,3;329,9;0;0;0;0;2;0;0;2;0;0;0,0;653,3;0,0;0,0;583,303571;130,66;0,0;100,0;100,0;0,54295;0,005359
ADMIRAL;ROMA CASILINA;E1484;CALCIO | MONDO - MONDIALI | Spagna - Austria | 1X | 1X;1,05;1,05;1,05;0,952381;2;2;500,0;624,13;315,17;0;0;0;0;2;0;0;2;0;0;0,0;624,13;0,0;0,0;594,409524;124,826;0,0;100,0;100,0;0,518707;0,00512
ADMIRAL;ROMA CASILINA;E1420;CALCIO | MONDO - MONDIALI | Francia - Svezia | 1X | 1X;1,07;1,07;1,07;0,934579;2;2;500,0;624,13;315,17;0;0;0;0;2;0;0;2;0;0;0,0;624,13;0,0;0,0;583,299065;124,826;0,0;100,0;100,0;0,518707;0,00512
ADMIRAL;ROMA CASILINA;E1443;CALCIO | MONDO - MONDIALI | Mondiale 2026 Gruppo H | QUALIFICATO | SI;1,01;1,01;1,01;0,990099;2;2;300,0;382,52;191,26;0;0;0;0;2;0;0;2;0;0;0,0;382,52;0,0;0,0;378,732673;76,504;0,0;100,0;100,0;0,317908;0,003138
ADMIRAL;ROMA GAI;E1429;CALCIO | MONDO - MONDIALI | MAROCCO (Mondiale 2026) | CAPOCANNONIERE SQUADRA | Ismael Saibari;1,075;1,05;1,1;0,930736;4;4;2000,0;2744,97;725,78;0;0;0;0;4;0;0;4;0;0;0,0;2744,97;0,0;0,0;2554,842208;548,994;0,0;100,0;100,0;19,564543;0,022516
ADMIRAL;ROMA GAI;E972;AUTOMOBILISMO | MONDO - CAMPIONATO FORMULA 1 | Formula 1 Mondiale Costruttori 2026 | VINCENTE | Mercedes;1,1;1,1;1,1;0,909091;4;4;2000,0;2744,97;725,78;0;0;0;0;4;0;0;4;0;0;0,0;2744,97;0,0;0,0;2495,427273;548,994;0,0;100,0;100,0;19,564543;0,022516
ADMIRAL;ROMA GAI;E1389;CALCIO | MONDO - MONDIALI | AUSTRIA (Mondiale 2026) | CAPOCANNONIERE SQUADRA | Marko Arnautovic;1,1;1,1;1,1;0,909091;2;2;1000,0;1437,26;725,78;0;0;0;0;2;0;0;2;0;0;0,0;1437,26;0,0;0,0;1306,6;287,452;0,0;100,0;100,0;10,24395;0,011789
ADMIRAL;ROMA GAI;E1402;CALCIO | MONDO - MONDIALI | CANADA (Mondiale 2026) | CAPOCANNONIERE SQUADRA | Jonathan David;1,12;1,12;1,12;0,892857;2;2;1000,0;1437,26;725,78;0;0;0;0;2;0;0;2;0;0;0,0;1437,26;0,0;0,0;1283,267857;287,452;0,0;100,0;100,0;10,24395;0,011789
ADMIRAL;ROMA GAI;E1632;MOTOCICLISMO | MONDO - MONDIALE SUPERBIKE | Superbike - Vincente Mondiale 2026 | VINCENTE | Bulega N.;1,01;1,01;1,01;0,990099;2;2;1000,0;1386,14;725,78;0;0;0;0;2;0;0;2;0;0;0,0;1386,14;0,0;0,0;1372,415842;277,228;0,0;100,0;100,0;9,879597;0,01137
ADMIRAL;ROMA GAI;E1646;MOTOCICLISMO | MONDO - MOTOMONDIALE | Mondiale Moto3 2026 | VINCENTE | Quiles M.;1,01;1,01;1,01;0,990099;2;2;1000,0;1386,14;725,78;0;0;0;0;2;0;0;2;0;0;0,0;1386,14;0,0;0,0;1372,415842;277,228;0,0;100,0;100,0;9,879597;0,01137
ADMIRAL;ROMA GAI;E1414;CALCIO | MONDO - MONDIALI | FRANCIA (Mondiale 2026) | CAPOCANNONIERE SQUADRA | Mbappe K.;1,07;1,07;1,07;0,934579;2;2;1000,0;1307,71;660,36;0;0;0;0;2;0;0;2;0;0;0,0;1307,71;0,0;0,0;1222,158879;261,542;0,0;100,0;100,0;9,320593;0,010727
ADMIRAL;ROMA GAI;E1359;CALCIO | ITALIA - I DIVISIONE | Serie A 2026/27 | VINCENTE | Roma;9,333333;8,0;10,0;0,108333;3;3;115,0;1130,0;1000,0;0;0;0;0;3;0;0;3;0;0;0,0;1130,0;0,0;0,0;122,416667;226,0;0,0;100,0;100,0;8,05398;0,009269
ADMIRAL;ROMA GAI;E1342;CALCIO | ITALIA - I DIVISIONE | Serie A 2026/27 | RETROCESSA | SI;27,5;27,5;27,5;0,036364;2;2;10,0;275,0;137,5;0;0;0;0;2;0;0;2;0;0;0,0;275,0;0,0;0,0;10,0;55,0;0,0;100,0;100,0;1,960039;0,002256
ADMIRAL;ROMA GAI;E1201;CALCIO | FRANCIA - I DIVISIONE | Ligue 1 2026/2027 | VINCENTE | PSG;1,15;1,15;1,15;0,869565;1;1;10,0;45,22;45,22;0;0;0;0;1;0;0;1;0;0;0,0;45,22;0,0;0,0;39,321739;9,044;0,0;100,0;100,0;0,322302;0,000371
ADMIRAL;ROMA GAI;E1225;CALCIO | GERMANIA - I DIVISIONE | Bundesliga 2026/2027 | VINCENTE | Bayern Monaco;1,15;1,15;1,15;0,869565;1;1;10,0;45,22;45,22;0;0;0;0;1;0;0;1;0;0;0,0;45,22;0,0;0,0;39,321739;9,044;0,0;100,0;100,0;0,322302;0,000371
ADMIRAL;ROMA GAI;E1541;CALCIO | SCOZIA - I DIVISIONE | Premiership 2026/27 | VINCENTE | Celtic;1,8;1,8;1,8;0,555556;1;1;10,0;45,22;45,22;0;0;0;0;1;0;0;1;0;0;0,0;45,22;0,0;0,0;25,122222;9,044;0,0;100,0;100,0;0,322302;0,000371
ADMIRAL;ROMA GAI;E1353;CALCIO | ITALIA - I DIVISIONE | Serie A 2026/27 | VINCENTE | Inter;1,9;1,9;1,9;0,526316;1;1;10,0;45,22;45,22;0;0;0;0;1;0;0;1;0;0;0,0;45,22;0,0;0,0;23,8;9,044;0,0;100,0;100,0;0,322302;0,000371
ADMIRAL;ROMA MASSAIA;E1359;CALCIO | ITALIA - I DIVISIONE | Serie A 2026/27 | VINCENTE | Roma;15,0;15,0;15,0;0,066667;1;1;100,0;1500,0;1500,0;0;0;0;0;1;0;0;1;0;0;0,0;1500,0;0,0;0,0;100,0;300,0;0,0;100,0;100,0;100,0;0,012304
ADMIRAL;ROVERETO TRENTO;E1351;CALCIO | ITALIA - I DIVISIONE | Serie A 2026/27 | VINCENTE | Como;33,0;33,0;33,0;0,030303;1;1;1,0;33,0;33,0;0;0;0;0;1;0;0;1;0;0;0,0;33,0;0,0;0,0;1,0;6,6;0,0;100,0;100,0;17,599061;0,000271
ADMIRAL;ROVERETO TRENTO;E980;AUTOMOBILISMO | MONDO - CAMPIONATO FORMULA 1 | Formula 1 Mondiale Piloti 2026 | VINCENTE | Leclerc C.;10,5;6,0;15,0;0,116667;2;2;2,0;21,0;15,0;0;0;0;0;2;0;0;2;0;0;0,0;21,0;0,0;0,0;2,45;4,2;0,0;100,0;100,0;11,199403;0,000172
ADMIRAL;ROVERETO TRENTO;E1344;CALCIO | ITALIA - I DIVISIONE | Serie A 2026/27 | T/T | 2;1,53;1,53;1,53;0,653595;1;1;1,0;16,13;16,13;0;0;0;0;1;0;0;1;0;0;0,0;16,13;0,0;0,0;10,542484;3,226;0,0;100,0;100,0;8,602208;0,000132
ADMIRAL;ROVERETO TRENTO;E1343;CALCIO | ITALIA - I DIVISIONE | Serie A 2026/27 | T/T | 1;2,2;2,2;2,2;0,454545;1;1;1,0;16,13;16,13;0;0;0;0;1;0;0;1;0;0;0,0;16,13;0,0;0,0;7,331818;3,226;0,0;100,0;100,0;8,602208;0,000132
ADMIRAL;ROVERETO TRENTO;E1359;CALCIO | ITALIA - I DIVISIONE | Serie A 2026/27 | VINCENTE | Roma;10,0;10,0;10,0;0,1;1;1;1,0;10,0;10,0;0;0;0;0;1;0;0;1;0;0;0,0;10,0;0,0;0,0;1,0;2,0;0,0;100,0;100,0;5,333049;8,2e-05
ADMIRAL;ROVERETO TRENTO;E1342;CALCIO | ITALIA - I DIVISIONE | Serie A 2026/27 | RETROCESSA | SI;1,7325;1,3;2,4;0,611658;4;4;5,0;9,05;3,12;0;0;0;0;4;0;0;4;0;0;0,0;9,05;0,0;0,0;5,535503;1,81;0,0;100,0;100,0;4,826409;7,4e-05
ADMIRAL;ROVERETO TRENTO;E1319;CALCIO | ITALIA - I DIVISIONE | Serie A 2026/27 | ACCOPPIATA IN ORDINE FINALE INFO AGG | Inter - Milan;9,0;9,0;9,0;0,111111;1;1;1,0;9,0;9,0;0;0;0;0;1;0;0;1;0;0;0,0;9,0;0,0;0,0;1,0;1,8;0,0;100,0;100,0;4,799744;7,4e-05
ADMIRAL;ROVERETO TRENTO;E1321;CALCIO | ITALIA - I DIVISIONE | Serie A 2026/27 | ACCOPPIATA IN ORDINE FINALE INFO AGG | Inter - Roma;9,0;9,0;9,0;0,111111;1;1;1,0;9,0;9,0;0;0;0;0;1;0;0;1;0;0;0,0;9,0;0,0;0,0;1,0;1,8;0,0;100,0;100,0;4,799744;7,4e-05
ADMIRAL;ROVERETO TRENTO;E1318;CALCIO | ITALIA - I DIVISIONE | Serie A 2026/27 | ACCOPPIATA IN ORDINE FINALE INFO AGG | Inter - Juventus;7,5;7,5;7,5;0,133333;1;1;1,0;7,5;7,5;0;0;0;0;1;0;0;1;0;0;0,0;7,5;0,0;0,0;1,0;1,5;0,0;100,0;100,0;3,999787;6,2e-05
ADMIRAL;ROVERETO TRENTO;E1356;CALCIO | ITALIA - I DIVISIONE | Serie A 2026/27 | VINCENTE | Milan;6,5;6,5;6,5;0,153846;1;1;1,0;6,5;6,5;0;0;0;0;1;0;0;1;0;0;0,0;6,5;0,0;0,0;1,0;1,3;0,0;100,0;100,0;3,466482;5,3e-05
ADMIRAL;ROVERETO TRENTO;E1320;CALCIO | ITALIA - I DIVISIONE | Serie A 2026/27 | ACCOPPIATA IN ORDINE FINALE INFO AGG | Inter - Napoli;6,0;6,0;6,0;0,166667;1;1;1,0;6,0;6,0;0;0;0;0;1;0;0;1;0;0;0,0;6,0;0,0;0,0;1,0;1,2;0,0;100,0;100,0;3,199829;4,9e-05
ADMIRAL;ROVERETO TRENTO;E1354;CALCIO | ITALIA - I DIVISIONE | Serie A 2026/27 | VINCENTE | Juventus;6,0;6,0;6,0;0,166667;1;1;1,0;6,0;6,0;0;0;0;0;1;0;0;1;0;0;0,0;6,0;0,0;0,0;1,0;1,2;0,0;100,0;100,0;3,199829;4,9e-05
ADMIRAL;ROVERETO TRENTO;E1336;CALCIO | ITALIA - I DIVISIONE | Serie A 2026/27 | CAPOCANNONIERE | Donyell Malen;5,5;5,5;5,5;0,181818;1;1;1,0;5,5;5,5;0;0;0;0;1;0;0;1;0;0;0,0;5,5;0,0;0,0;1,0;1,1;0,0;100,0;100,0;2,933177;4,5e-05
ADMIRAL;ROVERETO TRENTO;E1357;CALCIO | ITALIA - I DIVISIONE | Serie A 2026/27 | VINCENTE | Napoli;5,5;5,5;5,5;0,181818;1;1;1,0;5,5;5,5;0;0;0;0;1;0;0;1;0;0;0,0;5,5;0,0;0,0;1,0;1,1;0,0;100,0;100,0;2,933177;4,5e-05
ADMIRAL;ROVERETO TRENTO;E983;AUTOMOBILISMO | MONDO - CAMPIONATO FORMULA 1 | Formula 1 Mondiale Piloti 2026 | VINCENTE | Russell G.;2,35;1,7;3,0;0,460784;2;2;2,0;4,7;3,0;0;0;0;0;2;0;0;2;0;0;0,0;4,7;0,0;0,0;2,165686;0,94;0,0;100,0;100,0;2,506533;3,9e-05
ADMIRAL;ROVERETO TRENTO;E1353;CALCIO | ITALIA - I DIVISIONE | Serie A 2026/27 | VINCENTE | Inter;2,0;2,0;2,0;0,5;1;1;2,0;4,0;4,0;0;0;0;0;1;0;0;1;0;0;0,0;4,0;0,0;0,0;2,0;0,8;0,0;100,0;100,0;2,13322;3,3e-05
ADMIRAL;ROVERETO TRENTO;E984;AUTOMOBILISMO | MONDO - CAMPIONATO FORMULA 1 | Formula 1 Mondiale Piloti 2026 | VINCENTE | Verstappen M.;4,0;4,0;4,0;0,25;1;1;1,0;4,0;4,0;0;0;0;0;1;0;0;1;0;0;0,0;4,0;0,0;0,0;1,0;0,8;0,0;100,0;100,0;2,13322;3,3e-05
ADMIRAL;ROVERETO TRENTO;E1338;CALCIO | ITALIA - I DIVISIONE | Serie A 2026/27 | CAPOCANNONIERE | Lautaro Martinez;3,75;3,75;3,75;0,266667;1;1;1,0;3,75;3,75;0;0;0;0;1;0;0;1;0;0;0,0;3,75;0,0;0,0;1,0;0,75;0,0;100,0;100,0;1,999893;3,1e-05
ADMIRAL;ROVERETO TRENTO;E969;AUTOMOBILISMO | MONDO - CAMPIONATO FORMULA 1 | Formula 1 Mondiale Costruttori 2026 | VINCENTE | Ferrari;3,5;3,5;3,5;0,285714;1;1;1,0;3,5;3,5;0;0;0;0;1;0;0;1;0;0;0,0;3,5;0,0;0,0;1,0;0,7;0,0;100,0;100,0;1,866567;2,9e-05
ADMIRAL;ROVERETO TRENTO;E1346;CALCIO | ITALIA - I DIVISIONE | Serie A 2026/27 | ULTIMA CLASSIFICATA | Monza;2,85;2,85;2,85;0,350877;1;1;1,0;2,85;2,85;0;0;0;0;1;0;0;1;0;0;0,0;2,85;0,0;0,0;1,0;0,57;0,0;100,0;100,0;1,519919;2,3e-05
ADMIRAL;ROVIGO EINAUDI;E1571;CALCIO | SPAGNA - I DIVISIONE | Liga 2026/2027 | VINCENTE | Real Madrid;2,15;2,15;2,15;0,465116;1;1;1,0;24080,0;24080,0;0;0;0;0;1;0;0;1;0;0;0,0;24080,0;0,0;0,0;11200,0;4816,0;0,0;100,0;100,0;16,615178;0,197522
ADMIRAL;ROVIGO EINAUDI;E1180;CALCIO | EUROPA - UEFA NATIONS LEAGUE | Europa Nations League 2026/2027 | VINCENTE | Spagna;4,0;4,0;4,0;0,25;1;1;1,0;24080,0;24080,0;0;0;0;0;1;0;0;1;0;0;0,0;24080,0;0,0;0,0;6020,0;4816,0;0,0;100,0;100,0;16,615178;0,197522
ADMIRAL;ROVIGO EINAUDI;E1144;CALCIO | EUROPA - CAMPIONATI EUROPEI | Europei 2028 | VINCENTE | Spagna;5,0;5,0;5,0;0,2;1;1;1,0;24080,0;24080,0;0;0;0;0;1;0;0;1;0;0;0,0;24080,0;0,0;0,0;4816,0;4816,0;0,0;100,0;100,0;16,615178;0,197522
ADMIRAL;ROVIGO EINAUDI;E1257;CALCIO | INGHILTERRA - I DIVISIONE | Premier League 26/27 | VINCENTE | Man Utd;7,0;7,0;7,0;0,142857;1;1;1,0;24080,0;24080,0;0;0;0;0;1;0;0;1;0;0;0,0;24080,0;0,0;0,0;3440,0;4816,0;0,0;100,0;100,0;16,615178;0,197522
ADMIRAL;ROVIGO EINAUDI;E1238;CALCIO | INGHILTERRA - COPPA FA | Fa Cup 2026/2027 | VINCENTE | Man Utd;8,0;8,0;8,0;0,125;1;1;1,0;24080,0;24080,0;0;0;0;0;1;0;0;1;0;0;0,0;24080,0;0,0;0,0;3010,0;4816,0;0,0;100,0;100,0;16,615178;0,197522
ADMIRAL;ROVIGO EINAUDI;E1161;CALCIO | EUROPA - CHAMPIONS LEAGUE | UEFA Champions League 26/27 | VINCENTE | Real Madrid;10,0;10,0;10,0;0,1;1;1;1,0;24080,0;24080,0;0;0;0;0;1;0;0;1;0;0;0,0;24080,0;0,0;0,0;2408,0;4816,0;0,0;100,0;100,0;16,615178;0,197522
ADMIRAL;ROVIGO EINAUDI;E1157;CALCIO | EUROPA - CHAMPIONS LEAGUE | UEFA Champions League 26/27 | VINCENTE | Inter;30,0;30,0;30,0;0,033333;1;1;10,0;300,0;300,0;0;0;0;0;1;0;0;1;0;0;0,0;300,0;0,0;0,0;10,0;60,0;0,0;100,0;100,0;0,207;0,002461
ADMIRAL;ROVIGO EINAUDI;E1344;CALCIO | ITALIA - I DIVISIONE | Serie A 2026/27 | T/T | 2;1,55;1,55;1,55;0,645161;1;1;5,0;65,54;65,54;0;0;0;0;1;0;0;1;0;0;0,0;65,54;0,0;0,0;42,283871;13,108;0,0;100,0;100,0;0,045223;0,000538
ADMIRAL;ROVIGO EINAUDI;E1343;CALCIO | ITALIA - I DIVISIONE | Serie A 2026/27 | T/T | 1;1,73;1,73;1,73;0,578035;1;1;5,0;65,54;65,54;0;0;0;0;1;0;0;1;0;0;0,0;65,54;0,0;0,0;37,884393;13,108;0,0;100,0;100,0;0,045223;0,000538
ADMIRAL;ROVIGO EINAUDI;E1342;CALCIO | ITALIA - I DIVISIONE | Serie A 2026/27 | RETROCESSA | SI;1,83;1,83;1,83;0,546448;1;1;5,0;16,65;16,65;0;0;0;0;1;0;0;1;0;0;0,0;16,65;0,0;0,0;9,098361;3,33;0,0;100,0;100,0;0,011488;0,000137
ADMIRAL;SALERNO POSIDONIA;E1201;CALCIO | FRANCIA - I DIVISIONE | Ligue 1 2026/2027 | VINCENTE | PSG;1,13;1,13;1,13;0,884956;1;1;1,0;221,22;221,22;0;0;0;0;1;0;0;1;0;0;0,0;221,22;0,0;0,0;195,769912;44,244;0,0;100,0;100,0;16,666667;0,001815
ADMIRAL;SALERNO POSIDONIA;E1225;CALCIO | GERMANIA - I DIVISIONE | Bundesliga 2026/2027 | VINCENTE | Bayern Monaco;1,13;1,13;1,13;0,884956;1;1;1,0;221,22;221,22;0;0;0;0;1;0;0;1;0;0;0,0;221,22;0,0;0,0;195,769912;44,244;0,0;100,0;100,0;16,666667;0,001815
ADMIRAL;SALERNO POSIDONIA;E1571;CALCIO | SPAGNA - I DIVISIONE | Liga 2026/2027 | VINCENTE | Real Madrid;2,2;2,2;2,2;0,454545;1;1;1,0;221,22;221,22;0;0;0;0;1;0;0;1;0;0;0,0;221,22;0,0;0,0;100,554545;44,244;0,0;100,0;100,0;16,666667;0,001815
ADMIRAL;SALERNO POSIDONIA;E1253;CALCIO | INGHILTERRA - I DIVISIONE | Premier League 26/27 | VINCENTE | Arsenal;2,25;2,25;2,25;0,444444;1;1;1,0;221,22;221,22;0;0;0;0;1;0;0;1;0;0;0,0;221,22;0,0;0,0;98,32;44,244;0,0;100,0;100,0;16,666667;0,001815
ADMIRAL;SALERNO POSIDONIA;E1507;CALCIO | OLANDA - I DIVISIONE | Eredivisie 2026/27 | VINCENTE | Ajax;3,5;3,5;3,5;0,285714;1;1;1,0;221,22;221,22;0;0;0;0;1;0;0;1;0;0;0,0;221,22;0,0;0,0;63,205714;44,244;0,0;100,0;100,0;16,666667;0,001815
ADMIRAL;SALERNO POSIDONIA;E1359;CALCIO | ITALIA - I DIVISIONE | Serie A 2026/27 | VINCENTE | Roma;10,0;10,0;10,0;0,1;1;1;1,0;221,22;221,22;0;0;0;0;1;0;0;1;0;0;0,0;221,22;0,0;0,0;22,122;44,244;0,0;100,0;100,0;16,666667;0,001815
ADMIRAL;SAN GIOVANNI TEATINO AMENDOLA;E1353;CALCIO | ITALIA - I DIVISIONE | Serie A 2026/27 | VINCENTE | Inter;2,0;2,0;2,0;0,5;2;2;4,9;3908,47;1967,4;0;0;0;0;2;0;0;2;0;0;0,0;3908,47;0,0;0,0;1954,235;781,694;0,0;100,0;100,0;13,339324;0,03206
ADMIRAL;SAN GIOVANNI TEATINO AMENDOLA;E1528;CALCIO | POLONIA - I DIVISIONE | Ekstraklasa 2026/27 | VINCENTE | Lech Poznan;3,25;3,25;3,25;0,307692;2;2;4,9;3908,47;1967,4;0;0;0;0;2;0;0;2;0;0;0,0;3908,47;0,0;0,0;1202,606154;781,694;0,0;100,0;100,0;13,339324;0,03206
ADMIRAL;SAN GIOVANNI TEATINO AMENDOLA;E1111;CALCIO | AUSTRIA - I DIVISIONE | Bundesliga (AUT) 2026/27 | VINCENTE | LASK Linz;5,5;5,5;5,5;0,181818;2;2;4,9;3908,47;1967,4;0;0;0;0;2;0;0;2;0;0;0,0;3908,47;0,0;0,0;710,630909;781,694;0,0;100,0;100,0;13,339324;0,03206
ADMIRAL;SAN GIOVANNI TEATINO AMENDOLA;E1225;CALCIO | GERMANIA - I DIVISIONE | Bundesliga 2026/2027 | VINCENTE | Bayern Monaco;1,13;1,13;1,13;0,884956;1;1;3,7;1967,4;1967,4;0;0;0;0;1;0;0;1;0;0;0,0;1967,4;0,0;0,0;1741,061947;393,48;0,0;100,0;100,0;6,714593;0,016138
ADMIRAL;SAN GIOVANNI TEATINO AMENDOLA;E1116;CALCIO | BELGIO - I DIVISIONE | Belgio Jupiler Pro League 2026/27 | VINCENTE | Club Bruges;2,25;2,25;2,25;0,444444;1;1;3,7;1967,4;1967,4;0;0;0;0;1;0;0;1;0;0;0,0;1967,4;0,0;0,0;874,4;393,48;0,0;100,0;100,0;6,714593;0,016138
ADMIRAL;SAN GIOVANNI TEATINO AMENDOLA;E1253;CALCIO | INGHILTERRA - I DIVISIONE | Premier League 26/27 | VINCENTE | Arsenal;2,25;2,25;2,25;0,444444;1;1;3,7;1967,4;1967,4;0;0;0;0;1;0;0;1;0;0;0,0;1967,4;0,0;0,0;874,4;393,48;0,0;100,0;100,0;6,714593;0,016138
ADMIRAL;SAN GIOVANNI TEATINO AMENDOLA;E1207;CALCIO | FRANCIA - II DIVISIONE | Ligue 2 2026/27 | VINCENTE | St Etienne;2,6;2,6;2,6;0,384615;1;1;3,7;1967,4;1967,4;0;0;0;0;1;0;0;1;0;0;0,0;1967,4;0,0;0,0;756,692308;393,48;0,0;100,0;100,0;6,714593;0,016138
ADMIRAL;SAN GIOVANNI TEATINO AMENDOLA;E1541;CALCIO | SCOZIA - I DIVISIONE | Premiership 2026/27 | VINCENTE | Celtic;1,4;1,4;1,4;0,714286;1;1;1,2;1941,07;1941,07;0;0;0;0;1;0;0;1;0;0;0,0;1941,07;0,0;0,0;1386,478571;388,214;0,0;100,0;100,0;6,624731;0,015922
ADMIRAL;SAN GIOVANNI TEATINO AMENDOLA;E1499;CALCIO | NORVEGIA - I DIVISIONE | Eliteserien 2026 | VINCENTE | Bodo/Glimt;1,9;1,9;1,9;0,526316;1;1;1,2;1941,07;1941,07;0;0;0;0;1;0;0;1;0;0;0,0;1941,07;0,0;0,0;1021,615789;388,214;0,0;100,0;100,0;6,624731;0,015922
ADMIRAL;SAN GIOVANNI TEATINO AMENDOLA;E1134;CALCIO | DANIMARCA - I DIVISIONE | Superligaen 2026/27 | VINCENTE | Midtjylland;2,1;2,1;2,1;0,47619;1;1;1,2;1941,07;1941,07;0;0;0;0;1;0;0;1;0;0;0,0;1941,07;0,0;0,0;924,319048;388,214;0,0;100,0;100,0;6,624731;0,015922
ADMIRAL;SAN GIOVANNI TEATINO AMENDOLA;E1596;CALCIO | TURCHIA - I DIVISIONE | Super Lig 2026/27 | VINCENTE | Fenerbahce;2,7;2,7;2,7;0,37037;1;1;1,2;1941,07;1941,07;0;0;0;0;1;0;0;1;0;0;0,0;1941,07;0,0;0,0;718,914815;388,214;0,0;100,0;100,0;6,624731;0,015922
ADMIRAL;SAN GIOVANNI TEATINO AMENDOLA;E1234;CALCIO | GRECIA - I DIVISIONE | Super League 1 2026/27 | VINCENTE | AEK Atene;3,0;3,0;3,0;0,333333;1;1;1,2;1941,07;1941,07;0;0;0;0;1;0;0;1;0;0;0,0;1941,07;0,0;0,0;647,023333;388,214;0,0;100,0;100,0;6,624731;0,015922
ADMIRAL;SAN GIOVANNI TEATINO SALARA;E1155;CALCIO | EUROPA - CHAMPIONS LEAGUE | UEFA Champions League 26/27 | VINCENTE | Barcellona;8,0;8,0;8,0;0,125;8;8;1920,0;15360,0;1920,0;0;0;0;0;8;0;0;8;0;0;0,0;15360,0;0,0;0,0;1920,0;3072,0;0,0;100,0;100,0;49,444872;0,125994
ADMIRAL;SAN GIOVANNI TEATINO SALARA;E1268;CALCIO | INGHILTERRA - III DIVISIONE | League One 2026/2027 | VINCENTE | Luton;6,5;6,5;6,5;0,153846;3;3;600,0;3900,0;1950,0;0;0;0;0;3;0;0;3;0;0;0,0;3900,0;0,0;0,0;600,0;780,0;0,0;100,0;100,0;12,554362;0,031991
ADMIRAL;SAN GIOVANNI TEATINO SALARA;E1260;CALCIO | INGHILTERRA - II DIVISIONE | Championship 2026/27 | CAPOCANNONIERE | Taty Castellanos;13,0;13,0;13,0;0,076923;2;2;200,0;2600,0;1300,0;0;0;0;0;2;0;0;2;0;0;0,0;2600,0;0,0;0,0;200,0;520,0;0,0;100,0;100,0;8,369575;0,021327
ADMIRAL;SAN GIOVANNI TEATINO SALARA;E1274;CALCIO | INGHILTERRA - IV DIVISIONE | League Two | VINCENTE | Salford City;6,0;6,0;6,0;0,166667;4;4;400,0;2400,0;600,0;0;0;0;0;4;0;0;4;0;0;0,0;2400,0;0,0;0,0;400,0;480,0;0,0;100,0;100,0;7,725761;0,019687
ADMIRAL;SAN GIOVANNI TEATINO SALARA;E1201;CALCIO | FRANCIA - I DIVISIONE | Ligue 1 2026/2027 | VINCENTE | PSG;1,13;1,13;1,13;0,884956;6;6;1730,0;1954,9;339,0;0;0;0;0;6;0;0;6;0;0;0,0;1954,9;0,0;0,0;1730,0;390,98;0,0;100,0;100,0;6,292954;0,016036
ADMIRAL;SAN GIOVANNI TEATINO SALARA;E1272;CALCIO | INGHILTERRA - IV DIVISIONE | League Two | VINCENTE | Barnet;8,0;8,0;8,0;0,125;2;2;200,0;1600,0;800,0;0;0;0;0;2;0;0;2;0;0;0,0;1600,0;0,0;0,0;200,0;320,0;0,0;100,0;100,0;5,150507;0,013124
ADMIRAL;SAN GIOVANNI TEATINO SALARA;E1053;BASKET | USA - NBA | NBA Cup 2026/27 | VINCENTE | PHI 76ers;15,0;15,0;15,0;0,066667;1;1;100,0;1500,0;1500,0;0;0;0;0;1;0;0;1;0;0;0,0;1500,0;0,0;0,0;100,0;300,0;0,0;100,0;100,0;4,828601;0,012304
ADMIRAL;SAN GIOVANNI TEATINO SALARA;E1252;CALCIO | INGHILTERRA - I DIVISIONE | Premier League 26/27 | ULTIMA CLASSIFICATA | Hull City;2,15;2,15;2,15;0,465116;3;3;400,0;860,0;430,0;0;0;0;0;3;0;0;3;0;0;0,0;860,0;0,0;0,0;400,0;172,0;0,0;100,0;100,0;2,768398;0,007054
ADMIRAL;SAN GIOVANNI TEATINO SALARA;E1541;CALCIO | SCOZIA - I DIVISIONE | Premiership 2026/27 | VINCENTE | Celtic;1,4;1,4;1,4;0,714286;2;2;300,0;420,0;280,0;0;0;0;0;2;0;0;2;0;0;0,0;420,0;0,0;0,0;300,0;84,0;0,0;100,0;100,0;1,352008;0,003445
ADMIRAL;SAN GIOVANNI TEATINO SALARA;E1251;CALCIO | INGHILTERRA - I DIVISIONE | Premier League 26/27 | T/T | 2;2,05;2,05;2,05;0,487805;1;1;200,0;410,0;410,0;0;0;0;0;1;0;0;1;0;0;0,0;410,0;0,0;0,0;200,0;82,0;0,0;100,0;100,0;1,319818;0,003363
ADMIRAL;SAN GIOVANNI TEATINO SALARA;E1624;FOOTBALL AMERICANO | USA - CAMPIONATO NFL | NFC West 2026/27 | VINCENTE | ARI Cardinals;60,0;60,0;60,0;0,016667;1;1;1,0;60,0;60,0;0;0;0;0;1;0;0;1;0;0;0,0;60,0;0,0;0,0;1,0;12,0;0,0;100,0;100,0;0,193144;0,000492
ADMIRAL;SARNO ACQUAROSSA;E1354;CALCIO | ITALIA - I DIVISIONE | Serie A 2026/27 | VINCENTE | Juventus;6,0;6,0;6,0;0,166667;1;1;20,0;120,0;120,0;0;0;0;0;1;0;0;1;0;0;0,0;120,0;0,0;0,0;20,0;24,0;0,0;100,0;100,0;100,0;0,000984
ADMIRAL;SAVONA SERVETTAZ;E1225;CALCIO | GERMANIA - I DIVISIONE | Bundesliga 2026/2027 | VINCENTE | Bayern Monaco;1,15;1,15;1,15;0,869565;2;2;2,95;96352,94;48936,5;0;0;0;0;2;0;0;2;0;0;0,0;96352,94;0,0;0,0;83785,165217;19270,588;0,0;100,0;100,0;8,163461;0,790358
ADMIRAL;SAVONA SERVETTAZ;E1509;CALCIO | OLANDA - I DIVISIONE | Eredivisie 2026/27 | VINCENTE | PSV;1,65;1,65;1,65;0,606061;2;2;2,95;96352,94;48936,5;0;0;0;0;2;0;0;2;0;0;0,0;96352,94;0,0;0,0;58395,721212;19270,588;0,0;100,0;100,0;8,163461;0,790358
ADMIRAL;SAVONA SERVETTAZ;E1353;CALCIO | ITALIA - I DIVISIONE | Serie A 2026/27 | VINCENTE | Inter;1,9;1,9;1,9;0,526316;2;2;2,95;96352,94;48936,5;0;0;0;0;2;0;0;2;0;0;0,0;96352,94;0,0;0,0;50712,073684;19270,588;0,0;100,0;100,0;8,163461;0,790358
ADMIRAL;SAVONA SERVETTAZ;E1597;CALCIO | TURCHIA - I DIVISIONE | Super Lig 2026/27 | VINCENTE | Galatasaray;2,1;2,1;2,1;0,47619;2;2;2,95;96352,94;48936,5;0;0;0;0;2;0;0;2;0;0;0,0;96352,94;0,0;0,0;45882,352381;19270,588;0,0;100,0;100,0;8,163461;0,790358
ADMIRAL;SAVONA SERVETTAZ;E1571;CALCIO | SPAGNA - I DIVISIONE | Liga 2026/2027 | VINCENTE | Real Madrid;2,15;2,15;2,15;0,465116;2;2;2,95;96352,94;48936,5;0;0;0;0;2;0;0;2;0;0;0,0;96352,94;0,0;0,0;44815,32093;19270,588;0,0;100,0;100,0;8,163461;0,790358
ADMIRAL;SAVONA SERVETTAZ;E1116;CALCIO | BELGIO - I DIVISIONE | Belgio Jupiler Pro League 2026/27 | VINCENTE | Club Bruges;2,5;2,5;2,5;0,4;2;2;2,95;96352,94;48936,5;0;0;0;0;2;0;0;2;0;0;0,0;96352,94;0,0;0,0;38541,176;19270,588;0,0;100,0;100,0;8,163461;0,790358
ADMIRAL;SAVONA SERVETTAZ;E1228;CALCIO | GERMANIA - II DIVISIONE | Bundesliga II 2026/27 | VINCENTE | Wolfsburg;2,6;2,6;2,6;0,384615;2;2;2,95;96352,94;48936,5;0;0;0;0;2;0;0;2;0;0;0,0;96352,94;0,0;0,0;37058,823077;19270,588;0,0;100,0;100,0;8,163461;0,790358
ADMIRAL;SAVONA SERVETTAZ;E1535;CALCIO | PORTOGALLO - I DIVISIONE | Primera Liga 2026/27 | VINCENTE | Porto;2,75;2,75;2,75;0,363636;2;2;2,95;96352,94;48936,5;0;0;0;0;2;0;0;2;0;0;0,0;96352,94;0,0;0,0;35037,432727;19270,588;0,0;100,0;100,0;8,163461;0,790358
ADMIRAL;SAVONA SERVETTAZ;E1201;CALCIO | FRANCIA - I DIVISIONE | Ligue 1 2026/2027 | VINCENTE | PSG;1,15;1,15;1,15;0,869565;1;1;1,95;48936,5;48936,5;0;0;0;0;1;0;0;1;0;0;0,0;48936,5;0,0;0,0;42553,478261;9787,3;0,0;100,0;100,0;4,146124;0,401413
ADMIRAL;SAVONA SERVETTAZ;E1264;CALCIO | INGHILTERRA - II DIVISIONE | Championship 2026/27 | VINCENTE | West Ham;3,0;3,0;3,0;0,333333;1;1;1,95;48936,5;48936,5;0;0;0;0;1;0;0;1;0;0;0,0;48936,5;0,0;0,0;16312,166667;9787,3;0,0;100,0;100,0;4,146124;0,401413
ADMIRAL;SAVONA SERVETTAZ;E1258;CALCIO | INGHILTERRA - I DIVISIONE | Premier League 26/27 | VINCENTE | Tottenham;25,0;25,0;25,0;0,04;1;1;1,95;48936,5;48936,5;0;0;0;0;1;0;0;1;0;0;0,0;48936,5;0,0;0,0;1957,46;9787,3;0,0;100,0;100,0;4,146124;0,401413
ADMIRAL;SAVONA SERVETTAZ;E1190;CALCIO | FRANCIA - COPPA | Coppa Di Francia 2026/27 | VINCENTE | PSG;1,65;1,65;1,65;0,606061;1;1;1,0;47416,44;47416,44;0;0;0;0;1;0;0;1;0;0;0,0;47416,44;0,0;0,0;28737,236364;9483,288;0,0;100,0;100,0;4,017337;0,388944
ADMIRAL;SAVONA SERVETTAZ;E1216;CALCIO | GERMANIA - COPPA DFB POKAL | DFB Cup 2026/27 | VINCENTE | Bayern Monaco;2,15;2,15;2,15;0,465116;1;1;1,0;47416,44;47416,44;0;0;0;0;1;0;0;1;0;0;0,0;47416,44;0,0;0,0;22054,15814;9483,288;0,0;100,0;100,0;4,017337;0,388944
ADMIRAL;SAVONA SERVETTAZ;E1284;CALCIO | ITALIA - COPPA | Coppa Italia 2026/2027 | VINCENTE | Inter;3,5;3,5;3,5;0,285714;1;1;1,0;47416,44;47416,44;0;0;0;0;1;0;0;1;0;0;0,0;47416,44;0,0;0,0;13547,554286;9483,288;0,0;100,0;100,0;4,017337;0,388944
ADMIRAL;SAVONA SERVETTAZ;E1559;CALCIO | SPAGNA - COPPA | Copa del Rey 2026/2027 | VINCENTE | Real Madrid;3,5;3,5;3,5;0,285714;1;1;1,0;47416,44;47416,44;0;0;0;0;1;0;0;1;0;0;0,0;47416,44;0,0;0,0;13547,554286;9483,288;0,0;100,0;100,0;4,017337;0,388944
ADMIRAL;SAVONA SERVETTAZ;E1256;CALCIO | INGHILTERRA - I DIVISIONE | Premier League 26/27 | VINCENTE | Man City;3,75;3,75;3,75;0,266667;1;1;1,0;47416,44;47416,44;0;0;0;0;1;0;0;1;0;0;0,0;47416,44;0,0;0,0;12644,384;9483,288;0,0;100,0;100,0;4,017337;0,388944
ADMIRAL;SAVONA SERVETTAZ;E1357;CALCIO | ITALIA - I DIVISIONE | Serie A 2026/27 | VINCENTE | Napoli;5,5;5,5;5,5;0,181818;3;3;25,0;9130,0;6600,0;0;0;0;0;3;0;0;3;0;0;0,0;9130,0;0,0;0,0;1660,0;1826,0;0,0;100,0;100,0;0,773535;0,074891
ADMIRAL;SAVONA SERVETTAZ;E1159;CALCIO | EUROPA - CHAMPIONS LEAGUE | UEFA Champions League 26/27 | VINCENTE | Napoli;40,0;40,0;40,0;0,025;2;2;15,0;8800,0;6600,0;0;0;0;0;2;0;0;2;0;0;0,0;8800,0;0,0;0,0;220,0;1760,0;0,0;100,0;100,0;0,745576;0,072184
ADMIRAL;SAVONA SERVETTAZ;E1287;CALCIO | ITALIA - COPPA | Coppa Italia 2026/2027 | VINCENTE | Napoli;6,0;6,0;6,0;0,166667;2;2;15,0;6930,0;6600,0;0;0;0;0;2;0;0;2;0;0;0,0;6930,0;0,0;0,0;1155,0;1386,0;0,0;100,0;100,0;0,587141;0,056845
ADMIRAL;SAVONA SERVETTAZ;E1285;CALCIO | ITALIA - COPPA | Coppa Italia 2026/2027 | VINCENTE | Juventus;6,0;6,0;6,0;0,166667;1;1;10,0;360,0;360,0;0;0;0;0;1;0;0;1;0;0;0,0;360,0;0,0;0,0;60,0;72,0;0,0;100,0;100,0;0,030501;0,002953
ADMIRAL;SPINETOLI DE GASPERI;E1201;CALCIO | FRANCIA - I DIVISIONE | Ligue 1 2026/2027 | VINCENTE | PSG;1,13;1,13;1,13;0,884956;1;1;20,0;1125,69;1125,69;0;0;0;0;1;0;0;1;0;0;0,0;1125,69;0,0;0,0;996,185841;225,138;0,0;100,0;100,0;19,737001;0,009234
ADMIRAL;SPINETOLI DE GASPERI;E1225;CALCIO | GERMANIA - I DIVISIONE | Bundesliga 2026/2027 | VINCENTE | Bayern Monaco;1,15;1,15;1,15;0,869565;1;1;20,0;1125,69;1125,69;0;0;0;0;1;0;0;1;0;0;0,0;1125,69;0,0;0,0;978,86087;225,138;0,0;100,0;100,0;19,737001;0,009234
ADMIRAL;SPINETOLI DE GASPERI;E1571;CALCIO | SPAGNA - I DIVISIONE | Liga 2026/2027 | VINCENTE | Real Madrid;2,1;2,1;2,1;0,47619;1;1;20,0;1125,69;1125,69;0;0;0;0;1;0;0;1;0;0;0,0;1125,69;0,0;0,0;536,042857;225,138;0,0;100,0;100,0;19,737001;0,009234
ADMIRAL;SPINETOLI DE GASPERI;E1256;CALCIO | INGHILTERRA - I DIVISIONE | Premier League 26/27 | VINCENTE | Man City;3,75;3,75;3,75;0,266667;1;1;20,0;1125,69;1125,69;0;0;0;0;1;0;0;1;0;0;0,0;1125,69;0,0;0,0;300,184;225,138;0,0;100,0;100,0;19,737001;0,009234
ADMIRAL;SPINETOLI DE GASPERI;E1507;CALCIO | OLANDA - I DIVISIONE | Eredivisie 2026/27 | VINCENTE | Ajax;5,5;5,5;5,5;0,181818;1;1;20,0;1125,69;1125,69;0;0;0;0;1;0;0;1;0;0;0,0;1125,69;0,0;0,0;204,670909;225,138;0,0;100,0;100,0;19,737001;0,009234
ADMIRAL;SPINETOLI DE GASPERI;E1634;MOTOCICLISMO | MONDO - MONDIALE SUPERBIKE | Superbike - Vincente Mondiale 2026 | VINCENTE | Locatelli A.;50,0;50,0;50,0;0,02;1;1;1,0;50,0;50,0;0;0;0;0;1;0;0;1;0;0;0,0;50,0;0,0;0,0;1,0;10,0;0,0;100,0;100,0;0,876662;0,00041
ADMIRAL;SPINETOLI DE GASPERI;E1636;MOTOCICLISMO | MONDO - MONDIALE SUPERBIKE | Superbike - Vincente Mondiale 2026 | VINCENTE | Petrucci D.;25,0;25,0;25,0;0,04;1;1;1,0;25,0;25,0;0;0;0;0;1;0;0;1;0;0;0,0;25,0;0,0;0,0;1,0;5,0;0,0;100,0;100,0;0,438331;0,000205
ADMIRAL;STRIANO SARNO;E1177;CALCIO | EUROPA - UEFA NATIONS LEAGUE | Europa Nations League 2026/2027 | VINCENTE | Norvegia;15,0;15,0;15,0;0,066667;1;1;1,0;30000,0;30000,0;0;0;0;0;1;0;0;1;0;0;0,0;30000,0;0,0;0,0;2000,0;6000,0;0,0;100,0;100,0;33,333333;0,246082
ADMIRAL;STRIANO SARNO;E1208;CALCIO | GALLES - I DIVISIONE | Premier League 2026/27 | VINCENTE | Connah s Quay;40,0;40,0;40,0;0,025;1;1;1,0;30000,0;30000,0;0;0;0;0;1;0;0;1;0;0;0,0;30000,0;0,0;0,0;750,0;6000,0;0,0;100,0;100,0;33,333333;0,246082
ADMIRAL;STRIANO SARNO;E1538;CALCIO | REP. CECA- I DIVISIONE | 1 Liga 2026/27 | VINCENTE | FK Jablonec;50,0;50,0;50,0;0,02;1;1;1,0;30000,0;30000,0;0;0;0;0;1;0;0;1;0;0;0,0;30000,0;0,0;0,0;600,0;6000,0;0,0;100,0;100,0;33,333333;0,246082
ADMIRAL;TERNI CHIESA;E1253;CALCIO | INGHILTERRA - I DIVISIONE | Premier League 26/27 | VINCENTE | Arsenal;2,5;2,5;2,5;0,4;1;1;1,0;2,5;2,5;0;0;0;0;1;0;0;1;0;0;0,0;2,5;0,0;0,0;1,0;0,5;0,0;100,0;100,0;100,0;2,1e-05
ADMIRAL;TORINO ALA DI STURA;E1256;CALCIO | INGHILTERRA - I DIVISIONE | Premier League 26/27 | VINCENTE | Man City;3,75;3,75;3,75;0,266667;1;1;5,0;1125,0;1125,0;0;0;0;0;1;0;0;1;0;0;0,0;1125,0;0,0;0,0;300,0;225,0;0,0;100,0;100,0;31,468531;0,009228
ADMIRAL;TORINO ALA DI STURA;E1354;CALCIO | ITALIA - I DIVISIONE | Serie A 2026/27 | VINCENTE | Juventus;6,0;6,0;6,0;0,166667;1;1;5,0;1125,0;1125,0;0;0;0;0;1;0;0;1;0;0;0,0;1125,0;0,0;0,0;187,5;225,0;0,0;100,0;100,0;31,468531;0,009228
ADMIRAL;TORINO ALA DI STURA;E1226;CALCIO | GERMANIA - I DIVISIONE | Bundesliga 2026/2027 | VINCENTE | Borussia Dortmund;10,0;10,0;10,0;0,1;1;1;5,0;1125,0;1125,0;0;0;0;0;1;0;0;1;0;0;0,0;1125,0;0,0;0,0;112,5;225,0;0,0;100,0;100,0;31,468531;0,009228
ADMIRAL;TORINO ALA DI STURA;E1352;CALCIO | ITALIA - I DIVISIONE | Serie A 2026/27 | VINCENTE | Fiorentina;100,0;100,0;100,0;0,01;1;1;2,0;200,0;200,0;0;0;0;0;1;0;0;1;0;0;0,0;200,0;0,0;0,0;2,0;40,0;0,0;100,0;100,0;5,594406;0,001641
ADMIRAL;TRENTO MACCANI;E1023;BASKET | USA - NBA | MIA Heat ( Qual. Play-Off ) | PASSAGGIO TURNO | 1;1,4;1,4;1,4;0,714286;4;4;151,05;3035,97;1034,75;0;0;0;0;4;0;0;4;0;0;0,0;3035,97;0,0;0,0;2168,55;607,194;0,0;100,0;100,0;6,504815;0,024903
ADMIRAL;TRENTO MACCANI;E1628;FOOTBALL AMERICANO | USA - CAMPIONATO NFL | NFL - NFC Conference 2026/27 | VINCENTE | LA Rams;5,0;5,0;5,0;0,2;3;3;123,0;2205,25;1200,0;0;0;0;0;3;0;0;3;0;0;0,0;2205,25;0,0;0,0;441,05;441,05;0,0;100,0;100,0;4,724929;0,018089
ADMIRAL;TRENTO MACCANI;E1022;BASKET | USA - NBA | BOS Celtics ( Qual. Play-Off ) | PASSAGGIO TURNO | 1;1,12;1,12;1,12;0,892857;2;2;60,65;2036,08;1034,75;0;0;0;0;2;0;0;2;0;0;0,0;2036,08;0,0;0,0;1817,928571;407,216;0,0;100,0;100,0;4,362468;0,016701
ADMIRAL;TRENTO MACCANI;E1201;CALCIO | FRANCIA - I DIVISIONE | Ligue 1 2026/2027 | VINCENTE | PSG;1,13;1,13;1,13;0,884956;2;2;60,65;2036,08;1034,75;0;0;0;0;2;0;0;2;0;0;0,0;2036,08;0,0;0,0;1801,840708;407,216;0,0;100,0;100,0;4,362468;0,016701
ADMIRAL;TRENTO MACCANI;E1225;CALCIO | GERMANIA - I DIVISIONE | Bundesliga 2026/2027 | VINCENTE | Bayern Monaco;1,13;1,13;1,13;0,884956;2;2;60,65;2036,08;1034,75;0;0;0;0;2;0;0;2;0;0;0,0;2036,08;0,0;0,0;1801,840708;407,216;0,0;100,0;100,0;4,362468;0,016701
ADMIRAL;TRENTO MACCANI;E1615;FOOTBALL AMERICANO | USA - CAMPIONATO NFL | Afc North 2026/27 | VINCENTE | BAL Ravens;1,8;1,8;1,8;0,555556;3;3;115,15;2001,51;1001,33;0;0;0;0;3;0;0;3;0;0;0,0;2001,51;0,0;0,0;1111,95;400,302;0,0;100,0;100,0;4,288399;0,016418
ADMIRAL;TRENTO MACCANI;E1621;FOOTBALL AMERICANO | USA - CAMPIONATO NFL | NFC East 2026/27 | VINCENTE | PHI Eagles;2,25;2,25;2,25;0,444444;3;3;115,15;2001,51;1001,33;0;0;0;0;3;0;0;3;0;0;0,0;2001,51;0,0;0,0;889,56;400,302;0,0;100,0;100,0;4,288399;0,016418
ADMIRAL;TRENTO MACCANI;E1622;FOOTBALL AMERICANO | USA - CAMPIONATO NFL | NFC North 2026/27 | VINCENTE | DET Lions;2,6;2,6;2,6;0,384615;3;3;91,0;1951,61;1001,33;0;0;0;0;3;0;0;3;0;0;0,0;1951,61;0,0;0,0;750,619231;390,322;0,0;100,0;100,0;4,181484;0,016009
ADMIRAL;TRENTO MACCANI;E1373;CALCIO | ITALIA - II DIVISIONE | Serie B 2026 - 2027 | VINCENTE | Palermo;2,75;2,75;2,75;0,363636;2;2;52,5;1853,25;1160,15;0;0;0;0;2;0;0;2;0;0;0,0;1853,25;0,0;0,0;673,909091;370,65;0,0;100,0;100,0;3,97074;0,015202
ADMIRAL;TRENTO MACCANI;E1284;CALCIO | ITALIA - COPPA | Coppa Italia 2026/2027 | VINCENTE | Inter;3,75;3,75;3,75;0,266667;2;2;90,0;1659,95;1160,15;0;0;0;0;2;0;0;2;0;0;0,0;1659,95;0,0;0,0;442,653333;331,99;0,0;100,0;100,0;3,556579;0,013616
ADMIRAL;TRENTO MACCANI;E1541;CALCIO | SCOZIA - I DIVISIONE | Premiership 2026/27 | VINCENTE | Celtic;1,4;1,4;1,4;0,714286;2;2;80,0;1534,55;1034,75;0;0;0;0;2;0;0;2;0;0;0,0;1534,55;0,0;0,0;1096,107143;306,91;0,0;100,0;100,0;3,287899;0,012588
ADMIRAL;TRENTO MACCANI;E1380;CALCIO | ITALIA - III DIVISIONE | Serie C - Girone A | VINCENTE | Union Brescia;1,7;1,7;1,7;0,588235;2;2;80,0;1534,55;1034,75;0;0;0;0;2;0;0;2;0;0;0,0;1534,55;0,0;0,0;902,676471;306,91;0,0;100,0;100,0;3,287899;0,012588
ADMIRAL;TRENTO MACCANI;E1342;CALCIO | ITALIA - I DIVISIONE | Serie A 2026/27 | RETROCESSA | SI;15,0;15,0;15,0;0,066667;2;2;100,0;1500,0;750,0;0;0;0;0;2;0;0;2;0;0;0,0;1500,0;0,0;0,0;100,0;300,0;0,0;100,0;100,0;3,213873;0,012304
ADMIRAL;TRENTO MACCANI;E1627;FOOTBALL AMERICANO | USA - CAMPIONATO NFL | NFL - AFC Conference 2026/27 | VINCENTE | BUF Bills;6,0;6,0;6,0;0,166667;1;1;40,0;1200,0;1200,0;0;0;0;0;1;0;0;1;0;0;0,0;1200,0;0,0;0,0;200,0;240,0;0,0;100,0;100,0;2,571098;0,009843
ADMIRAL;TRENTO MACCANI;E1253;CALCIO | INGHILTERRA - I DIVISIONE | Premier League 26/27 | VINCENTE | Arsenal;2,25;2,25;2,25;0,444444;1;1;50,0;1160,15;1160,15;0;0;0;0;1;0;0;1;0;0;0,0;1160,15;0,0;0,0;515,622222;232,03;0,0;100,0;100,0;2,485716;0,009516
ADMIRAL;TRENTO MACCANI;E1248;CALCIO | INGHILTERRA - I DIVISIONE | Premier League 26/27 | CAPOCANNONIERE | Erling Haaland;1,65;1,65;1,65;0,606061;1;1;2,5;1089,0;1089,0;0;0;0;0;1;0;0;1;0;0;0,0;1089,0;0,0;0,0;660,0;217,8;0,0;100,0;100,0;2,333272;0,008933
ADMIRAL;TRENTO MACCANI;E1197;CALCIO | FRANCIA - I DIVISIONE | Ligue 1 2026/2027 | CAPOCANNONIERE | Esteban Lepaul;5,5;5,5;5,5;0,181818;1;1;2,5;1089,0;1089,0;0;0;0;0;1;0;0;1;0;0;0,0;1089,0;0,0;0,0;198,0;217,8;0,0;100,0;100,0;2,333272;0,008933
ADMIRAL;TRENTO MACCANI;E1259;CALCIO | INGHILTERRA - II DIVISIONE | Championship 2026/27 | CAPOCANNONIERE | Jarrod Bowen;6,0;6,0;6,0;0,166667;1;1;2,5;1089,0;1089,0;0;0;0;0;1;0;0;1;0;0;0,0;1089,0;0,0;0,0;181,5;217,8;0,0;100,0;100,0;2,333272;0,008933
ADMIRAL;TRENTO MACCANI;E1336;CALCIO | ITALIA - I DIVISIONE | Serie A 2026/27 | CAPOCANNONIERE | Donyell Malen;8,0;8,0;8,0;0,125;1;1;2,5;1089,0;1089,0;0;0;0;0;1;0;0;1;0;0;0,0;1089,0;0,0;0,0;136,125;217,8;0,0;100,0;100,0;2,333272;0,008933
ADMIRAL;TRENTO MACCANI;E1209;CALCIO | GALLES - I DIVISIONE | Premier League 2026/27 | VINCENTE | The New Saints;1,13;1,13;1,13;0,884956;1;1;40,0;1034,75;1034,75;0;0;0;0;1;0;0;1;0;0;0,0;1034,75;0,0;0,0;915,707965;206,95;0,0;100,0;100,0;2,217037;0,008488
ADMIRAL;VALMONTONE GENAZZANO;E1353;CALCIO | ITALIA - I DIVISIONE | Serie A 2026/27 | VINCENTE | Inter;1,9;1,9;1,9;0,526316;1;1;5,0;164,58;164,58;0;0;0;0;1;0;0;1;0;0;0,0;164,58;0,0;0,0;86,621053;32,916;0,0;100,0;100,0;17,743327;0,00135
ADMIRAL;VALMONTONE GENAZZANO;E1571;CALCIO | SPAGNA - I DIVISIONE | Liga 2026/2027 | VINCENTE | Real Madrid;2,2;2,2;2,2;0,454545;1;1;5,0;164,58;164,58;0;0;0;0;1;0;0;1;0;0;0,0;164,58;0,0;0,0;74,809091;32,916;0,0;100,0;100,0;17,743327;0,00135
ADMIRAL;VALMONTONE GENAZZANO;E1253;CALCIO | INGHILTERRA - I DIVISIONE | Premier League 26/27 | VINCENTE | Arsenal;2,25;2,25;2,25;0,444444;1;1;5,0;164,58;164,58;0;0;0;0;1;0;0;1;0;0;0,0;164,58;0,0;0,0;73,146667;32,916;0,0;100,0;100,0;17,743327;0,00135
ADMIRAL;VALMONTONE GENAZZANO;E1536;CALCIO | PORTOGALLO - I DIVISIONE | Primera Liga 2026/27 | VINCENTE | Sporting Lisbona;3,5;3,5;3,5;0,285714;1;1;5,0;164,58;164,58;0;0;0;0;1;0;0;1;0;0;0,0;164,58;0,0;0,0;47,022857;32,916;0,0;100,0;100,0;17,743327;0,00135
ADMIRAL;VALMONTONE GENAZZANO;E1343;CALCIO | ITALIA - I DIVISIONE | Serie A 2026/27 | T/T | 1;1,63;1,63;1,63;0,613497;1;1;4,0;134,62;134,62;0;0;0;0;1;0;0;1;0;0;0,0;134,62;0,0;0,0;82,588957;26,924;0,0;100,0;100,0;14,513347;0,001104
ADMIRAL;VALMONTONE GENAZZANO;E1344;CALCIO | ITALIA - I DIVISIONE | Serie A 2026/27 | T/T | 2;1,9;1,9;1,9;0,526316;1;1;4,0;134,62;134,62;0;0;0;0;1;0;0;1;0;0;0,0;134,62;0,0;0,0;70,852632;26,924;0,0;100,0;100,0;14,513347;0,001104
ADMIRAL;VERONA ALBERE;E1586;CALCIO | SVEZIA - II DIVISIONE | Superettan 2026 | VINCENTE | Varbergs BoIS FC;4,5;4,5;4,5;0,222222;3;3;107,0;900,97;343,03;0;0;0;0;3;0;0;3;0;0;0,0;900,97;0,0;0,0;200,215556;180,194;0,0;100,0;100,0;27,1455;0,00739
ADMIRAL;VERONA ALBERE;E1124;CALCIO | BRASILE - I DIVISIONE | Brasile A 2026 | VINCENTE | Palmeiras;1,65;1,65;1,65;0,606061;2;2;70,0;667,87;343,03;0;0;0;0;2;0;0;2;0;0;0,0;667,87;0,0;0,0;404,769697;133,574;0,0;100,0;100,0;20,122385;0,005478
ADMIRAL;VERONA ALBERE;E1584;CALCIO | SVEZIA - I DIVISIONE | Allsvenskanliga 2026 | VINCENTE | Sirius;1,175;1,1;1,25;0,854545;2;2;65,0;441,16;324,84;0;0;0;0;2;0;0;2;0;0;0,0;441,16;0,0;0,0;376,991273;88,232;0,0;100,0;100,0;13,291795;0,003619
ADMIRAL;VERONA ALBERE;E1278;CALCIO | IRLANDA - I DIVISIONE | Premier Division 2026 | VINCENTE | Shamrock Rovers;1,32;1,32;1,32;0,757576;1;1;35,0;343,03;343,03;0;0;0;0;1;0;0;1;0;0;0,0;343,03;0,0;0,0;259,871212;68,606;0,0;100,0;100,0;10,335217;0,002814
ADMIRAL;VERONA ALBERE;E976;AUTOMOBILISMO | MONDO - CAMPIONATO FORMULA 1 | Formula 1 Mondiale Piloti 2026 | T/T | 2;1,4;1,4;1,4;0,714286;1;1;37,0;233,1;233,1;0;0;0;0;1;0;0;1;0;0;0,0;233,1;0,0;0,0;166,5;46,62;0,0;100,0;100,0;7,023115;0,001912
ADMIRAL;VERONA ALBERE;E1539;CALCIO | REP. CECA- I DIVISIONE | 1 Liga 2026/27 | VINCENTE | Slavia Praga;1,5;1,5;1,5;0,666667;2;2;40,0;213,25;116,32;0;0;0;0;2;0;0;2;0;0;0,0;213,25;0,0;0,0;142,166667;42,65;0,0;100,0;100,0;6,425051;0,001749
ADMIRAL;VERONA ALBERE;E1116;CALCIO | BELGIO - I DIVISIONE | Belgio Jupiler Pro League 2026/27 | VINCENTE | Club Bruges;2,35;2,35;2,35;0,425532;2;2;40,0;213,25;116,32;0;0;0;0;2;0;0;2;0;0;0,0;213,25;0,0;0,0;90,744681;42,65;0,0;100,0;100,0;6,425051;0,001749
ADMIRAL;VERONA ALBERE;E1595;CALCIO | SVIZZERA - I DIVISIONE | Super League 2026/27 | VINCENTE | Young Boys;2,75;2,75;2,75;0,363636;1;1;10,0;96,93;96,93;0;0;0;0;1;0;0;1;0;0;0,0;96,93;0,0;0,0;35,247273;19,386;0,0;100,0;100,0;2,920423;0,000795
ADMIRAL;VERONA ALBERE;E1545;CALCIO | SERBIA - I DIVISIONE | Super Liga 2026/27 | VINCENTE | Stella Rossa;1,1;1,1;1,1;0,909091;1;1;20,0;52,37;52,37;0;0;0;0;1;0;0;1;0;0;0,0;52,37;0,0;0,0;47,609091;10,474;0,0;100,0;100,0;1,577866;0,00043
ADMIRAL;VERONA ALBERE;E1201;CALCIO | FRANCIA - I DIVISIONE | Ligue 1 2026/2027 | VINCENTE | PSG;1,15;1,15;1,15;0,869565;1;1;20,0;52,37;52,37;0;0;0;0;1;0;0;1;0;0;0,0;52,37;0,0;0,0;45,53913;10,474;0,0;100,0;100,0;1,577866;0,00043
ADMIRAL;VERONA ALBERE;E1225;CALCIO | GERMANIA - I DIVISIONE | Bundesliga 2026/2027 | VINCENTE | Bayern Monaco;1,15;1,15;1,15;0,869565;1;1;20,0;52,37;52,37;0;0;0;0;1;0;0;1;0;0;0,0;52,37;0,0;0,0;45,53913;10,474;0,0;100,0;100,0;1,577866;0,00043
ADMIRAL;VERONA ALBERE;E1573;CALCIO | SPAGNA - I DIVISIONE | Liga 2026/27 Senza Real Madrid e Barcellona | VINCENTE SENZA SQUADRE X Y I.A. 5 | Atletico Madrid;1,8;1,8;1,8;0,555556;1;1;20,0;52,37;52,37;0;0;0;0;1;0;0;1;0;0;0,0;52,37;0,0;0,0;29,094444;10,474;0,0;100,0;100,0;1,577866;0,00043
ADMIRAL;VICENZA CRISPI;E989;BASEBALL | AMERICA - MAJOR LEAGUE | MLB 2026 - American League East | VINCENTE | BOSTON RED SOX;3,75;3,75;3,75;0,266667;1;1;1,0;1125,0;1125,0;0;0;0;0;1;0;0;1;0;0;0,0;1125,0;0,0;0,0;300,0;225,0;0,0;100,0;100,0;33,333333;0,009228
ADMIRAL;VICENZA CRISPI;E996;BASEBALL | AMERICA - MAJOR LEAGUE | MLB 2026 - National League West | VINCENTE | SAN FRANCISCO GIANTS;15,0;15,0;15,0;0,066667;1;1;1,0;1125,0;1125,0;0;0;0;0;1;0;0;1;0;0;0,0;1125,0;0,0;0,0;75,0;225,0;0,0;100,0;100,0;33,333333;0,009228
ADMIRAL;VICENZA CRISPI;E992;BASEBALL | AMERICA - MAJOR LEAGUE | MLB 2026 - American League West | VINCENTE | LA ANGELS;20,0;20,0;20,0;0,05;1;1;1,0;1125,0;1125,0;0;0;0;0;1;0;0;1;0;0;0,0;1125,0;0,0;0,0;56,25;225,0;0,0;100,0;100,0;33,333333;0,009228
ADMIRAL;VILLA LITERNO DEI MILLE;E1351;CALCIO | ITALIA - I DIVISIONE | Serie A 2026/27 | VINCENTE | Como;33,0;33,0;33,0;0,030303;1;1;1,0;33,0;33,0;0;0;0;0;1;0;0;1;0;0;0,0;33,0;0,0;0,0;1,0;6,6;0,0;100,0;100,0;100,0;0,000271
ADMIRAL;VITERBO FALCONE E BORSELLINO;E979;AUTOMOBILISMO | MONDO - CAMPIONATO FORMULA 1 | Formula 1 Mondiale Piloti 2026 | VINCENTE | Hamilton L.;5,0;5,0;5,0;0,2;1;1;5,0;25,0;25,0;0;0;0;0;1;0;0;1;0;0;0,0;25,0;0,0;0,0;5,0;5,0;0,0;100,0;100,0;62,5;0,000205
ADMIRAL;VITERBO FALCONE E BORSELLINO;E980;AUTOMOBILISMO | MONDO - CAMPIONATO FORMULA 1 | Formula 1 Mondiale Piloti 2026 | VINCENTE | Leclerc C.;15,0;15,0;15,0;0,066667;1;1;1,0;15,0;15,0;0;0;0;0;1;0;0;1;0;0;0,0;15,0;0,0;0,0;1,0;3,0;0,0;100,0;100,0;37,5;0,000123
ADMIRAL;WWW.ADMIRALBET.IT;E1234;CALCIO | GRECIA - I DIVISIONE | Super League 1 2026/27 | VINCENTE | AEK Atene;3,0;3,0;3,0;0,333333;56;56;78,6;260500,88;48410,25;0;0;0;0;56;0;0;56;0;0;0,0;260500,88;0,0;0,0;86833,626667;52100,176;0,0;100,0;100,0;7,2984;2,136819
ADMIRAL;WWW.ADMIRALBET.IT;E1539;CALCIO | REP. CECA- I DIVISIONE | 1 Liga 2026/27 | VINCENTE | Slavia Praga;1,555435;1,5;1,65;0,644165;46;46;163,85;228462,38;48410,25;0;0;0;0;46;0;0;46;0;0;0,0;228462,38;0,0;0,0;147167,569436;45692,476;0,0;100,0;100,0;6,400784;1,874016
ADMIRAL;WWW.ADMIRALBET.IT;E1541;CALCIO | SCOZIA - I DIVISIONE | Premiership 2026/27 | VINCENTE | Celtic;1,613393;1,4;1,8;0,625098;56;56;114,15;221538,87;48410,25;0;0;0;0;56;0;0;56;0;0;0,0;221538,87;0,0;0,0;138483,447014;44307,774;0,0;100,0;100,0;6,206809;1,817224
ADMIRAL;WWW.ADMIRALBET.IT;E1535;CALCIO | PORTOGALLO - I DIVISIONE | Primera Liga 2026/27 | VINCENTE | Porto;2,590625;2,3;2,75;0,388102;16;16;24,2;202750,01;48410,25;0;0;0;0;16;0;0;16;0;0;0,0;202750,01;0,0;0,0;78687,754596;40550,002;0,0;100,0;100,0;5,680406;1,663104
ADMIRAL;WWW.ADMIRALBET.IT;E1282;CALCIO | ITALIA - COPPA | Coppa Italia 2026/2027 | VINCENTE | Como;9,9;9,0;11,0;0,10202;20;20;33,55;173476,9;48410,25;0;0;0;0;20;0;0;20;0;0;0,0;173476,9;0,0;0,0;17698,148384;34695,38;0,0;100,0;100,0;4,860267;1,422985
ADMIRAL;WWW.ADMIRALBET.IT;E1116;CALCIO | BELGIO - I DIVISIONE | Belgio Jupiler Pro League 2026/27 | VINCENTE | Club Bruges;2,523171;2,25;2,6;0,397318;41;41;50,45;166989,21;48410,25;0;0;0;0;41;0;0;41;0;0;0,0;166989,21;0,0;0,0;66347,878961;33397,842;0,0;100,0;100,0;4,678502;1,369768
ADMIRAL;WWW.ADMIRALBET.IT;E1509;CALCIO | OLANDA - I DIVISIONE | Eredivisie 2026/27 | VINCENTE | PSV;1,691176;1,65;1,9;0,592557;34;34;63,5;145941,26;40976,34;0;0;0;0;34;0;0;34;0;0;0,0;145941,26;0,0;0,0;86478,574093;29188,252;0,0;100,0;100,0;4,088806;1,197117
ADMIRAL;WWW.ADMIRALBET.IT;E1573;CALCIO | SPAGNA - I DIVISIONE | Liga 2026/27 Senza Real Madrid e Barcellona | VINCENTE SENZA SQUADRE X Y I.A. 5 | Atletico Madrid;1,65;1,65;1,65;0,606061;13;13;69,7;111791,02;48410,25;0;0;0;0;13;0;0;13;0;0;0,0;111791,02;0,0;0,0;67752,133333;22358,204;0,0;100,0;100,0;3,132026;0,916992
ADMIRAL;WWW.ADMIRALBET.IT;E1220;CALCIO | GERMANIA - I DIVISIONE | Bundesliga 2026/2027 Senza Bayern Monaco | VINCENTE SENZA SQUADRA X I.A.5 | Borussia Dortmund;2,5;2,5;2,5;0,4;8;8;13,7;103122,73;48410,25;0;0;0;0;8;0;0;8;0;0;0,0;103122,73;0,0;0,0;41249,092;20624,546;0,0;100,0;100,0;2,889168;0,845888
ADMIRAL;WWW.ADMIRALBET.IT;E1357;CALCIO | ITALIA - I DIVISIONE | Serie A 2026/27 | VINCENTE | Napoli;6,064815;5,5;6,5;0,165911;54;54;232,85;102429,79;25625,93;0;0;0;0;54;0;0;54;0;0;0,0;102429,79;0,0;0,0;16994,254419;20485,958;0,0;100,0;100,0;2,869754;0,840204
ADMIRAL;WWW.ADMIRALBET.IT;E1371;CALCIO | ITALIA - II DIVISIONE | Serie B 2026 - 2027 | VINCENTE | Hellas Verona;2,9375;2,75;3,5;0,344156;4;4;5,25;84494,35;40976,34;0;0;0;0;4;0;0;4;0;0;0,0;84494,35;0,0;0,0;29079,224351;16898,87;0,0;100,0;100,0;2,367261;0,693085
ADMIRAL;WWW.ADMIRALBET.IT;E1316;CALCIO | ITALIA - I DIVISIONE | Serie A 2026/27 | ACCOPPIATA IN ORDINE FINALE INFO AGG | Inter - Como;20,0;20,0;20,0;0,05;3;3;4,0;80864,8;48410,25;0;0;0;0;3;0;0;3;0;0;0,0;80864,8;0,0;0,0;4043,24;16172,96;0,0;100,0;100,0;2,265573;0,663312
ADMIRAL;WWW.ADMIRALBET.IT;E1499;CALCIO | NORVEGIA - I DIVISIONE | Eliteserien 2026 | VINCENTE | Bodo/Glimt;1,826;1,57;2,15;0,553384;10;10;56,4;80648,0;48410,25;0;0;0;0;10;0;0;10;0;0;0,0;80648,0;0,0;0,0;44629,305101;16129,6;0,0;100,0;100,0;2,259498;0,661534
ADMIRAL;WWW.ADMIRALBET.IT;E1160;CALCIO | EUROPA - CHAMPIONS LEAGUE | UEFA Champions League 26/27 | VINCENTE | PSG;6,0;6,0;6,0;0,166667;11;11;245,1;72941,08;11604,9;0;0;0;0;11;0;0;11;0;0;0,0;72941,08;0,0;0,0;12156,846667;14588,216;0,0;100,0;100,0;2,043575;0,598316
ADMIRAL;WWW.ADMIRALBET.IT;E1384;CALCIO | ITALIA - III DIVISIONE | Serie C Girone C | VINCENTE | Us Salernitana;4,0;4,0;4,0;0,25;3;3;22,0;59511,08;40976,34;0;0;0;0;3;0;0;3;0;0;0,0;59511,08;0,0;0,0;14877,77;11902,216;0,0;100,0;100,0;1,66731;0,488154
ADMIRAL;WWW.ADMIRALBET.IT;E1571;CALCIO | SPAGNA - I DIVISIONE | Liga 2026/2027 | VINCENTE | Real Madrid;2,154545;2,1;2,2;0,464247;11;11;76,8;53267,76;25625,93;0;0;0;0;11;0;0;11;0;0;0,0;53267,76;0,0;0,0;24729,388045;10653,552;0,0;100,0;100,0;1,492392;0,436941
ADMIRAL;WWW.ADMIRALBET.IT;E1285;CALCIO | ITALIA - COPPA | Coppa Italia 2026/2027 | VINCENTE | Juventus;6,0;6,0;6,0;0,166667;6;6;15,7;51353,02;40976,34;0;0;0;0;6;0;0;6;0;0;0,0;51353,02;0,0;0,0;8558,836667;10270,604;0,0;100,0;100,0;1,438747;0,421235
ADMIRAL;WWW.ADMIRALBET.IT;E1264;CALCIO | INGHILTERRA - II DIVISIONE | Championship 2026/27 | VINCENTE | West Ham;3,194444;2,75;3,25;0,313908;9;9;162,0;46542,12;11604,9;0;0;0;0;9;0;0;9;0;0;0,0;46542,12;0,0;0,0;14609,958415;9308,424;0,0;100,0;100,0;1,303961;0,381773
ADMIRAL;WWW.ADMIRALBET.IT;E1351;CALCIO | ITALIA - I DIVISIONE | Serie A 2026/27 | VINCENTE | Como;34,85;20,0;50,0;0,030208;20;20;547,95;45046,66;8750,0;0;0;0;0;20;0;0;20;0;0;0,0;45046,66;0,0;0,0;1360,760145;9009,332;0,0;100,0;100,0;1,262063;0,369506
ADMIRAL;WWW.ADMIRALBET.IT;E1597;CALCIO | TURCHIA - I DIVISIONE | Super Lig 2026/27 | VINCENTE | Galatasaray;2,1;2,1;2,1;0,47619;4;4;4,0;44098,6;25625,93;0;0;0;0;4;0;0;4;0;0;0,0;44098,6;0,0;0,0;20999,333333;8819,72;0,0;100,0;100,0;1,235501;0,361729
ADMIRAL;WWW.STARVEGAS.IT;E1571;CALCIO | SPAGNA - I DIVISIONE | Liga 2026/2027 | VINCENTE | Real Madrid;2,14;2,1;2,2;0,467532;5;5;205,85;8950,11;3717,85;0;0;0;0;5;0;0;5;0;0;0,0;8950,11;0,0;0,0;4184,467013;1790,022;0,0;100,0;100,0;12,092645;0,073415
ADMIRAL;WWW.STARVEGAS.IT;E1256;CALCIO | INGHILTERRA - I DIVISIONE | Premier League 26/27 | VINCENTE | Man City;4,0625;3,75;5,0;0,25;4;4;202,0;8759,54;3717,85;0;0;0;0;4;0;0;4;0;0;0,0;8759,54;0,0;0,0;2189,885;1751,908;0,0;100,0;100,0;11,835163;0,071852
ADMIRAL;WWW.STARVEGAS.IT;E1353;CALCIO | ITALIA - I DIVISIONE | Serie A 2026/27 | VINCENTE | Inter;1,975;1,9;2,0;0,506579;4;4;202,0;7962,46;3717,85;0;0;0;0;4;0;0;4;0;0;0,0;7962,46;0,0;0,0;4033,614605;1592,492;0,0;100,0;100,0;10,758214;0,065314
ADMIRAL;WWW.STARVEGAS.IT;E1201;CALCIO | FRANCIA - I DIVISIONE | Ligue 1 2026/2027 | VINCENTE | PSG;1,13;1,13;1,13;0,884956;3;3;200,0;7534,96;3717,85;0;0;0;0;3;0;0;3;0;0;0,0;7534,96;0,0;0,0;6668,106195;1506,992;0,0;100,0;100,0;10,180612;0,061807
ADMIRAL;WWW.STARVEGAS.IT;E1225;CALCIO | GERMANIA - I DIVISIONE | Bundesliga 2026/2027 | VINCENTE | Bayern Monaco;1,15;1,15;1,15;0,869565;3;3;200,0;7534,96;3717,85;0;0;0;0;3;0;0;3;0;0;0,0;7534,96;0,0;0,0;6552,13913;1506,992;0,0;100,0;100,0;10,180612;0,061807
ADMIRAL;WWW.STARVEGAS.IT;E1509;CALCIO | OLANDA - I DIVISIONE | Eredivisie 2026/27 | VINCENTE | PSV;1,73;1,73;1,73;0,578035;2;2;100,0;5488,25;3717,85;0;0;0;0;2;0;0;2;0;0;0,0;5488,25;0,0;0,0;3172,398844;1097,65;0,0;100,0;100,0;7,415267;0,045019
ADMIRAL;WWW.STARVEGAS.IT;E1597;CALCIO | TURCHIA - I DIVISIONE | Super Lig 2026/27 | VINCENTE | Galatasaray;2,1;2,1;2,1;0,47619;1;1;50,0;3717,85;3717,85;0;0;0;0;1;0;0;1;0;0;0,0;3717,85;0,0;0,0;1770,404762;743,57;0,0;100,0;100,0;5,02325;0,030497
ADMIRAL;WWW.STARVEGAS.IT;E1249;CALCIO | INGHILTERRA - I DIVISIONE | Premier League 26/27 | RETROCESSA | SI;1,5;1,5;1,5;0,666667;1;1;1,6;1914,49;1914,49;0;0;0;0;1;0;0;1;0;0;0,0;1914,49;0,0;0,0;1276,326667;382,898;0,0;100,0;100,0;2,5867;0,015704
ADMIRAL;WWW.STARVEGAS.IT;E1342;CALCIO | ITALIA - I DIVISIONE | Serie A 2026/27 | RETROCESSA | SI;1,83;1,83;1,83;0,546448;1;1;1,6;1914,49;1914,49;0;0;0;0;1;0;0;1;0;0;0,0;1914,49;0,0;0,0;1046,169399;382,898;0,0;100,0;100,0;2,5867;0,015704
ADMIRAL;WWW.STARVEGAS.IT;E1566;CALCIO | SPAGNA - I DIVISIONE | Liga 2026/2027 | RETROCESSA | SI;2,15;2,15;2,15;0,465116;1;1;1,6;1914,49;1914,49;0;0;0;0;1;0;0;1;0;0;0,0;1914,49;0,0;0,0;890,460465;382,898;0,0;100,0;100,0;2,5867;0,015704
ADMIRAL;WWW.STARVEGAS.IT;E1221;CALCIO | GERMANIA - I DIVISIONE | Bundesliga 2026/2027 | RETROCESSA | SI;2,95;2,95;2,95;0,338983;1;1;1,6;1914,49;1914,49;0;0;0;0;1;0;0;1;0;0;0,0;1914,49;0,0;0,0;648,979661;382,898;0,0;100,0;100,0;2,5867;0,015704
ADMIRAL;WWW.STARVEGAS.IT;E1198;CALCIO | FRANCIA - I DIVISIONE | Ligue 1 2026/2027 | RETROCESSA | SI;3,75;3,75;3,75;0,266667;1;1;1,6;1914,49;1914,49;0;0;0;0;1;0;0;1;0;0;0,0;1914,49;0,0;0,0;510,530667;382,898;0,0;100,0;100,0;2,5867;0,015704
ADMIRAL;WWW.STARVEGAS.IT;E1351;CALCIO | ITALIA - I DIVISIONE | Serie A 2026/27 | VINCENTE | Como;42,5;35,0;50,0;0,024286;2;2;52,15;1855,25;1755,25;0;0;0;0;2;0;0;2;0;0;0,0;1855,25;0,0;0,0;45,056071;371,05;0,0;100,0;100,0;2,50666;0,015218
ADMIRAL;WWW.STARVEGAS.IT;E969;AUTOMOBILISMO | MONDO - CAMPIONATO FORMULA 1 | Formula 1 Mondiale Costruttori 2026 | VINCENTE | Ferrari;5,666667;5,0;7,0;0,180952;3;3;250,0;1450,0;700,0;0;0;0;0;3;0;0;3;0;0;0,0;1450,0;0,0;0,0;262,380952;290,0;0,0;100,0;100,0;1,95912;0,011894
ADMIRAL;WWW.STARVEGAS.IT;E1122;CALCIO | BRASILE - I DIVISIONE | Brasile A 2026 | VINCENTE | Flamengo;1,73;1,73;1,73;0,578035;1;1;2,0;1224,58;1224,58;0;0;0;0;1;0;0;1;0;0;0,0;1224,58;0,0;0,0;707,849711;244,916;0,0;100,0;100,0;1,654551;0,010045
ADMIRAL;WWW.STARVEGAS.IT;E1119;CALCIO | BRASILE - COPPA | Copa do Brasil 2026 | VINCENTE | Palmeiras;2,6;2,6;2,6;0,384615;1;1;2,0;1224,58;1224,58;0;0;0;0;1;0;0;1;0;0;0,0;1224,58;0,0;0,0;470,992308;244,916;0,0;100,0;100,0;1,654551;0,010045
ADMIRAL;WWW.STARVEGAS.IT;E1534;CALCIO | PORTOGALLO - I DIVISIONE | Primera Liga 2026/27 | VINCENTE | Benfica;2,75;2,75;2,75;0,363636;1;1;2,0;1224,58;1224,58;0;0;0;0;1;0;0;1;0;0;0,0;1224,58;0,0;0,0;445,301818;244,916;0,0;100,0;100,0;1,654551;0,010045
ADMIRAL;WWW.STARVEGAS.IT;E1508;CALCIO | OLANDA - I DIVISIONE | Eredivisie 2026/27 | VINCENTE | Feyenoord;4,5;4,5;4,5;0,222222;1;1;2,0;1224,58;1224,58;0;0;0;0;1;0;0;1;0;0;0,0;1224,58;0,0;0,0;272,128889;244,916;0,0;100,0;100,0;1,654551;0,010045
ADMIRAL;WWW.STARVEGAS.IT;E980;AUTOMOBILISMO | MONDO - CAMPIONATO FORMULA 1 | Formula 1 Mondiale Piloti 2026 | VINCENTE | Leclerc C.;6,0;6,0;6,0;0,166667;3;3;115,0;690,0;300,0;0;0;0;0;3;0;0;3;0;0;0,0;690,0;0,0;0,0;115,0;138,0;0,0;100,0;100,0;0,932271;0,00566
ADMIRAL;WWW.STARVEGAS.IT;E1343;CALCIO | ITALIA - I DIVISIONE | Serie A 2026/27 | T/T | 1;1,7;1,65;1,8;0,589226;3;3;85,0;620,01;246,24;0;0;0;0;3;0;0;3;0;0;0,0;620,01;0,0;0,0;365,325758;124,002;0,0;100,0;100,0;0,837706;0,005086
BBET;WWW.ALLINBET.EU;E3482;CALCIO | EUROPA - UEFA NATIONS LEAGUE | Belgio - Turchia | 1X2 | 1;1,507647;1,48;1,53;0,663382;34;34;177,0;146732,35;50000,0;0;0;0;0;27;7;34;0;1;1;0,0;126971,19;0,0;0,0;97339,526443;25394,238;0,0;79,411765;0,0;1,010843;0,149223
BBET;WWW.ALLINBET.EU;E5742;CALCIO | ITALIA - I DIVISIONE | Atalanta - Venezia | 1X2 | 1;1,629333;1,62;1,66;0,613795;15;15;29,8;121534,49;29956,44;0;0;0;0;9;6;15;0;1;1;0,0;90506,12;0,0;0,0;74597,27911;18101,224;0,0;60,0;0,0;0,837254;0,123597
BBET;WWW.ALLINBET.EU;E5942;CALCIO | ITALIA - I DIVISIONE | Lazio - AC Monza | 1X2 | 1;1,688235;1,62;1,73;0,592614;17;17;55,25;118820,4;29956,44;0;0;0;0;10;7;17;0;1;1;0,0;87382,53;0,0;0,0;70414,663696;17476,506;0,0;58,823529;0,0;0,818557;0,120837
BBET;WWW.ALLINBET.EU;E6007;CALCIO | ITALIA - I DIVISIONE | Napoli - Frosinone Calcio | 1X2 | 1;1,4675;1,44;1,49;0,681504;20;20;49,0;115462,07;29956,44;0;0;0;0;13;7;20;0;1;1;0,0;83802,84;0,0;0,0;78687,838895;16760,568;0,0;65,0;0,0;0,795421;0,117422
BBET;WWW.ALLINBET.EU;E4161;CALCIO | EUROPA - UEFA NATIONS LEAGUE | Isole Far Oer - Slovacchia | 1X2 | 2;1,61;1,56;1,68;0,621374;14;14;37,2;110589,04;50000,0;0;0;0;0;9;5;14;0;1;1;0,0;90570,82;0,0;0,0;68717,150563;18114,164;0,0;64,285714;0,0;0,761851;0,112466
BBET;WWW.ALLINBET.EU;E3874;CALCIO | EUROPA - UEFA NATIONS LEAGUE | Germania - Serbia | 1X2 | 1;1,224928;1,2;1,26;0,816706;69;69;260,3;107807,15;50000,0;0;0;0;0;54;15;69;0;1;1;0,0;96764,1;0,0;0,0;88046,753108;19352,82;0,0;78,26087;0,0;0,742686;0,109637
BBET;WWW.ALLINBET.EU;E3607;CALCIO | EUROPA - UEFA NATIONS LEAGUE | Danimarca - Portogallo | 1X2 | 2;2,048947;2,0;2,08;0,48816;38;38;123,75;97340,67;50000,0;0;0;0;0;24;14;38;0;1;1;0,0;65163,45;0,0;0,0;47517,817335;13032,69;0,0;63,157895;0,0;0,670583;0,098993
BBET;WWW.ALLINBET.EU;E5895;CALCIO | ITALIA - I DIVISIONE | Inter - Parma Calcio | 1X2 | 1;1,147143;1,13;1,16;0,871783;21;21;97,25;97250,45;28835,31;0;0;0;0;13;8;21;0;1;1;0,0;65470,54;0,0;0,0;84781,271458;13094,108;0,0;61,904762;0,0;0,669961;0,098901
BBET;WWW.ALLINBET.EU;E3783;CALCIO | EUROPA - UEFA NATIONS LEAGUE | Galles - Norvegia | 1X2 | 2;1,474348;1,43;1,53;0,678666;69;69;415,1;96391,04;50000,0;0;0;0;0;54;15;69;0;1;1;0,0;85774,0;0,0;0,0;65417,306098;17154,8;0,0;78,26087;0,0;0,664041;0,098027
BBET;WWW.ALLINBET.EU;E4328;CALCIO | EUROPA - UEFA NATIONS LEAGUE | Malta - Gibilterra | 1X2 | 1;1,259464;1,25;1,28;0,794035;56;56;153,15;89946,85;50000,0;0;0;0;0;43;13;56;0;1;1;0,0;86920,14;0,0;0,0;71420,975454;17384,028;0,0;76,785714;0,0;0,619646;0,091473
BBET;WWW.ALLINBET.EU;E2767;CALCIO | EUROPA - CHAMPIONS LEAGUE | Inter - Club Bruges | 1X2 | 1;1,291481;1,27;1,3;0,774349;27;27;54,5;88875,63;28835,31;0;0;0;0;16;11;27;0;1;1;0,0;52179,34;0,0;0,0;68820,711563;10435,868;0,0;59,259259;0,0;0,612267;0,090384
BBET;WWW.ALLINBET.EU;E6042;CALCIO | ITALIA - I DIVISIONE | Roma - Genoa | 1X2 | 1;1,316667;1,31;1,33;0,759532;3;3;3,0;85930,11;29956,44;0;0;0;0;2;1;3;0;1;1;0,0;57094,8;0,0;0,0;65266,704299;11418,96;0,0;66,666667;0,0;0,591975;0,087388
BBET;WWW.ALLINBET.EU;E5990;CALCIO | ITALIA - I DIVISIONE | Milan - Atalanta | 1X2 | 1;1,886667;1,8;1,93;0,530608;3;3;3,0;85930,11;29956,44;0;0;0;0;2;1;3;0;1;1;0,0;57094,8;0,0;0,0;45595,232038;11418,96;0,0;66,666667;0,0;0,591975;0,087388
BBET;WWW.ALLINBET.EU;E6306;CALCIO | ITALIA - III DIVISIONE | Cittadella - AlbinoLeffe | 1X2 | 1;1,583333;1,58;1,6;0,631593;6;6;10,4;84539,87;50000,0;0;0;0;0;5;1;6;0;1;1;0,0;84410,65;0,0;0,0;53394,775488;16882,13;0,0;83,333333;0,0;0,582397;0,085975
BBET;WWW.ALLINBET.EU;E6367;CALCIO | ITALIA - III DIVISIONE | Grosseto - US Sambenedettese | 1X2 | 1;1,638;1,57;1,71;0,611307;5;5;9,4;83883,89;50000,0;0;0;0;0;4;1;5;0;1;1;0,0;83754,67;0,0;0,0;51278,780933;16750,934;0,0;80,0;0,0;0,577878;0,085307
BBET;WWW.ALLINBET.EU;E4392;CALCIO | EUROPA - UEFA NATIONS LEAGUE | Polonia - Romania | 1X2 | 1;1,556471;1,54;1,59;0,642535;17;17;48,4;78438,5;50000,0;0;0;0;0;12;5;17;0;1;1;0,0;66662,95;0,0;0,0;50399,443894;13332,59;0,0;70,588235;0,0;0,540365;0,07977
BBET;WWW.ALLINBET.EU;E6490;CALCIO | ITALIA - III DIVISIONE | Sorrento - S.S.D. Casarano Calcio | DC 1X | 1X;1,353333;1,34;1,36;0,738952;3;3;5,2;78303,9;50000,0;0;0;0;0;3;0;0;3;0;0;0,0;78303,9;0,0;0,0;57862,846795;15660,78;0,0;100,0;100,0;0,539438;0,079633
BBET;WWW.ALLINBET.EU;E4282;CALCIO | EUROPA - UEFA NATIONS LEAGUE | Lettonia - Montenegro | DC X2 | X2;1,186667;1,18;1,2;0,84275;12;12;142,6;77326,4;50000,0;0;0;0;0;12;0;0;12;0;0;0,0;77326,4;0,0;0,0;65166,787194;15465,28;0,0;100,0;100,0;0,532704;0,078639
BBET;WWW.ALLINBET.EU;E6515;CALCIO | ITALIA - III DIVISIONE | US Pianese - Ravenna FC | DC X2 | X2;1,13;1,13;1,13;0,884956;2;2;4,2;76745,94;50000,0;0;0;0;0;2;0;0;2;0;0;0,0;76745,94;0,0;0,0;67916,761062;15349,188;0,0;100,0;100,0;0,528705;0,078048
BBET;WWW.ALLINBET.EU;E6262;CALCIO | ITALIA - III DIVISIONE | Audace Cerignola - Altamura | DC 1X | 1X;1,17;1,15;1,19;0,854951;2;2;4,2;76745,94;50000,0;0;0;0;0;2;0;0;2;0;0;0,0;76745,94;0,0;0,0;65613,993277;15349,188;0,0;100,0;100,0;0,528705;0,078048
BBET;WWW.BBET.EU;E5240;CALCIO | INGHILTERRA - I DIVISIONE | Arsenal - Leeds United | 1X2 | 1;1,407568;1,34;1,43;0,710667;74;74;418,5;695584,56;49776,42;0;0;0;0;63;11;74;0;1;1;0,0;608035,9;0,0;0,0;494329,332784;121607,18;0,0;85,135135;0,0;1,493078;0,707389
BBET;WWW.BBET.EU;E4998;CALCIO | GERMANIA - I DIVISIONE | Borussia Dortmund - Werder Brema | 1X2 | 1;1,37;1,37;1,37;0,729927;36;36;152,25;399475,1;49318,25;0;0;0;0;30;6;36;0;1;1;0,0;347936,74;0,0;0,0;291587,664234;69587,348;0,0;83,333333;0,0;0,857477;0,406255
BBET;WWW.BBET.EU;E3783;CALCIO | EUROPA - UEFA NATIONS LEAGUE | Galles - Norvegia | 1X2 | 2;1,472349;1,43;1,53;0,67955;166;166;1164,05;381273,7;49318,25;0;0;1;1;132;32;166;0;1;1;0,0;311808,23;9988,39;383,51;259094,564878;67394,192;0,0;79,518072;0,0;0,818407;0,387744
BBET;WWW.BBET.EU;E7050;CALCIO | SPAGNA - I DIVISIONE | Real Madrid - Villarreal | 1X2 | 1;1,322203;1,28;1,37;0,75657;59;59;378,15;378053,76;46745,33;0;0;0;0;50;9;59;0;1;1;0,0;289647,76;0,0;0,0;286024,010097;57929,552;0,0;84,745763;0,0;0,811496;0,38447
BBET;WWW.BBET.EU;E3088;CALCIO | EUROPA - CONFERENCE LEAGUE | Friburgo - FK Jablonec | 1X2 | 1;1,314091;1,27;1,34;0,761183;44;44;147,35;365967,74;49776,42;0;0;0;0;34;10;44;0;1;1;0,0;356585,32;0,0;0,0;278568,26162;71317,064;0,0;77,272727;0,0;0,785553;0,372179
BBET;WWW.BBET.EU;E2625;CALCIO | EUROPA - CHAMPIONS LEAGUE | Arsenal - Lille | 1X2 | 1;1,261061;1,22;1,29;0,793278;66;66;400,8;354882,87;49776,42;0;0;0;0;52;14;66;0;1;1;0,0;318704,84;0,0;0,0;281520,875917;63740,968;0,0;78,787879;0,0;0,761759;0,360906
BBET;WWW.BBET.EU;E3039;CALCIO | EUROPA - CONFERENCE LEAGUE | CSKA Sofia - Monaco | 1X2 | 2;1,477714;1,46;1,49;0,676763;35;35;85,2;321119,44;49318,25;0;0;0;0;25;10;35;0;1;1;0,0;296303,49;0,0;0,0;217321,912386;59260,698;0,0;71,428571;0,0;0,689286;0,326569
BBET;WWW.BBET.EU;E4739;CALCIO | FRANCIA - I DIVISIONE | Lille - Le Havre AC | 1X2 | 1;1,461389;1,43;1,48;0,684317;36;36;122,9;319306,31;46252,8;0;0;0;0;31;5;36;0;1;1;0,0;317240,54;0,0;0,0;218506,579389;63448,108;0,0;86,111111;0,0;0,685394;0,324725
BBET;WWW.BBET.EU;E2746;CALCIO | EUROPA - CHAMPIONS LEAGUE | Galatasaray - Barcellona | 1X2 | 2;1,323256;1,31;1,35;0,755771;43;43;253,65;318113,53;49776,42;0;0;0;0;31;12;43;0;1;1;0,0;283848,55;0,0;0,0;240421,015312;56769,71;0,0;72,093023;0,0;0,682833;0,323512
BBET;WWW.BBET.EU;E5895;CALCIO | ITALIA - I DIVISIONE | Inter - Parma Calcio | 1X2 | 1;1,147286;1,13;1,16;0,871657;70;70;597,35;306754,49;46252,8;0;0;0;0;58;12;70;0;1;1;0,0;262954,89;0,0;0,0;267384,599148;52590,978;0,0;82,857143;0,0;0,658451;0,31196
BBET;WWW.BBET.EU;E3005;CALCIO | EUROPA - CONFERENCE LEAGUE | Atalanta - Pafos | 1X2 | 1;1,370435;1,33;1,45;0,730248;46;46;257,05;305138,86;49318,25;0;0;0;0;37;9;46;0;1;1;0,0;299744,97;0,0;0,0;222826,920747;59948,994;0,0;80,434783;0,0;0,654983;0,310317
BBET;WWW.BBET.EU;E6007;CALCIO | ITALIA - I DIVISIONE | Napoli - Frosinone Calcio | 1X2 | 1;1,470294;1,44;1,52;0,680206;68;68;379,15;304693,89;49776,42;0;0;0;0;56;12;68;0;1;1;0,0;258579,28;0,0;0,0;207254,690127;51715,856;0,0;82,352941;0,0;0,654028;0,309865
BBET;WWW.BBET.EU;E3874;CALCIO | EUROPA - UEFA NATIONS LEAGUE | Germania - Serbia | 1X2 | 1;1,226709;1,2;1,33;0,81553;158;158;1244,4;298598,02;49205,6;0;0;1;0;127;30;158;0;1;1;0,0;241071,92;0,0;383,51;243515,77097;48252,735;0,0;80,379747;0,0;0,640943;0,303666
BBET;WWW.BBET.EU;E3147;CALCIO | EUROPA - CONFERENCE LEAGUE | Kuopion Palloseura - Trabzonspor | 1X2 | 2;1,560714;1,49;1,63;0,641935;28;28;119,95;297367,86;49776,42;0;0;0;0;20;8;28;0;1;1;0,0;273684,97;0,0;0,0;190890,812653;54736,994;0,0;71,428571;0,0;0,638303;0,302415
BBET;WWW.BBET.EU;E5742;CALCIO | ITALIA - I DIVISIONE | Atalanta - Venezia | 1X2 | 1;1,634242;1,62;1,7;0,611987;66;66;463,25;291717,34;49776,42;0;0;0;0;55;11;66;0;1;1;0,0;279738,8;0,0;0,0;178527,123163;55947,76;0,0;83,333333;0,0;0,626174;0,296668
BBET;WWW.BBET.EU;E3071;CALCIO | EUROPA - CONFERENCE LEAGUE | Egnatia Rrogozhine - FC Midtjylland | 1X2 | 2;1,552222;1,52;1,64;0,644421;27;27;71,2;280998,76;49318,25;0;0;0;0;20;7;27;0;1;1;0,0;256080,52;0,0;0,0;181081,37445;51216,104;0,0;74,074074;0,0;0,603166;0,285768
BBET;WWW.BBET.EU;E5942;CALCIO | ITALIA - I DIVISIONE | Lazio - AC Monza | 1X2 | 1;1,680351;1,61;1,73;0,595419;57;57;192,15;273103,93;46252,8;0;0;0;0;41;16;57;0;1;1;0,0;239258,09;0,0;0,0;162611,288487;47851,618;0,0;71,929825;0,0;0,58622;0,277739
BBET;WWW.BBET.EU;E3412;CALCIO | EUROPA - UEFA NATIONS LEAGUE | Azerbaigian - Liechtenstein | 1X2 | 1;1,117439;1,09;1,22;0,895086;82;82;657,4;268483,19;49205,6;0;0;1;1;61;19;82;0;1;1;0,0;195819,3;9988,39;383,51;240315,475085;44196,406;0,0;74,390244;0,0;0,576301;0,27304
BBET;WWW.BBET.EU;E4277;CALCIO | EUROPA - UEFA NATIONS LEAGUE | Lettonia - Montenegro | 1X2 | 2;1,855714;1,83;1,89;0,538978;21;21;46,2;265780,38;49205,6;0;0;0;0;19;2;21;0;1;1;0,0;223832,86;0,0;0,0;143249,798782;44766,572;0,0;90,47619;0,0;0,5705;0,270291
BBET;WWW.BBET.EU;E3227;CALCIO | EUROPA - CONFERENCE LEAGUE | Twente - Thun | 1X2 | 1;1,205556;1,2;1,22;0,829526;36;36;139,8;259774,73;49776,42;0;0;0;0;31;5;36;0;1;1;0,0;256768,73;0,0;0,0;215489,895335;51353,746;0,0;86,111111;0,0;0,557609;0,264183
BBET;WWW.BGAME.IT;E6007;CALCIO | ITALIA - I DIVISIONE | Napoli - Frosinone Calcio | 1X2 | 1;1,474706;1,42;1,49;0,678147;153;153;614,0;440141,41;9026,65;0;0;0;0;148;5;153;0;1;1;0,0;438683,32;0,0;0,0;298480,684257;87736,664;0,0;96,732026;0,0;3,966927;0,447611
BBET;WWW.BGAME.IT;E5895;CALCIO | ITALIA - I DIVISIONE | Inter - Parma Calcio | 1X2 | 1;1,147484;1,13;1,16;0,871511;155;155;807,85;437672,28;26123,59;0;0;0;0;148;7;155;0;1;1;0,0;434731,36;0,0;0,0;381436,320083;86946,272;0,0;95,483871;0,0;3,944673;0,4451
BBET;WWW.BGAME.IT;E6124;CALCIO | ITALIA - I DIVISIONE | Torino - Udinese | DC 1X | 1X;1,362294;1,35;1,39;0,73408;109;109;483,0;361239,93;9026,65;0;0;0;0;109;0;0;109;0;0;0,0;361239,93;0,0;0,0;265179,078471;72247,986;0,0;100,0;100,0;3,2558;0,367371
BBET;WWW.BGAME.IT;E5784;CALCIO | ITALIA - I DIVISIONE | Cagliari Calcio - Juventus | DC X2 | X2;1,129462;1,12;1,13;0,885381;93;93;474,0;293521,14;7131,17;0;0;0;0;93;0;0;93;0;0;0,0;293521,14;0,0;0,0;259877,910765;58704,228;0,0;100,0;100,0;2,645461;0,298503
BBET;WWW.BGAME.IT;E5863;CALCIO | ITALIA - I DIVISIONE | Genoa - Fiorentina | DC X2 | X2;1,37;1,37;1,37;0,729927;81;81;255,0;271639,98;6889,2;0;0;0;0;81;0;0;81;0;0;0,0;271639,98;0,0;0,0;198277,357664;54327,996;0,0;100,0;100,0;2,448249;0,27625
BBET;WWW.BGAME.IT;E5812;CALCIO | ITALIA - I DIVISIONE | Como - Roma | 1X2 | 2;2,62;2,62;2,62;0,381679;68;68;206,0;252330,14;8949,65;0;0;0;0;67;1;68;0;1;1;0,0;251893,01;0,0;0,0;96309,21374;50378,602;0,0;98,529412;0,0;2,274213;0,256612
BBET;WWW.BGAME.IT;E6059;CALCIO | ITALIA - I DIVISIONE | Sassuolo Calcio - Milan | 1X2 | 2;1,842093;1,79;1,86;0,542879;86;86;301,0;227993,55;8949,65;0;0;0;0;84;2;86;0;1;1;0,0;227444,17;0,0;0,0;123772,869598;45488,834;0,0;97,674419;0,0;2,054871;0,231863
BBET;WWW.BGAME.IT;E5742;CALCIO | ITALIA - I DIVISIONE | Atalanta - Venezia | 1X2 | 1;1,637812;1,62;1,7;0,610654;96;96;501,0;203763,31;8949,65;0;0;0;0;94;2;96;0;1;1;0,0;203250,43;0,0;0,0;124428,83771;40650,086;0,0;97,916667;0,0;1,836487;0,207221
BBET;WWW.BGAME.IT;E5947;CALCIO | ITALIA - I DIVISIONE | Lazio - AC Monza | DC 1X | 1X;1,163247;1,15;1,18;0,859734;77;77;422,0;180005,86;8949,65;0;0;0;0;77;0;0;77;0;0;0,0;180005,86;0,0;0,0;154757,179911;36001,172;0,0;100,0;100,0;1,622365;0,183061
BBET;WWW.BGAME.IT;E6064;CALCIO | ITALIA - I DIVISIONE | Sassuolo Calcio - Milan | DC X2 | X2;1,220735;1,21;1,24;0,819193;68;68;366,0;173056,25;9026,65;0;0;0;0;68;0;0;68;0;0;0,0;173056,25;0,0;0,0;141766,5228;34611,25;0,0;100,0;100,0;1,559729;0,175993
BBET;WWW.BGAME.IT;E5780;CALCIO | ITALIA - I DIVISIONE | Cagliari Calcio - Juventus | 1X2 | 2;1,573281;1,5;1,58;0,635667;64;64;206,8;167776,39;26123,59;0;0;0;0;61;3;64;0;1;1;0,0;166647,11;0,0;0,0;106649,904794;33329,422;0,0;95,3125;0,0;1,512143;0,170624
BBET;WWW.BGAME.IT;E5816;CALCIO | ITALIA - I DIVISIONE | Como - Roma | DC 1X | 1X;1,499;1,48;1,5;0,667117;60;60;303,0;163489,73;9026,65;0;0;0;0;60;0;0;60;0;0;0,0;163489,73;0,0;0,0;109066,797356;32697,946;0,0;100,0;100,0;1,473508;0,166264
BBET;WWW.BGAME.IT;E5813;CALCIO | ITALIA - I DIVISIONE | Como - Roma | 1X2 | X;3,55;3,55;3,55;0,28169;54;54;142,0;133936,82;6063,22;0;0;0;0;53;1;54;0;1;1;0,0;133127,18;0,0;0,0;37728,68169;26625,436;0,0;98,148148;0,0;1,207152;0,13621
BBET;WWW.BGAME.IT;E5862;CALCIO | ITALIA - I DIVISIONE | Genoa - Fiorentina | DC 1X | 1X;1,62;1,62;1,62;0,617284;46;46;254,0;123312,21;9026,65;0;0;0;0;46;0;0;46;0;0;0,0;123312,21;0,0;0,0;76118,648148;24662,442;0,0;100,0;100,0;1,111394;0,125405
BBET;WWW.BGAME.IT;E5956;CALCIO | ITALIA - I DIVISIONE | Lazio - AC Monza | RISULTATO ESATTO | 2-0;7,673913;7,5;7,75;0,130341;23;23;67,0;98702,51;6889,2;0;0;0;0;23;0;23;0;1;1;0,0;98702,51;0,0;0,0;12865,011589;19740,502;0,0;100,0;0,0;0,889591;0,100378
BBET;WWW.BGAME.IT;E5899;CALCIO | ITALIA - I DIVISIONE | Inter - Parma Calcio | DC X2 | X2;5,6;5,6;5,6;0,178571;25;25;86,0;90722,73;9026,65;0;0;0;0;25;0;0;25;0;0;0,0;90722,73;0,0;0,0;16200,4875;18144,546;0,0;100,0;100,0;0,81767;0,092262
BBET;WWW.BGAME.IT;E5955;CALCIO | ITALIA - I DIVISIONE | Lazio - AC Monza | RISULTATO ESATTO | 1-0;6,8125;6,75;6,85;0,146796;24;24;61,0;87336,09;6662,68;0;0;0;0;24;0;24;0;1;1;0,0;87336,09;0,0;0,0;12820,62635;17467,218;0,0;100,0;0,0;0,787147;0,088818
BBET;WWW.BGAME.IT;E6058;CALCIO | ITALIA - I DIVISIONE | Sassuolo Calcio - Milan | 1X2 | 1;4,15;4,15;4,15;0,240964;27;27;68,0;83982,45;6889,2;0;0;0;0;27;0;27;0;1;1;0,0;83982,45;0,0;0,0;20236,73494;16796,49;0,0;100,0;0,0;0,756921;0,085408
BBET;WWW.BGAME.IT;E5943;CALCIO | ITALIA - I DIVISIONE | Lazio - AC Monza | 1X2 | 2;5,209091;5,2;5,4;0,191984;22;22;56,0;82718,36;9026,65;0;0;0;0;22;0;22;0;1;1;0,0;82718,36;0,0;0,0;15880,596827;16543,672;0,0;100,0;0,0;0,745528;0,084122
BBET;WWW.BGAME.IT;E6123;CALCIO | ITALIA - I DIVISIONE | Torino - Udinese | DC 12 | 12;1,322941;1,32;1,33;0,7559;34;34;102,0;78054,82;4355,94;0;0;0;0;34;0;0;34;0;0;0,0;78054,82;0,0;0,0;59001,673274;15610,964;0,0;100,0;100,0;0,703496;0,079379
BBET;WWW.DNGAMES.IT;E3783;CALCIO | EUROPA - UEFA NATIONS LEAGUE | Galles - Norvegia | 1X2 | 2;1,4788;1,44;1,53;0,676574;25;25;92,4;102941,93;50000,0;0;0;0;0;22;3;25;0;1;1;0,0;101170,28;0,0;0,0;69647,846628;20234,056;0,0;88,0;0,0;2,154691;0,104689
BBET;WWW.DNGAMES.IT;E3874;CALCIO | EUROPA - UEFA NATIONS LEAGUE | Germania - Serbia | 1X2 | 1;1,226364;1,2;1,26;0,815664;22;22;85,9;93772,05;50000,0;0;0;0;0;19;3;22;0;1;1;0,0;92000,4;0,0;0,0;76486,474937;18400,08;0,0;86,363636;0,0;1,962755;0,095363
BBET;WWW.DNGAMES.IT;E4254;CALCIO | EUROPA - UEFA NATIONS LEAGUE | Kazakistan - Moldova | 1X2 | 1;1,692;1,65;1,76;0,591387;5;5;24,2;77183,5;50000,0;0;0;0;0;5;0;5;0;1;1;0,0;77183,5;0,0;0,0;45645,341274;15436,7;0,0;100,0;0,0;1,615538;0,078493
BBET;WWW.DNGAMES.IT;E4555;CALCIO | EUROPA - UEFA NATIONS LEAGUE | Ucraina - Irlanda del Nord | 1X2 | 1;1,91;1,88;1,94;0,523689;2;2;20,2;71560,0;50000,0;0;0;0;0;2;0;2;0;1;1;0,0;71560,0;0,0;0,0;37475,213863;14312,0;0,0;100,0;0,0;1,497832;0,072774
BBET;WWW.DNGAMES.IT;E4593;CALCIO | EUROPA - UEFA NATIONS LEAGUE | Ungheria - Georgia | U/O | OVER;1,525714;1,28;2,06;0,6819;7;7;31,2;58358,77;50000,0;0;0;0;0;7;0;0;7;0;0;0,0;58358,77;0,0;0,0;39794,824414;11671,754;0,0;100,0;100,0;1,221515;0,059349
BBET;WWW.DNGAMES.IT;E4398;CALCIO | EUROPA - UEFA NATIONS LEAGUE | Polonia - Romania | DC 1X | 1X;1,1175;1,11;1,14;0,894974;4;4;38,0;57532,38;50000,0;0;0;0;0;4;0;0;4;0;0;0,0;57532,38;0,0;0,0;51489,97973;11506,476;0,0;100,0;100,0;1,204218;0,058509
BBET;WWW.DNGAMES.IT;E4069;CALCIO | EUROPA - UEFA NATIONS LEAGUE | Irlanda - Austria | 1X2 | X;3,183333;3,15;3,2;0,314153;3;3;22,6;54823,45;50000,0;0;0;0;0;3;0;3;0;1;1;0,0;54823,45;0,0;0,0;17222,975364;10964,69;0,0;100,0;0,0;1,147517;0,055754
BBET;WWW.DNGAMES.IT;E3608;CALCIO | EUROPA - UEFA NATIONS LEAGUE | Danimarca - Portogallo | 1X2 | X;3,65;3,65;3,65;0,273973;2;2;20,2;54400,12;50000,0;0;0;0;0;2;0;2;0;1;1;0,0;54400,12;0,0;0,0;14904,142466;10880,024;0,0;100,0;0,0;1,138656;0,055323
BBET;WWW.DNGAMES.IT;E4323;CALCIO | EUROPA - UEFA NATIONS LEAGUE | Malta - Gibilterra | 1X2 + U/O | 1 + OV;1,94;1,52;2,16;0,529382;3;3;21,2;53047,27;50000,0;0;0;0;0;2;1;3;0;1;1;0,0;50065,02;0,0;0,0;28082,294986;10013,004;0,0;66,666667;0,0;1,11034;0,053948
BBET;WWW.DNGAMES.IT;E3765;CALCIO | EUROPA - UEFA NATIONS LEAGUE | Francia - Italia | U/O | OVER;1,2775;1,12;1,43;0,794104;4;4;27,2;52988,58;50000,0;0;0;0;0;4;0;0;4;0;0;0,0;52988,58;0,0;0,0;42078,420728;10597,716;0,0;100,0;100,0;1,109111;0,053888
BBET;WWW.DNGAMES.IT;E3405;CALCIO | EUROPA - UEFA NATIONS LEAGUE | Azerbaigian - Liechtenstein | 1X2 + U/O | 1 + OV;1,585;1,58;1,59;0,630921;2;2;20,2;52982,25;50000,0;0;0;0;0;1;1;2;0;1;1;0,0;50000,0;0,0;0,0;33427,619716;10000,0;0,0;50,0;0,0;1,108979;0,053881
BBET;WWW.DNGAMES.IT;E3507;CALCIO | EUROPA - UEFA NATIONS LEAGUE | Belgio - Turchia | U/O | OVER;1,27;1,12;1,42;0,798541;4;4;28,2;51028,57;50000,0;0;0;0;0;4;0;0;4;0;0;0,0;51028,57;0,0;0,0;40748,417945;10205,714;0,0;100,0;100,0;1,068086;0,051895
BBET;WWW.DNGAMES.IT;E4367;CALCIO | EUROPA - UEFA NATIONS LEAGUE | Malta - Gibilterra | U/O | UNDER;1,67;1,67;1,67;0,598802;2;2;22,2;50193,16;50000,0;0;0;0;0;2;0;0;2;0;0;0,0;50193,16;0,0;0,0;30055,784431;10038,632;0,0;100,0;100,0;1,0506;0,051045
BBET;WWW.DNGAMES.IT;E3969;CALCIO | EUROPA - UEFA NATIONS LEAGUE | Grecia - Olanda | 1X2 | X;3,65;3,65;3,65;0,273973;2;2;20,2;50047,28;50000,0;0;0;0;0;1;1;2;0;1;1;0,0;50000,0;0,0;0,0;13711,583562;10000,0;0,0;50,0;0,0;1,047546;0,050897
BBET;WWW.DNGAMES.IT;E3517;CALCIO | EUROPA - UEFA NATIONS LEAGUE | Bosnia-Erzegovina - Svezia | DC 12 | 12;1,26;1,26;1,26;0,793651;1;1;19,2;50000,0;50000,0;0;0;0;0;1;0;0;1;0;0;0,0;50000,0;0,0;0,0;39682,539683;10000,0;0,0;100,0;100,0;1,046557;0,050849
BBET;WWW.DNGAMES.IT;E3611;CALCIO | EUROPA - UEFA NATIONS LEAGUE | Danimarca - Portogallo | DC 12 | 12;1,29;1,29;1,29;0,775194;1;1;19,2;50000,0;50000,0;0;0;0;0;1;0;0;1;0;0;0,0;50000,0;0,0;0,0;38759,689922;10000,0;0,0;100,0;100,0;1,046557;0,050849
BBET;WWW.DNGAMES.IT;E3973;CALCIO | EUROPA - UEFA NATIONS LEAGUE | Grecia - Olanda | DC 12 | 12;1,29;1,29;1,29;0,775194;1;1;19,2;50000,0;50000,0;0;0;0;0;1;0;0;1;0;0;0,0;50000,0;0,0;0,0;38759,689922;10000,0;0,0;100,0;100,0;1,046557;0,050849
BBET;WWW.DNGAMES.IT;E4072;CALCIO | EUROPA - UEFA NATIONS LEAGUE | Irlanda - Austria | DC 12 | 12;1,31;1,31;1,31;0,763359;1;1;19,2;50000,0;50000,0;0;0;0;0;1;0;0;1;0;0;0,0;50000,0;0,0;0,0;38167,938931;10000,0;0,0;100,0;100,0;1,046557;0,050849
BBET;WWW.DNGAMES.IT;E3456;CALCIO | EUROPA - UEFA NATIONS LEAGUE | Azerbaigian - Liechtenstein | U/O | UNDER;2,16;2,16;2,16;0,462963;1;1;19,2;50000,0;50000,0;0;0;0;0;1;0;0;1;0;0;0,0;50000,0;0,0;0,0;23148,148148;10000,0;0,0;100,0;100,0;1,046557;0,050849
BBET;WWW.DNGAMES.IT;E3513;CALCIO | EUROPA - UEFA NATIONS LEAGUE | Bosnia-Erzegovina - Svezia | 1X2 | X;3,5;3,5;3,5;0,285714;1;1;19,2;50000,0;50000,0;0;0;0;0;1;0;1;0;1;1;0,0;50000,0;0,0;0,0;14285,714286;10000,0;0,0;100,0;0,0;1,046557;0,050849
BBET;WWW.GAM-X.EU;E5742;CALCIO | ITALIA - I DIVISIONE | Atalanta - Venezia | 1X2 | 1;1,62;1,62;1,62;0,617284;1;1;2,0;9729,27;9729,27;0;0;0;0;1;0;1;0;1;1;0,0;9729,27;0,0;0,0;6005,722222;1945,854;0,0;100,0;0,0;6,392288;0,009894
BBET;WWW.GAM-X.EU;E6014;CALCIO | ITALIA - I DIVISIONE | Napoli - Frosinone Calcio | GG/NG | GOAL;1,69;1,69;1,69;0,591716;1;1;2,0;9729,27;9729,27;0;0;0;0;1;0;0;1;0;0;0,0;9729,27;0,0;0,0;5756,964497;1945,854;0,0;100,0;100,0;6,392288;0,009894
BBET;WWW.GAM-X.EU;E6059;CALCIO | ITALIA - I DIVISIONE | Sassuolo Calcio - Milan | 1X2 | 2;1,85;1,85;1,85;0,540541;1;1;2,0;9729,27;9729,27;0;0;0;0;1;0;1;0;1;1;0,0;9729,27;0,0;0,0;5259,064865;1945,854;0,0;100,0;0,0;6,392288;0,009894
BBET;WWW.GAM-X.EU;E5977;CALCIO | ITALIA - I DIVISIONE | Lecce - Bologna FC | GG/NG | NOGOAL;1,86;1,86;1,86;0,537634;1;1;2,0;9729,27;9729,27;0;0;0;0;1;0;0;1;0;0;0,0;9729,27;0,0;0,0;5230,790323;1945,854;0,0;100,0;100,0;6,392288;0,009894
BBET;WWW.GAM-X.EU;E5786;CALCIO | ITALIA - I DIVISIONE | Cagliari Calcio - Juventus | GG/NG | GOAL;2,0;2,0;2,0;0,5;1;1;2,0;9729,27;9729,27;0;0;0;0;1;0;0;1;0;0;0,0;9729,27;0,0;0,0;4864,635;1945,854;0,0;100,0;100,0;6,392288;0,009894
BBET;WWW.GAM-X.EU;E5900;CALCIO | ITALIA - I DIVISIONE | Inter - Parma Calcio | GG/NG | GOAL;2,0;2,0;2,0;0,5;1;1;2,0;9729,27;9729,27;0;0;0;0;1;0;0;1;0;0;0,0;9729,27;0,0;0,0;4864,635;1945,854;0,0;100,0;100,0;6,392288;0,009894
BBET;WWW.GAM-X.EU;E6120;CALCIO | ITALIA - I DIVISIONE | Torino - Udinese | 1X2 | 1;2,37;2,37;2,37;0,421941;1;1;2,0;9729,27;9729,27;0;0;0;0;1;0;1;0;1;1;0,0;9729,27;0,0;0,0;4105,177215;1945,854;0,0;100,0;0,0;6,392288;0,009894
BBET;WWW.GAM-X.EU;E5812;CALCIO | ITALIA - I DIVISIONE | Como - Roma | 1X2 | 2;2,62;2,62;2,62;0,381679;1;1;2,0;9729,27;9729,27;0;0;0;0;1;0;1;0;1;1;0,0;9729,27;0,0;0,0;3713,461832;1945,854;0,0;100,0;0,0;6,392288;0,009894
BBET;WWW.GAM-X.EU;E5858;CALCIO | ITALIA - I DIVISIONE | Genoa - Fiorentina | 1X2 | 1;3,15;3,15;3,15;0,31746;1;1;2,0;9729,27;9729,27;0;0;0;0;1;0;1;0;1;1;0,0;9729,27;0,0;0,0;3088,657143;1945,854;0,0;100,0;0,0;6,392288;0,009894
BBET;WWW.GAM-X.EU;E5943;CALCIO | ITALIA - I DIVISIONE | Lazio - AC Monza | 1X2 | 2;5,5;5,5;5,5;0,181818;1;1;2,0;9729,27;9729,27;0;0;0;0;1;0;1;0;1;1;0,0;9729,27;0,0;0,0;1768,958182;1945,854;0,0;100,0;0,0;6,392288;0,009894
BBET;WWW.GAM-X.EU;E6901;CALCIO | SCOZIA - COPPA DI LEGA | League Cup 2026/27 | VINCENTE | Celtic;2,5;2,5;2,5;0,4;1;1;1,0;4733,43;4733,43;0;0;0;0;1;0;0;1;0;0;0,0;4733,43;0,0;0,0;1893,372;946,686;0,0;100,0;100,0;3,10994;0,004814
BBET;WWW.GAM-X.EU;E6927;CALCIO | SPAGNA - COPPA | Copa del Rey 2026/2027 | VINCENTE | Barcellona;3,0;3,0;3,0;0,333333;1;1;1,0;4733,43;4733,43;0;0;0;0;1;0;0;1;0;0;0,0;4733,43;0,0;0,0;1577,81;946,686;0,0;100,0;100,0;3,10994;0,004814
BBET;WWW.GAM-X.EU;E3696;CALCIO | EUROPA - UEFA NATIONS LEAGUE | Europa Nations League 2026/2027 | VINCENTE | Francia;3,75;3,75;3,75;0,266667;1;1;1,0;4733,43;4733,43;0;0;0;0;1;0;0;1;0;0;0,0;4733,43;0,0;0,0;1262,248;946,686;0,0;100,0;100,0;3,10994;0,004814
BBET;WWW.GAM-X.EU;E5401;CALCIO | INGHILTERRA - I DIVISIONE | Premier League 2026/27 - Prima Alla 5 giornata | VINCENTE | Manchester City;4,25;4,25;4,25;0,235294;1;1;1,0;4733,43;4733,43;0;0;0;0;1;0;0;1;0;0;0,0;4733,43;0,0;0,0;1113,748235;946,686;0,0;100,0;100,0;3,10994;0,004814
BBET;WWW.GAM-X.EU;E2948;CALCIO | EUROPA - CHAMPIONS LEAGUE | UEFA Champions League 26/27 | VINCENTE | PSG;6,0;6,0;6,0;0,166667;1;1;1,0;4733,43;4733,43;0;0;0;0;1;0;0;1;0;0;0,0;4733,43;0,0;0,0;788,905;946,686;0,0;100,0;100,0;3,10994;0,004814
BBET;WWW.GAM-X.EU;E5726;CALCIO | ITALIA - COPPA | Coppa Italia 2026/2027 | VINCENTE | Juventus;6,0;6,0;6,0;0,166667;1;1;1,0;4733,43;4733,43;0;0;0;0;1;0;0;1;0;0;0,0;4733,43;0,0;0,0;788,905;946,686;0,0;100,0;100,0;3,10994;0,004814
BBET;WWW.GAM-X.EU;E4733;CALCIO | FRANCIA - I DIVISIONE | Ligue 1 2026/2027 | VINCENTE | PSG;1,15;1,15;1,15;0,869565;1;1;1,0;2431,94;2431,94;0;0;0;0;1;0;0;1;0;0;0,0;2431,94;0,0;0,0;2114,730435;486,388;0,0;100,0;100,0;1,597824;0,002473
BBET;WWW.GAM-X.EU;E5010;CALCIO | GERMANIA - I DIVISIONE | Bundesliga 2026/2027 | VINCENTE | Bayern Monaco;1,15;1,15;1,15;0,869565;1;1;1,0;2431,94;2431,94;0;0;0;0;1;0;0;1;0;0;0,0;2431,94;0,0;0,0;2114,730435;486,388;0,0;100,0;100,0;1,597824;0,002473
BBET;WWW.GAM-X.EU;E4703;CALCIO | FRANCIA - COPPA | Coppa Di Francia 2026/27 | VINCENTE | PSG;1,65;1,65;1,65;0,606061;1;1;1,0;2431,94;2431,94;0;0;0;0;1;0;0;1;0;0;0,0;2431,94;0,0;0,0;1473,90303;486,388;0,0;100,0;100,0;1,597824;0,002473
BBET;WWW.GAM-X.EU;E7010;CALCIO | SPAGNA - I DIVISIONE | Liga 2026/2027 | VINCENTE | Barcellona;1,7;1,7;1,7;0,588235;1;1;1,0;2431,94;2431,94;0;0;0;0;1;0;0;1;0;0;0,0;2431,94;0,0;0,0;1430,552941;486,388;0,0;100,0;100,0;1,597824;0,002473
BBET;WWW.MINNIEBET.EU;E3874;CALCIO | EUROPA - UEFA NATIONS LEAGUE | Germania - Serbia | 1X2 | 1;1,234;1,2;1,25;0,810538;5;5;39,2;8316,4;4306,19;0;0;0;0;5;0;5;0;1;1;0,0;8316,4;0,0;0,0;6740,755183;1663,28;0,0;100,0;0,0;2,72195;0,008458
BBET;WWW.MINNIEBET.EU;E3979;CALCIO | EUROPA - UEFA NATIONS LEAGUE | Grecia - Olanda | GG/NG | GOAL;1,5475;1,54;1,55;0,646209;4;4;36,2;7972,63;4306,19;0;0;0;0;4;0;0;4;0;0;0,0;7972,63;0,0;0,0;5151,98231;1594,526;0,0;100,0;100,0;2,609434;0,008108
BBET;WWW.MINNIEBET.EU;E3783;CALCIO | EUROPA - UEFA NATIONS LEAGUE | Galles - Norvegia | 1X2 | 2;1,4875;1,44;1,51;0,672522;4;4;36,2;7107,39;4306,19;0;0;0;0;4;0;4;0;1;1;0,0;7107,39;0,0;0,0;4779,877373;1421,478;0,0;100,0;0,0;2,326242;0,007228
BBET;WWW.MINNIEBET.EU;E3412;CALCIO | EUROPA - UEFA NATIONS LEAGUE | Azerbaigian - Liechtenstein | 1X2 | 1;1,12;1,12;1,12;0,892857;4;4;21,2;6891,29;4306,19;0;0;0;0;4;0;4;0;1;1;0,0;6891,29;0,0;0,0;6152,9375;1378,258;0,0;100,0;0,0;2,255513;0,007008
BBET;WWW.MINNIEBET.EU;E4328;CALCIO | EUROPA - UEFA NATIONS LEAGUE | Malta - Gibilterra | 1X2 | 1;1,2525;1,25;1,26;0,798413;4;4;21,2;6891,29;4306,19;0;0;0;0;4;0;4;0;1;1;0,0;6891,29;0,0;0,0;5502,093444;1378,258;0,0;100,0;0,0;2,255513;0,007008
BBET;WWW.MINNIEBET.EU;E4201;CALCIO | EUROPA - UEFA NATIONS LEAGUE | Israele - Kosovo | DC X2 | X2;1,333333;1,33;1,34;0,750009;3;3;18,2;6547,52;4306,19;0;0;0;0;3;0;0;3;0;0;0,0;6547,52;0,0;0,0;4910,701231;1309,504;0,0;100,0;100,0;2,142997;0,006659
BBET;WWW.MINNIEBET.EU;E3613;CALCIO | EUROPA - UEFA NATIONS LEAGUE | Danimarca - Portogallo | DC X2 | X2;1,31;1,31;1,31;0,763359;1;1;7,2;4306,19;4306,19;0;0;0;0;1;0;0;1;0;0;0,0;4306,19;0,0;0,0;3287,167939;861,238;0,0;100,0;100,0;1,409412;0,004379
BBET;WWW.MINNIEBET.EU;E1871;CALCIO | AFRICA - QUAL. COPPA D'AFRICA | Guinea - Kenya | 1X2 | 1;1,71;1,71;1,71;0,584795;1;1;7,2;4306,19;4306,19;0;0;0;0;1;0;1;0;1;1;0,0;4306,19;0,0;0,0;2518,239766;861,238;0,0;100,0;0,0;1,409412;0,004379
BBET;WWW.MINNIEBET.EU;E4068;CALCIO | EUROPA - UEFA NATIONS LEAGUE | Irlanda - Austria | 1X2 | 2;2,19;2,19;2,19;0,456621;1;1;7,2;4306,19;4306,19;0;0;0;0;1;0;1;0;1;1;0,0;4306,19;0,0;0,0;1966,296804;861,238;0,0;100,0;0,0;1,409412;0,004379
BBET;WWW.MINNIEBET.EU;E1873;CALCIO | AFRICA - QUAL. COPPA D'AFRICA | Guinea - Kenya | 1X2 | X;3,15;3,15;3,15;0,31746;1;1;7,2;4306,19;4306,19;0;0;0;0;1;0;1;0;1;1;0,0;4306,19;0,0;0,0;1367,044444;861,238;0,0;100,0;0,0;1,409412;0,004379
BBET;WWW.MINNIEBET.EU;E3881;CALCIO | EUROPA - UEFA NATIONS LEAGUE | Germania - Serbia | DC X2 | X2;4,15;4,15;4,15;0,240964;1;1;7,2;4306,19;4306,19;0;0;0;0;1;0;0;1;0;0;0,0;4306,19;0,0;0,0;1037,636145;861,238;0,0;100,0;100,0;1,409412;0,004379
BBET;WWW.MINNIEBET.EU;E4330;CALCIO | EUROPA - UEFA NATIONS LEAGUE | Malta - Gibilterra | 1X2 | X;4,8;4,8;4,8;0,208333;1;1;7,2;4306,19;4306,19;0;0;0;0;1;0;1;0;1;1;0,0;4306,19;0,0;0,0;897,122917;861,238;0,0;100,0;0,0;1,409412;0,004379
BBET;WWW.MINNIEBET.EU;E3420;CALCIO | EUROPA - UEFA NATIONS LEAGUE | Azerbaigian - Liechtenstein | DC X2 | X2;4,85;4,85;4,85;0,206186;1;1;7,2;4306,19;4306,19;0;0;0;0;1;0;0;1;0;0;0,0;4306,19;0,0;0,0;887,874227;861,238;0,0;100,0;100,0;1,409412;0,004379
BBET;WWW.MINNIEBET.EU;E1872;CALCIO | AFRICA - QUAL. COPPA D'AFRICA | Guinea - Kenya | 1X2 | 2;5,8;5,8;5,8;0,172414;1;1;7,2;4306,19;4306,19;0;0;0;0;1;0;1;0;1;1;0,0;4306,19;0,0;0,0;742,446552;861,238;0,0;100,0;0,0;1,409412;0,004379
BBET;WWW.MINNIEBET.EU;E4329;CALCIO | EUROPA - UEFA NATIONS LEAGUE | Malta - Gibilterra | 1X2 | 2;11,0;11,0;11,0;0,090909;1;1;7,2;4306,19;4306,19;0;0;0;0;1;0;1;0;1;1;0,0;4306,19;0,0;0,0;391,471818;861,238;0,0;100,0;0,0;1,409412;0,004379
BBET;WWW.MINNIEBET.EU;E5902;CALCIO | ITALIA - I DIVISIONE | Inter - Parma Calcio | MULTIGOL CASA | SI;1,27;1,27;1,27;0,787402;2;2;7,1;3944,48;2924,26;0;0;0;0;2;0;0;2;0;0;0,0;3944,48;0,0;0,0;3105,889764;788,896;0,0;100,0;100,0;1,291025;0,004011
BBET;WWW.MINNIEBET.EU;E2754;CALCIO | EUROPA - CHAMPIONS LEAGUE | Galatasaray - Barcellona | MULTIGOL OSPITE | SI;1,28;1,28;1,28;0,78125;2;2;7,1;3944,48;2924,26;0;0;0;0;2;0;0;2;0;0;0,0;3944,48;0,0;0,0;3081,625;788,896;0,0;100,0;100,0;1,291025;0,004011
BBET;WWW.MINNIEBET.EU;E7055;CALCIO | SPAGNA - I DIVISIONE | Real Madrid - Villarreal | MULTIGOL CASA | SI;1,305;1,3;1,31;0,766295;2;2;7,1;3944,48;2924,26;0;0;0;0;2;0;0;2;0;0;0,0;3944,48;0,0;0,0;3022,63441;788,896;0,0;100,0;100,0;1,291025;0,004011
BBET;WWW.MINNIEBET.EU;E2780;CALCIO | EUROPA - CHAMPIONS LEAGUE | Inter - Club Bruges | U/O INFO1 SQUADRA INFO2 | OVER;1,31;1,31;1,31;0,763359;2;2;7,1;3944,48;2924,26;0;0;0;0;2;0;0;2;0;0;0,0;3944,48;0,0;0,0;3011,053435;788,896;0,0;100,0;100,0;1,291025;0,004011
BBET;WWW.MINNIEBET.EU;E5004;CALCIO | GERMANIA - I DIVISIONE | Borussia Dortmund - Werder Brema | U/O INFO1 SQUADRA INFO2 | OVER;1,31;1,31;1,31;0,763359;2;2;7,1;3944,48;2924,26;0;0;0;0;2;0;0;2;0;0;0,0;3944,48;0,0;0,0;3011,053435;788,896;0,0;100,0;100,0;1,291025;0,004011
BBET;WWW.SKILLJOY.EU;E3874;CALCIO | EUROPA - UEFA NATIONS LEAGUE | Germania - Serbia | 1X2 | 1;1,228;1,2;1,26;0,8146;10;10;16,0;118850,31;49704,63;0;0;0;0;7;3;10;0;1;1;0,0;53940,05;0,0;0,0;96815,470707;10788,01;0,0;70,0;0,0;3,516687;0,120867
BBET;WWW.SKILLJOY.EU;E4328;CALCIO | EUROPA - UEFA NATIONS LEAGUE | Malta - Gibilterra | 1X2 | 1;1,26;1,25;1,27;0,793665;7;7;7,0;114057,98;49704,63;0;0;0;0;4;3;7;0;1;1;0,0;49147,72;0,0;0,0;90523,835545;9829,544;0,0;57,142857;0,0;3,374886;0,115994
BBET;WWW.SKILLJOY.EU;E4521;CALCIO | EUROPA - UEFA NATIONS LEAGUE | Svizzera - Slovenia | 1X2 | 1;1,315;1,3;1,34;0,760554;4;4;4,0;103708,6;49704,63;0;0;0;0;2;2;4;0;1;1;0,0;47817,99;0,0;0,0;78876,016056;9563,598;0,0;50,0;0,0;3,068656;0,105469
BBET;WWW.SKILLJOY.EU;E4145;CALCIO | EUROPA - UEFA NATIONS LEAGUE | Islanda - Bulgaria | 1X2 | 1;1,41;1,41;1,41;0,70922;3;3;3,0;103597,99;49704,63;0;0;0;0;1;2;3;0;1;1;0,0;47707,38;0,0;0,0;73473,751773;9541,476;0,0;33,333333;0,0;3,065383;0,105356
BBET;WWW.SKILLJOY.EU;E4392;CALCIO | EUROPA - UEFA NATIONS LEAGUE | Polonia - Romania | 1X2 | 1;1,55;1,55;1,55;0,645161;3;3;3,0;97505,67;49704,63;0;0;0;0;2;1;3;0;1;1;0,0;47801,04;0,0;0,0;62906,883871;9560,208;0,0;66,666667;0,0;2,885116;0,09916
BBET;WWW.SKILLJOY.EU;E4254;CALCIO | EUROPA - UEFA NATIONS LEAGUE | Kazakistan - Moldova | 1X2 | 1;1,663333;1,65;1,67;0,601222;3;3;3,0;97505,67;49704,63;0;0;0;0;2;1;3;0;1;1;0,0;47801,04;0,0;0,0;58622,534313;9560,208;0,0;66,666667;0,0;2,885116;0,09916
BBET;WWW.SKILLJOY.EU;E3482;CALCIO | EUROPA - UEFA NATIONS LEAGUE | Belgio - Turchia | 1X2 | 1;1,5;1,5;1,5;0,666667;2;2;2,0;97412,01;49704,63;0;0;0;0;1;1;2;0;1;1;0,0;47707,38;0,0;0,0;64941,34;9541,476;0,0;50,0;0,0;2,882344;0,099065
BBET;WWW.SKILLJOY.EU;E5240;CALCIO | INGHILTERRA - I DIVISIONE | Arsenal - Leeds United | 1X2 | 1;1,42;1,39;1,43;0,70431;5;5;24,0;68485,26;49704,63;0;0;0;0;0;5;5;0;1;1;0,0;0,0;0,0;0,0;48234,879638;0,0;0,0;0,0;0,0;2,026425;0,069648
BBET;WWW.SKILLJOY.EU;E6715;CALCIO | OLANDA - I DIVISIONE | PSV Eindhoven - Heerenveen | 1X2 | 1;1,22;1,22;1,22;0,819672;3;3;3,0;64910,26;49704,63;0;0;0;0;0;3;3;0;1;1;0,0;0,0;0,0;0,0;53205,131148;0,0;0,0;0,0;0,0;1,920643;0,066012
BBET;WWW.SKILLJOY.EU;E6683;CALCIO | OLANDA - I DIVISIONE | Ajax - NEC Nimega | 1X2 | 1;1,27;1,27;1,27;0,787402;3;3;3,0;64910,26;49704,63;0;0;0;0;0;3;3;0;1;1;0,0;0,0;0,0;0,0;51110,440945;0,0;0,0;0,0;0,0;1,920643;0,066012
BBET;WWW.SKILLJOY.EU;E6822;CALCIO | PORTOGALLO - I DIVISIONE | Benfica - Vitoria Guimaraes | 1X2 | 1;1,286667;1,28;1,29;0,777213;3;3;3,0;64910,26;49704,63;0;0;0;0;0;3;3;0;1;1;0,0;0,0;0,0;0,0;50449,067547;0,0;0,0;0,0;0,0;1,920643;0,066012
BBET;WWW.SKILLJOY.EU;E7050;CALCIO | SPAGNA - I DIVISIONE | Real Madrid - Villarreal | 1X2 | 1;1,353333;1,33;1,37;0,739034;3;3;3,0;64910,26;49704,63;0;0;0;0;0;3;3;0;1;1;0,0;0,0;0,0;0,0;47970,863648;0,0;0,0;0,0;0,0;1,920643;0,066012
BBET;WWW.SKILLJOY.EU;E4998;CALCIO | GERMANIA - I DIVISIONE | Borussia Dortmund - Werder Brema | 1X2 | 1;1,37;1,37;1,37;0,729927;3;3;3,0;64910,26;49704,63;0;0;0;0;0;3;3;0;1;1;0,0;0,0;0,0;0,0;47379,751825;0,0;0,0;0,0;0,0;1,920643;0,066012
BBET;WWW.SKILLJOY.EU;E4806;CALCIO | FRANCIA - I DIVISIONE | Stade Rennes FC - Auxerre | 1X2 | 1;1,435;1,43;1,44;0,696873;2;2;2,0;58724,28;49704,63;0;0;0;0;0;2;2;0;1;1;0,0;0,0;0,0;0,0;40923,340035;0,0;0,0;0,0;0,0;1,737605;0,059721
BBET;WWW.SKILLJOY.EU;E5033;CALCIO | GERMANIA - I DIVISIONE | Hoffenheim - Amburgo | 1X2 | 1;1,435;1,43;1,44;0,696873;2;2;2,0;58724,28;49704,63;0;0;0;0;0;2;2;0;1;1;0,0;0,0;0,0;0,0;40923,340035;0,0;0,0;0,0;0,0;1,737605;0,059721
BBET;WWW.SKILLJOY.EU;E2041;CALCIO | AMICHEVOLI SQUADRE NAZIONALI | Uzbekistan - Siria | 1X2 | 1;1,333333;1,32;1,36;0,750149;3;3;3,0;56577,98;47707,38;0;0;0;0;2;1;3;0;1;1;0,0;50392,0;0,0;0,0;42441,889335;10078,4;0,0;66,666667;0,0;1,674098;0,057538
BBET;WWW.SKILLJOY.EU;E1909;CALCIO | AMERICA - CONCACAF NATIONS LEAGUE | Dominica - Guyana | 1X2 | 2;1,193333;1,19;1,2;0,838002;3;3;3,0;53987,02;47707,38;0;0;0;0;2;1;3;0;1;1;0,0;47801,04;0,0;0,0;45241,223576;9560,208;0,0;66,666667;0,0;1,597433;0,054903
BBET;WWW.SKILLJOY.EU;E1919;CALCIO | AMERICA - CONCACAF NATIONS LEAGUE | Isole Vergini americane - Saint Martin | 1X2 | 2;1,253333;1,25;1,26;0,797884;3;3;3,0;53987,02;47707,38;0;0;0;0;2;1;3;0;1;1;0,0;47801,04;0,0;0,0;43075,357757;9560,208;0,0;66,666667;0,0;1,597433;0,054903
BBET;WWW.SKILLJOY.EU;E2166;CALCIO | ASIA - GIOCHI ASIATICI F. | Cina - Repubblica di Corea | 1X2 | 2;1,34;1,34;1,34;0,746269;2;2;2,0;53893,36;47707,38;0;0;0;0;1;1;2;0;1;1;0,0;47707,38;0,0;0,0;40218,925373;9541,476;0,0;50,0;0,0;1,594662;0,054808
BBET;WWW.SKILLJOY.EU;E6007;CALCIO | ITALIA - I DIVISIONE | Napoli - Frosinone Calcio | 1X2 | 1;1,47;1,46;1,49;0,680335;3;3;22,0;53279,63;49704,63;0;0;0;0;0;3;3;0;1;1;0,0;0,0;0,0;0,0;36247,978487;0,0;0,0;0,0;0,0;1,576502;0,054184
BBET;WWW.SOCIALGAME24.IT;E3979;CALCIO | EUROPA - UEFA NATIONS LEAGUE | Grecia - Olanda | GG/NG | GOAL;1,54;1,54;1,54;0,649351;2;2;3,7;31631,61;29296,8;0;0;0;0;2;0;0;2;0;0;0,0;31631,61;0,0;0,0;20540,006494;6326,322;0,0;100,0;100,0;2,879995;0,032168
BBET;WWW.SOCIALGAME24.IT;E3616;CALCIO | EUROPA - UEFA NATIONS LEAGUE | Danimarca - Portogallo | GG/NG | GOAL;1,57;1,56;1,58;0,636969;2;2;3,7;31631,61;29296,8;0;0;0;0;2;0;0;2;0;0;0,0;31631,61;0,0;0,0;20148,339703;6326,322;0,0;100,0;100,0;2,879995;0,032168
BBET;WWW.SOCIALGAME24.IT;E3794;CALCIO | EUROPA - UEFA NATIONS LEAGUE | Galles - Norvegia | GG/NG | GOAL;1,695;1,69;1,7;0,589976;2;2;3,7;31631,61;29296,8;0;0;0;0;2;0;0;2;0;0;0,0;31631,61;0,0;0,0;18661,879203;6326,322;0,0;100,0;100,0;2,879995;0,032168
BBET;WWW.SOCIALGAME24.IT;E4069;CALCIO | EUROPA - UEFA NATIONS LEAGUE | Irlanda - Austria | 1X2 | X;3,2;3,2;3,2;0,3125;1;1;9,6;31424,05;31424,05;0;0;0;0;0;1;1;0;1;1;0,0;0,0;0,0;0,0;9820,015625;0,0;0,0;0,0;0,0;2,861097;0,031957
BBET;WWW.SOCIALGAME24.IT;E4193;CALCIO | EUROPA - UEFA NATIONS LEAGUE | Israele - Kosovo | 1X2 | 1;3,2;3,2;3,2;0,3125;1;1;9,6;31424,05;31424,05;0;0;0;0;0;1;1;0;1;1;0,0;0,0;0,0;0,0;9820,015625;0,0;0,0;0,0;0,0;2,861097;0,031957
BBET;WWW.SOCIALGAME24.IT;E3967;CALCIO | EUROPA - UEFA NATIONS LEAGUE | Grecia - Olanda | 1X2 | 1;3,35;3,35;3,35;0,298507;1;1;9,6;31424,05;31424,05;0;0;0;0;0;1;1;0;1;1;0,0;0,0;0,0;0,0;9380,313433;0,0;0,0;0,0;0,0;2,861097;0,031957
BBET;WWW.SOCIALGAME24.IT;E3606;CALCIO | EUROPA - UEFA NATIONS LEAGUE | Danimarca - Portogallo | 1X2 | 1;3,5;3,5;3,5;0,285714;1;1;9,6;31424,05;31424,05;0;0;0;0;0;1;1;0;1;1;0,0;0,0;0,0;0,0;8978,3;0,0;0,0;0,0;0,0;2,861097;0,031957
BBET;WWW.SOCIALGAME24.IT;E3784;CALCIO | EUROPA - UEFA NATIONS LEAGUE | Galles - Norvegia | 1X2 | X;4,9;4,9;4,9;0,204082;1;1;9,6;31424,05;31424,05;0;0;0;0;0;1;1;0;1;1;0,0;0,0;0,0;0,0;6413,071429;0,0;0,0;0,0;0,0;2,861097;0,031957
BBET;WWW.SOCIALGAME24.IT;E3414;CALCIO | EUROPA - UEFA NATIONS LEAGUE | Azerbaigian - Liechtenstein | 1X2 | X;6,8;6,8;6,8;0,147059;1;1;9,6;31424,05;31424,05;0;0;0;0;0;1;1;0;1;1;0,0;0,0;0,0;0,0;4621,183824;0,0;0,0;0,0;0,0;2,861097;0,031957
BBET;WWW.SOCIALGAME24.IT;E3875;CALCIO | EUROPA - UEFA NATIONS LEAGUE | Germania - Serbia | 1X2 | 2;11,5;11,5;11,5;0,086957;1;1;9,6;31424,05;31424,05;0;0;0;0;0;1;1;0;1;1;0,0;0,0;0,0;0,0;2732,526087;0,0;0,0;0,0;0,0;2,861097;0,031957
BBET;WWW.SOCIALGAME24.IT;E4605;CALCIO | EUROPA-QUAL. CAMP. EUROPEI U21 | Armenia U21 - Italia U21 | RISULTATO ESATTO | 0-3;6,0;6,0;6,0;0,166667;1;1;1,7;29296,8;29296,8;0;0;0;0;1;0;1;0;1;1;0,0;29296,8;0,0;0,0;4882,8;5859,36;0,0;100,0;0,0;2,667415;0,029794
BBET;WWW.SOCIALGAME24.IT;E3919;CALCIO | EUROPA - UEFA NATIONS LEAGUE | Germania - Serbia | RISULTATO ESATTO | 3-0;8,25;8,25;8,25;0,121212;1;1;1,7;29296,8;29296,8;0;0;0;0;1;0;1;0;1;1;0,0;29296,8;0,0;0,0;3551,127273;5859,36;0,0;100,0;0,0;2,667415;0,029794
BBET;WWW.SOCIALGAME24.IT;E3498;CALCIO | EUROPA - UEFA NATIONS LEAGUE | Belgio - Turchia | RISULTATO ESATTO | 2-1;8,75;8,75;8,75;0,114286;1;1;1,7;29296,8;29296,8;0;0;0;0;1;0;1;0;1;1;0,0;29296,8;0,0;0,0;3348,205714;5859,36;0,0;100,0;0,0;2,667415;0,029794
BBET;WWW.SOCIALGAME24.IT;E3754;CALCIO | EUROPA - UEFA NATIONS LEAGUE | Francia - Italia | RISULTATO ESATTO | 2-1;8,75;8,75;8,75;0,114286;1;1;1,7;29296,8;29296,8;0;0;0;0;1;0;1;0;1;1;0,0;29296,8;0,0;0,0;3348,205714;5859,36;0,0;100,0;0,0;2,667415;0,029794
BBET;WWW.SOCIALGAME24.IT;E3507;CALCIO | EUROPA - UEFA NATIONS LEAGUE | Belgio - Turchia | U/O | OVER;1,56;1,41;2,01;0,656293;4;4;31,0;16893,54;6221,84;0;0;0;0;4;0;0;4;0;0;0,0;16893,54;0,0;0,0;11087,112099;3378,708;0,0;100,0;100,0;1,538123;0,01718
BBET;WWW.SOCIALGAME24.IT;E4237;CALCIO | EUROPA - UEFA NATIONS LEAGUE | Israele - Kosovo | U/O | OVER;1,646;1,26;3,15;0,693452;5;5;36,4;16652,73;6221,84;0;0;0;0;5;0;0;5;0;0;0,0;16652,73;0,0;0,0;11547,875268;3330,546;0,0;100,0;100,0;1,516198;0,016935
BBET;WWW.SOCIALGAME24.IT;E6691;CALCIO | OLANDA - I DIVISIONE | Ajax - NEC Nimega | U/O | OVER;1,416667;1,28;1,69;0,718072;3;3;30,0;16544,62;6221,84;0;0;0;0;3;0;0;3;0;0;0,0;16544,62;0,0;0,0;11880,228242;3308,924;0,0;100,0;100,0;1,506355;0,016825
BBET;WWW.SOCIALGAME24.IT;E6463;CALCIO | ITALIA - III DIVISIONE | Potenza - AZ Picerno | U/O | OVER;1,733333;1,22;2,75;0,665439;3;3;30,0;15128,42;6221,84;0;0;0;0;3;0;0;3;0;0;0,0;15128,42;0,0;0,0;10067,038785;3025,684;0,0;100,0;100,0;1,377413;0,015385
BBET;WWW.SOCIALGAME24.IT;E6288;CALCIO | ITALIA - III DIVISIONE | Catania FC - Crotone | U/O | OVER;1,84;1,26;3,0;0,640212;3;3;30,0;15128,42;6221,84;0;0;0;0;3;0;0;3;0;0;0,0;15128,42;0,0;0,0;9685,390582;3025,684;0,0;100,0;100,0;1,377413;0,015385
BBET;WWW.SOCIALGAME24.IT;E6449;CALCIO | ITALIA - III DIVISIONE | Ospitaletto - Renate | U/O | OVER;1,926667;1,29;3,2;0,620963;3;3;30,0;15128,42;6221,84;0;0;0;0;3;0;0;3;0;0;0,0;15128,42;0,0;0,0;9394,181993;3025,684;0,0;100,0;100,0;1,377413;0,015385
BBET;WWW.SPORTBULL.IT;E3825;CALCIO | EUROPA - UEFA NATIONS LEAGUE | Galles - Norvegia | RISULTATO ESATTO | 0-3;10,9;10,5;11,0;0,091775;5;5;31,5;120892,31;41259,23;0;0;0;0;5;0;5;0;1;1;0,0;120892,31;0,0;0,0;11094,878667;24178,462;0,0;100,0;0,0;2,037101;0,122944
BBET;WWW.SPORTBULL.IT;E3826;CALCIO | EUROPA - UEFA NATIONS LEAGUE | Galles - Norvegia | RISULTATO ESATTO | 1-2;8,75;8,75;8,75;0,114286;4;4;28,8;118466,98;41259,23;0;0;0;0;4;0;4;0;1;1;0,0;118466,98;0,0;0,0;13539,083429;23693,396;0,0;100,0;0,0;1,996233;0,120477
BBET;WWW.SPORTBULL.IT;E3650;CALCIO | EUROPA - UEFA NATIONS LEAGUE | Danimarca - Portogallo | RISULTATO ESATTO | 1-2;9,25;9,25;9,25;0,108108;4;4;28,8;118466,98;41259,23;0;0;0;0;4;0;4;0;1;1;0,0;118466,98;0,0;0,0;12807,241081;23693,396;0,0;100,0;0,0;1,996233;0,120477
BBET;WWW.SPORTBULL.IT;E4011;CALCIO | EUROPA - UEFA NATIONS LEAGUE | Grecia - Olanda | RISULTATO ESATTO | 1-2;9,25;9,25;9,25;0,108108;4;4;28,8;118466,98;41259,23;0;0;0;0;4;0;4;0;1;1;0,0;118466,98;0,0;0,0;12807,241081;23693,396;0,0;100,0;0,0;1,996233;0,120477
BBET;WWW.SPORTBULL.IT;E3818;CALCIO | EUROPA - UEFA NATIONS LEAGUE | Galles - Norvegia | RIS.ESATTO MULTIPLO 2 | 0-4 1-4;9,74;9,74;9,74;0,102669;4;4;28,8;118466,98;41259,23;0;0;0;0;4;0;0;4;0;0;0,0;118466,98;0,0;0,0;12162,934292;23693,396;0,0;100,0;100,0;1,996233;0,120477
BBET;WWW.SPORTBULL.IT;E3637;CALCIO | EUROPA - UEFA NATIONS LEAGUE | Danimarca - Portogallo | RIS.ESATTO MULTIPLO 2 | 0-4 1-4;18,86;18,86;18,86;0,053022;4;4;28,8;118466,98;41259,23;0;0;0;0;4;0;0;4;0;0;0,0;118466,98;0,0;0,0;6281,388123;23693,396;0,0;100,0;100,0;1,996233;0,120477
BBET;WWW.SPORTBULL.IT;E3648;CALCIO | EUROPA - UEFA NATIONS LEAGUE | Danimarca - Portogallo | RISULTATO ESATTO | 0-3;20,0;20,0;20,0;0,05;4;4;28,8;118466,98;41259,23;0;0;0;0;4;0;4;0;1;1;0,0;118466,98;0,0;0,0;5923,349;23693,396;0,0;100,0;0,0;1,996233;0,120477
BBET;WWW.SPORTBULL.IT;E4000;CALCIO | EUROPA - UEFA NATIONS LEAGUE | Grecia - Olanda | RIS.ESATTO MULTIPLO 2 | 0-4 1-4;20,57;20,57;20,57;0,048614;4;4;28,8;118466,98;41259,23;0;0;0;0;4;0;0;4;0;0;0,0;118466,98;0,0;0,0;5759,211473;23693,396;0,0;100,0;100,0;1,996233;0,120477
BBET;WWW.SPORTBULL.IT;E4008;CALCIO | EUROPA - UEFA NATIONS LEAGUE | Grecia - Olanda | RISULTATO ESATTO | 0-3;21,0;21,0;21,0;0,047619;4;4;28,8;118466,98;41259,23;0;0;0;0;4;0;4;0;1;1;0,0;118466,98;0,0;0,0;5641,284762;23693,396;0,0;100,0;0,0;1,996233;0,120477
BBET;WWW.SPORTBULL.IT;E6007;CALCIO | ITALIA - I DIVISIONE | Napoli - Frosinone Calcio | 1X2 | 1;1,469048;1,46;1,49;0,680749;21;21;126,5;92288,12;29916,3;0;0;0;0;17;4;21;0;1;1;0,0;45458,32;0,0;0,0;62825,025306;9091,664;0,0;80,952381;0,0;1,555105;0,093854
BBET;WWW.SPORTBULL.IT;E5240;CALCIO | INGHILTERRA - I DIVISIONE | Arsenal - Leeds United | 1X2 | 1;1,411;1,34;1,43;0,708961;20;20;77,5;80945,29;29916,3;0;0;0;0;18;2;20;0;1;1;0,0;46803,55;0,0;0,0;57387,065297;9360,71;0,0;90,0;0,0;1,363972;0,082319
BBET;WWW.SPORTBULL.IT;E3919;CALCIO | EUROPA - UEFA NATIONS LEAGUE | Germania - Serbia | RISULTATO ESATTO | 3-0;8,25;8,25;8,25;0,121212;3;3;24,8;78474,0;41259,23;0;0;0;0;3;0;3;0;1;1;0,0;78474,0;0,0;0,0;9512,0;15694,8;0,0;100,0;0,0;1,32233;0,079806
BBET;WWW.SPORTBULL.IT;E3906;CALCIO | EUROPA - UEFA NATIONS LEAGUE | Germania - Serbia | RIS.ESATTO MULTIPLO 2 | 4-0 4-1;6,16;6,16;6,16;0,162338;2;2;22,4;77778,06;41259,23;0;0;0;0;2;0;0;2;0;0;0,0;77778,06;0,0;0,0;12626,308442;15555,612;0,0;100,0;100,0;1,310603;0,079098
BBET;WWW.SPORTBULL.IT;E3907;CALCIO | EUROPA - UEFA NATIONS LEAGUE | Germania - Serbia | RIS.ESATTO MULTIPLO 3 | 3-1 3-2;7,39;7,39;7,39;0,135318;2;2;22,4;77778,06;41259,23;0;0;0;0;2;0;0;2;0;0;0,0;77778,06;0,0;0,0;10524,771313;15555,612;0,0;100,0;100,0;1,310603;0,079098
BBET;WWW.SPORTBULL.IT;E2767;CALCIO | EUROPA - CHAMPIONS LEAGUE | Inter - Club Bruges | 1X2 | 1;1,287778;1,27;1,3;0,776571;18;18;324,45;77063,84;29916,3;0;0;0;0;17;1;18;0;1;1;0,0;47147,54;0,0;0,0;59845,527936;9429,508;0,0;94,444444;0,0;1,298568;0,078372
BBET;WWW.SPORTBULL.IT;E3827;CALCIO | EUROPA - UEFA NATIONS LEAGUE | Galles - Norvegia | RISULTATO ESATTO | 1-3;11,5;11,5;11,5;0,086957;3;3;18,7;64271,33;41259,23;0;0;0;0;3;0;3;0;1;1;0,0;64271,33;0,0;0,0;5588,811304;12854,266;0,0;100,0;0,0;1,083007;0,065362
BBET;WWW.SPORTBULL.IT;E3651;CALCIO | EUROPA - UEFA NATIONS LEAGUE | Danimarca - Portogallo | RISULTATO ESATTO | 1-3;15,0;15,0;15,0;0,066667;2;2;16,0;61846,0;41259,23;0;0;0;0;2;0;2;0;1;1;0,0;61846,0;0,0;0,0;4123,066667;12369,2;0,0;100,0;0,0;1,042139;0,062896
BBET;WWW.SPORTBULL.IT;E4012;CALCIO | EUROPA - UEFA NATIONS LEAGUE | Grecia - Olanda | RISULTATO ESATTO | 1-3;16,0;16,0;16,0;0,0625;2;2;16,0;61846,0;41259,23;0;0;0;0;2;0;2;0;1;1;0,0;61846,0;0,0;0,0;3865,375;12369,2;0,0;100,0;0,0;1,042139;0,062896
BBET;WWW.SPORTBULL.IT;E6106;CALCIO | ITALIA - I DIVISIONE | Serie A 2026/27 | VINCENTE | Inter;1,975;1,8;2,0;0,506944;8;8;112,35;60747,54;20543,23;0;0;0;0;8;0;0;8;0;0;0,0;60747,54;0,0;0,0;30795,627917;12149,508;0,0;100,0;100,0;1,023629;0,061778
BBET;WWW.SPORTBULL.IT;E6215;CALCIO | ITALIA - II DIVISIONE | Serie B 2026 - 2027 | VINCENTE | Palermo;2,558333;2,2;3,0;0,39899;6;6;32,2;58968,54;18024,07;0;0;0;0;6;0;0;6;0;0;0,0;58968,54;0,0;0,0;23527,851818;11793,708;0,0;100,0;100,0;0,993652;0,059969
BBET;WWW.TOPBET24.IT;E7050;CALCIO | SPAGNA - I DIVISIONE | Real Madrid - Villarreal | 1X2 | 1;1,321176;1,26;1,37;0,757308;34;34;648,2;193875,8;49934,91;0;0;0;0;32;2;34;0;1;1;0,0;193226,26;0,0;0,0;146823,773164;38645,252;0,0;94,117647;0,0;2,350109;0,197166
BBET;WWW.TOPBET24.IT;E5240;CALCIO | INGHILTERRA - I DIVISIONE | Arsenal - Leeds United | 1X2 | 1;1,407179;1,34;1,43;0,710847;39;39;700,4;171485,4;49934,91;0;0;0;0;36;3;39;0;1;1;0,0;169263,16;0,0;0,0;121899,83428;33852,632;0,0;92,307692;0,0;2,078699;0,174396
BBET;WWW.TOPBET24.IT;E6007;CALCIO | ITALIA - I DIVISIONE | Napoli - Frosinone Calcio | 1X2 | 1;1,468611;1,43;1,49;0,68097;36;36;598,4;145724,82;49934,91;0;0;0;0;30;6;36;0;1;1;0,0;142835,45;0,0;0,0;99234,259121;28567,09;0,0;83,333333;0,0;1,766436;0,148198
BBET;WWW.TOPBET24.IT;E5742;CALCIO | ITALIA - I DIVISIONE | Atalanta - Venezia | 1X2 | 1;1,632667;1,62;1,67;0,612568;30;30;420,6;143888,56;49934,91;0;0;0;0;26;4;30;0;1;1;0,0;130824,72;0,0;0,0;88141,469249;26164,944;0,0;86,666667;0,0;1,744177;0,146331
BBET;WWW.TOPBET24.IT;E3874;CALCIO | EUROPA - UEFA NATIONS LEAGUE | Germania - Serbia | 1X2 | 1;1,230351;1,2;1,26;0,813115;57;57;758,2;98995,23;49934,91;0;0;0;0;43;14;57;0;1;1;0,0;90129,8;0,0;0,0;80494,488256;18025,96;0,0;75,438596;0,0;1,199993;0,100675
BBET;WWW.TOPBET24.IT;E4423;CALCIO | EUROPA - UEFA NATIONS LEAGUE | Repubblica Ceca - Inghilterra | 1X2 | 2;1,341818;1,25;1,48;0,746435;22;22;541,0;92060,93;49934,91;0;0;0;0;19;3;22;0;1;1;0,0;92039,35;0,0;0,0;68717,478904;18407,87;0,0;86,363636;0,0;1,115937;0,093623
BBET;WWW.TOPBET24.IT;E5942;CALCIO | ITALIA - I DIVISIONE | Lazio - AC Monza | 1X2 | 1;1,677273;1,62;1,73;0,596539;33;33;148,2;90574,51;18061,7;0;0;0;0;25;8;33;0;1;1;0,0;77948,0;0,0;0,0;54031,240869;15589,6;0,0;75,757576;0,0;1,097919;0,092112
BBET;WWW.TOPBET24.IT;E5895;CALCIO | ITALIA - I DIVISIONE | Inter - Parma Calcio | 1X2 | 1;1,147632;1,13;1,15;0,871386;38;38;400,2;88270,52;10548,3;0;0;0;0;34;4;38;0;1;1;0,0;86157,71;0,0;0,0;76917,695725;17231,542;0,0;89,473684;0,0;1,069991;0,089769
BBET;WWW.TOPBET24.IT;E4485;CALCIO | EUROPA - UEFA NATIONS LEAGUE | Spagna - Croazia | 1X2 | 1;1,2316;1,2;1,37;0,813283;25;25;603,0;85223,79;49934,91;0;0;0;0;22;3;25;0;1;1;0,0;84930,16;0,0;0,0;69311,069223;16986,032;0,0;88,0;0,0;1,033059;0,08667
BBET;WWW.TOPBET24.IT;E4794;CALCIO | FRANCIA - I DIVISIONE | Paris Saint-Germain - Le Mans FC | 1X2 | 1;1,102727;1,08;1,12;0,907055;22;22;374,2;79059,37;10548,3;0;0;0;0;21;1;22;0;1;1;0,0;79032,79;0,0;0,0;71711,185196;15806,558;0,0;95,454545;0,0;0,958336;0,080401
BBET;WWW.TOPBET24.IT;E2767;CALCIO | EUROPA - CHAMPIONS LEAGUE | Inter - Club Bruges | 1X2 | 1;1,289545;1,28;1,3;0,77549;22;22;84,0;77942,62;48889,05;0;0;0;0;17;5;22;0;1;1;0,0;73791,21;0,0;0,0;60443,742327;14758,242;0,0;77,272727;0,0;0,944799;0,079265
BBET;WWW.TOPBET24.IT;E3783;CALCIO | EUROPA - UEFA NATIONS LEAGUE | Galles - Norvegia | 1X2 | 2;1,462245;1,43;1,53;0,684217;49;49;481,2;75599,02;39714,55;0;0;0;0;36;13;49;0;1;1;0,0;56670,46;0,0;0,0;51726,115892;11334,092;0,0;73,469388;0,0;0,91639;0,076882
BBET;WWW.TOPBET24.IT;E4998;CALCIO | GERMANIA - I DIVISIONE | Borussia Dortmund - Werder Brema | 1X2 | 1;1,37;1,37;1,37;0,729927;17;17;118,0;72379,1;10548,3;0;0;0;0;15;2;17;0;1;1;0,0;70310,46;0,0;0,0;52831,459854;14062,092;0,0;88,235294;0,0;0,877359;0,073607
BBET;WWW.TOPBET24.IT;E6066;CALCIO | ITALIA - I DIVISIONE | Sassuolo Calcio - Milan | GG/NG | GOAL;1,70125;1,7;1,71;0,587805;8;8;19,2;70936,78;48889,05;0;0;0;0;8;0;0;8;0;0;0,0;70936,78;0,0;0,0;41697,015076;14187,356;0,0;100,0;100,0;0,859876;0,072141
BBET;WWW.TOPBET24.IT;E6955;CALCIO | SPAGNA - I DIVISIONE | Barcellona - Getafe | 1X2 | 1;1,066842;1,06;1,07;0,937364;19;19;273,2;68673,55;10548,3;0;0;0;0;18;1;19;0;1;1;0,0;68646,97;0,0;0,0;64372,092084;13729,394;0,0;94,736842;0,0;0,832442;0,069839
BBET;WWW.TOPBET24.IT;E3005;CALCIO | EUROPA - CONFERENCE LEAGUE | Atalanta - Pafos | 1X2 | 1;1,365625;1,33;1,45;0,732769;16;16;64,3;65876,15;48889,05;0;0;0;0;12;4;16;0;1;1;0,0;59767,02;0,0;0,0;48272,001733;11953,404;0,0;75,0;0,0;0,798532;0,066994
BBET;WWW.TOPBET24.IT;E5286;CALCIO | INGHILTERRA - I DIVISIONE | Chelsea - Bournemouth | 1X2 | 1;1,754;1,72;1,8;0,570387;5;5;309,0;65054,52;49934,91;0;0;0;0;3;2;5;0;1;1;0,0;54124,01;0,0;0,0;37106,271897;10824,802;0,0;60,0;0,0;0,788573;0,066159
BBET;WWW.TOPBET24.IT;E3482;CALCIO | EUROPA - UEFA NATIONS LEAGUE | Belgio - Turchia | 1X2 | 1;1,508421;1,48;1,55;0,663034;19;19;331,4;62856,88;49934,91;0;0;0;0;12;7;19;0;1;1;0,0;55763,35;0,0;0,0;41676,250868;11152,67;0,0;63,157895;0,0;0,761934;0,063924
BBET;WWW.TOPBET24.IT;E3672;CALCIO | EUROPA - UEFA NATIONS LEAGUE | Danimarca - Portogallo | U/O | OVER;1,413333;1,19;1,64;0,724105;12;12;311,25;62020,58;49934,91;0;0;0;0;12;0;0;12;0;0;0,0;62020,58;0,0;0,0;44909,390827;12404,116;0,0;100,0;100,0;0,751796;0,063073
BBET;WWW.TOPBET24.IT;E3488;CALCIO | EUROPA - UEFA NATIONS LEAGUE | Belgio - Turchia | DC 1X | 1X;1,150714;1,14;1,16;0,869039;14;14;144,3;61586,38;11782,66;0;0;0;0;14;0;0;14;0;0;0,0;61586,38;0,0;0,0;53520,976228;12317,276;0,0;100,0;100,0;0,746533;0,062632
BBET;WWW.UNIONSBET.IT;E3682;CALCIO | EUROPA - UEFA NATIONS LEAGUE | Estonia - Lussemburgo | 1X2 | X;3,15;3,15;3,15;0,31746;1;1;500,0;18970,87;18970,87;0;0;0;0;0;1;1;0;1;1;0,0;0,0;0,0;0,0;6022,498413;0,0;0,0;0,0;0,0;33,315596;0,019293
BBET;WWW.UNIONSBET.IT;E3550;CALCIO | EUROPA - UEFA NATIONS LEAGUE | Cipro - Armenia | 1X2 | X;3,3;3,3;3,3;0,30303;1;1;500,0;18970,87;18970,87;0;0;0;0;0;1;1;0;1;1;0,0;0,0;0,0;0,0;5748,748485;0,0;0,0;0,0;0,0;33,315596;0,019293
BBET;WWW.UNIONSBET.IT;E3969;CALCIO | EUROPA - UEFA NATIONS LEAGUE | Grecia - Olanda | 1X2 | X;3,65;3,65;3,65;0,273973;1;1;500,0;18970,87;18970,87;0;0;0;0;0;1;1;0;1;1;0,0;0,0;0,0;0,0;5197,49863;0,0;0,0;0,0;0,0;33,315596;0,019293
BBET;WWW.UNIONSBET.IT;E4436;CALCIO | EUROPA - UEFA NATIONS LEAGUE | San Marino - Albania | 1X2 | 2;1,04;1,04;1,04;0,961538;1;1;3,0;5,05;5,05;0;0;0;0;1;0;1;0;1;1;0,0;5,05;0,0;0,0;4,855769;1,01;0,0;100,0;0,0;0,008869;5e-06
BBET;WWW.UNIONSBET.IT;E4424;CALCIO | EUROPA - UEFA NATIONS LEAGUE | Repubblica Ceca - Inghilterra | DC X2 | X2;1,05;1,05;1,05;0,952381;1;1;3,0;5,05;5,05;0;0;0;0;1;0;0;1;0;0;0,0;5,05;0,0;0,0;4,809524;1,01;0,0;100,0;100,0;0,008869;5e-06
BBET;WWW.UNIONSBET.IT;E4487;CALCIO | EUROPA - UEFA NATIONS LEAGUE | Spagna - Croazia | DRAW NO BET | 1;1,07;1,07;1,07;0,934579;1;1;3,0;5,05;5,05;0;0;0;0;1;0;0;1;0;0;0,0;5,05;0,0;0,0;4,719626;1,01;0,0;100,0;100,0;0,008869;5e-06
BBET;WWW.UNIONSBET.IT;E3739;CALCIO | EUROPA - UEFA NATIONS LEAGUE | Francia - Italia | DC 1X | 1X;1,11;1,11;1,11;0,900901;1;1;3,0;5,05;5,05;0;0;0;0;1;0;0;1;0;0;0,0;5,05;0,0;0,0;4,54955;1,01;0,0;100,0;100,0;0,008869;5e-06
BBET;WWW.UNIONSBET.IT;E3488;CALCIO | EUROPA - UEFA NATIONS LEAGUE | Belgio - Turchia | DC 1X | 1X;1,14;1,14;1,14;0,877193;1;1;3,0;5,05;5,05;0;0;0;0;1;0;0;1;0;0;0,0;5,05;0,0;0,0;4,429825;1,01;0,0;100,0;100,0;0,008869;5e-06
BBET;WWW.UNIONSBET.IT;E3789;CALCIO | EUROPA - UEFA NATIONS LEAGUE | Galles - Norvegia | DC X2 | X2;1,14;1,14;1,14;0,877193;1;1;3,0;5,05;5,05;0;0;0;0;1;0;0;1;0;0;0,0;5,05;0,0;0,0;4,429825;1,01;0,0;100,0;100,0;0,008869;5e-06
BBET;www.Q365.it;E3183;CALCIO | EUROPA - CONFERENCE LEAGUE | Mjallby - Inter Club de Escaldes | GG/NG | NOGOAL;1,6;1,6;1,6;0,625;1;1;1,0;642,91;642,91;0;0;0;0;1;0;0;1;0;0;0,0;642,91;0,0;0,0;401,81875;128,582;0,0;100,0;100,0;9,014745;0,000654
BBET;www.Q365.it;E3195;CALCIO | EUROPA - CONFERENCE LEAGUE | Panathinaikos - FK Borac Banja Luka | GG/NG | NOGOAL;1,7;1,7;1,7;0,588235;1;1;1,0;642,91;642,91;0;0;0;0;1;0;0;1;0;0;0,0;642,91;0,0;0,0;378,182353;128,582;0,0;100,0;100,0;9,014745;0,000654
BBET;www.Q365.it;E3245;CALCIO | EUROPA - CONFERENCE LEAGUE | Universitatea Craiova - Getafe | GG/NG | NOGOAL;1,78;1,78;1,78;0,561798;1;1;1,0;642,91;642,91;0;0;0;0;1;0;0;1;0;0;0,0;642,91;0,0;0,0;361,185393;128,582;0,0;100,0;100,0;9,014745;0,000654
BBET;www.Q365.it;E3107;CALCIO | EUROPA - CONFERENCE LEAGUE | Gent - Aarhus | GG/NG | NOGOAL;1,82;1,82;1,82;0,549451;1;1;1,0;642,91;642,91;0;0;0;0;1;0;0;1;0;0;0,0;642,91;0,0;0,0;353,247253;128,582;0,0;100,0;100,0;9,014745;0,000654
BBET;www.Q365.it;E3209;CALCIO | EUROPA - CONFERENCE LEAGUE | Riga - Kairat Almaty | GG/NG | NOGOAL;1,85;1,85;1,85;0,540541;1;1;1,0;642,91;642,91;0;0;0;0;1;0;0;1;0;0;0,0;642,91;0,0;0,0;347,518919;128,582;0,0;100,0;100,0;9,014745;0,000654
BBET;www.Q365.it;E3076;CALCIO | EUROPA - CONFERENCE LEAGUE | Egnatia Rrogozhine - FC Midtjylland | GG/NG | NOGOAL;1,87;1,87;1,87;0,534759;1;1;1,0;642,91;642,91;0;0;0;0;1;0;0;1;0;0;0,0;642,91;0,0;0,0;343,802139;128,582;0,0;100,0;100,0;9,014745;0,000654
BBET;www.Q365.it;E3152;CALCIO | EUROPA - CONFERENCE LEAGUE | Kuopion Palloseura - Trabzonspor | GG/NG | NOGOAL;1,91;1,91;1,91;0,52356;1;1;1,0;642,91;642,91;0;0;0;0;1;0;0;1;0;0;0,0;642,91;0,0;0,0;336,602094;128,582;0,0;100,0;100,0;9,014745;0,000654
BBET;www.Q365.it;E3044;CALCIO | EUROPA - CONFERENCE LEAGUE | CSKA Sofia - Monaco | GG/NG | NOGOAL;1,92;1,92;1,92;0,520833;1;1;1,0;642,91;642,91;0;0;0;0;1;0;0;1;0;0;0,0;642,91;0,0;0,0;334,848958;128,582;0,0;100,0;100,0;9,014745;0,000654
BBET;www.Q365.it;E3122;CALCIO | EUROPA - CONFERENCE LEAGUE | Hajduk Spalato - Ajax | GG/NG | NOGOAL;2,13;2,13;2,13;0,469484;1;1;1,0;642,91;642,91;0;0;0;0;1;0;0;1;0;0;0,0;642,91;0,0;0,0;301,835681;128,582;0,0;100,0;100,0;9,014745;0,000654
BBET;www.Q365.it;E3169;CALCIO | EUROPA - CONFERENCE LEAGUE | Lugano - Stella Rossa | GG/NG | NOGOAL;2,25;2,25;2,25;0,444444;1;1;1,0;642,91;642,91;0;0;0;0;1;0;0;1;0;0;0,0;642,91;0,0;0,0;285,737778;128,582;0,0;100,0;100,0;9,014745;0,000654
BBET;www.Q365.it;E3024;CALCIO | EUROPA - CONFERENCE LEAGUE | Brann - Lincoln Red Imps | GG/NG | NOGOAL;1,66;1,66;1,66;0,60241;1;1;1,0;100,38;100,38;0;0;0;0;1;0;0;1;0;0;0,0;100,38;0,0;0,0;60,46988;20,076;0,0;100,0;100,0;1,407507;0,000102
BBET;www.Q365.it;E3221;CALCIO | EUROPA - CONFERENCE LEAGUE | St. Truidense VV - Iberia | GG/NG | NOGOAL;1,78;1,78;1,78;0,561798;1;1;1,0;100,38;100,38;0;0;0;0;1;0;0;1;0;0;0,0;100,38;0,0;0,0;56,393258;20,076;0,0;100,0;100,0;1,407507;0,000102
BBET;www.Q365.it;E3010;CALCIO | EUROPA - CONFERENCE LEAGUE | Atalanta - Pafos | GG/NG | NOGOAL;1,8;1,8;1,8;0,555556;1;1;1,0;100,38;100,38;0;0;0;0;1;0;0;1;0;0;0,0;100,38;0,0;0,0;55,766667;20,076;0,0;100,0;100,0;1,407507;0,000102
BBET;www.Q365.it;E3093;CALCIO | EUROPA - CONFERENCE LEAGUE | Friburgo - FK Jablonec | GG/NG | NOGOAL;1,8;1,8;1,8;0,555556;1;1;1,0;100,38;100,38;0;0;0;0;1;0;0;1;0;0;0,0;100,38;0,0;0,0;55,766667;20,076;0,0;100,0;100,0;1,407507;0,000102
BBET;www.Q365.it;E3232;CALCIO | EUROPA - CONFERENCE LEAGUE | Twente - Thun | GG/NG | NOGOAL;1,84;1,84;1,84;0,543478;1;1;1,0;100,38;100,38;0;0;0;0;1;0;0;1;0;0;0,0;100,38;0,0;0,0;54,554348;20,076;0,0;100,0;100,0;1,407507;0,000102
BBET;www.Q365.it;E3063;CALCIO | EUROPA - CONFERENCE LEAGUE | Copenaghen - Sporting Braga | GG/NG | NOGOAL;2,06;2,06;2,06;0,485437;1;1;1,0;100,38;100,38;0;0;0;0;1;0;0;1;0;0;0,0;100,38;0,0;0,0;48,728155;20,076;0,0;100,0;100,0;1,407507;0,000102
BBET;www.Q365.it;E3140;CALCIO | EUROPA - CONFERENCE LEAGUE | Heart of Midlothian FC - Nordsjaelland | GG/NG | NOGOAL;2,47;2,47;2,47;0,404858;1;1;1,0;100,38;100,38;0;0;0;0;1;0;0;1;0;0;0,0;100,38;0,0;0,0;40,639676;20,076;0,0;100,0;100,0;1,407507;0,000102
BBET;www.mbet.it;E5458;CALCIO | INGHILTERRA - III DIVISIONE | Reading FC - Bradford City | GG/NG | GOAL;1,735;1,73;1,74;0,576374;2;2;4,4;43017,82;42346,14;0;0;0;0;2;0;0;2;0;0;0,0;43017,82;0,0;0,0;24794,338482;8603,564;0,0;100,0;100,0;1,981174;0,043748
BBET;www.mbet.it;E7108;CALCIO | SPAGNA - II DIVISIONE | CE Sabadell FC - FC Andorra | GG/NG | GOAL;1,82;1,82;1,82;0,549451;2;2;4,4;43017,82;42346,14;0;0;0;0;2;0;0;2;0;0;0,0;43017,82;0,0;0,0;23636,164835;8603,564;0,0;100,0;100,0;1,981174;0,043748
BBET;www.mbet.it;E7125;CALCIO | SPAGNA - II DIVISIONE | Eldense - Real Oviedo | GG/NG | GOAL;1,83;1,83;1,83;0,546448;2;2;4,4;43017,82;42346,14;0;0;0;0;2;0;0;2;0;0;0,0;43017,82;0,0;0,0;23507,005464;8603,564;0,0;100,0;100,0;1,981174;0,043748
BBET;www.mbet.it;E5483;CALCIO | INGHILTERRA - IV DIVISIONE | Gillingham - Newport County | 1X2 | 1;1,99;1,99;1,99;0,502513;2;2;4,4;43017,82;42346,14;0;0;0;0;2;0;2;0;1;1;0,0;43017,82;0,0;0,0;21616,994975;8603,564;0,0;100,0;0,0;1,981174;0,043748
BBET;www.mbet.it;E1986;CALCIO | AMICHEVOLI SQUADRE NAZIONALI | Giappone - Ecuador | DC 1X | 1X;1,085;1,06;1,15;0,922734;4;4;12,4;42847,09;42346,14;0;0;0;0;4;0;0;4;0;0;0,0;42847,09;0,0;0,0;39536,478628;8569,418;0,0;100,0;100,0;1,973311;0,043574
BBET;www.mbet.it;E1947;CALCIO | AMICHEVOLI SQUADRE NAZIONALI | Argentina - Bolivia | 1X2 | 1;1,06;1,06;1,06;0,943396;1;1;2,4;42346,14;42346,14;0;0;0;0;1;0;1;0;1;1;0,0;42346,14;0,0;0,0;39949,188679;8469,228;0,0;100,0;0,0;1,95024;0,043065
BBET;www.mbet.it;E5465;CALCIO | INGHILTERRA - IV DIVISIONE | Accrington Stanley - Cheltenham Town | U/O | OVER;1,21;1,21;1,21;0,826446;1;1;2,4;42346,14;42346,14;0;0;0;0;1;0;0;1;0;0;0,0;42346,14;0,0;0,0;34996,809917;8469,228;0,0;100,0;100,0;1,95024;0,043065
BBET;www.mbet.it;E5453;CALCIO | INGHILTERRA - III DIVISIONE | Leyton Orient - Plymouth Argyle | DC 12 | 12;1,22;1,22;1,22;0,819672;1;1;2,4;42346,14;42346,14;0;0;0;0;1;0;0;1;0;0;0,0;42346,14;0,0;0,0;34709,95082;8469,228;0,0;100,0;100,0;1,95024;0,043065
BBET;www.mbet.it;E5444;CALCIO | INGHILTERRA - III DIVISIONE | Burton Albion - Huddersfield Town | DC 12 | 12;1,23;1,23;1,23;0,813008;1;1;2,4;42346,14;42346,14;0;0;0;0;1;0;0;1;0;0;0,0;42346,14;0,0;0,0;34427,756098;8469,228;0,0;100,0;100,0;1,95024;0,043065
BBET;www.mbet.it;E5502;CALCIO | INGHILTERRA - IV DIVISIONE | Rochdale - Swindon Town | U/O | OVER;1,23;1,23;1,23;0,813008;1;1;2,4;42346,14;42346,14;0;0;0;0;1;0;0;1;0;0;0,0;42346,14;0,0;0,0;34427,756098;8469,228;0,0;100,0;100,0;1,95024;0,043065
BBET;www.mbet.it;E7115;CALCIO | SPAGNA - II DIVISIONE | Castellon - AD Ceuta | 1X2 | 1;1,24;1,24;1,24;0,806452;1;1;2,4;42346,14;42346,14;0;0;0;0;1;0;1;0;1;1;0,0;42346,14;0,0;0,0;34150,112903;8469,228;0,0;100,0;0,0;1,95024;0,043065
BBET;www.mbet.it;E7131;CALCIO | SPAGNA - II DIVISIONE | Girona - RCD Maiorca | U/O | OVER;1,24;1,24;1,24;0,806452;1;1;2,4;42346,14;42346,14;0;0;0;0;1;0;0;1;0;0;0,0;42346,14;0,0;0,0;34150,112903;8469,228;0,0;100,0;100,0;1,95024;0,043065
BBET;www.mbet.it;E2170;CALCIO | ASIA - GIOCHI ASIATICI | Repubblica di Corea U23 - Cina U23 | 1X2 | 1;1,25;1,25;1,25;0,8;1;1;2,4;42346,14;42346,14;0;0;0;0;1;0;1;0;1;1;0,0;42346,14;0,0;0,0;33876,912;8469,228;0,0;100,0;0,0;1,95024;0,043065
BBET;www.mbet.it;E5481;CALCIO | INGHILTERRA - IV DIVISIONE | Exeter City - Rotherham United | U/O | OVER;1,27;1,27;1,27;0,787402;1;1;2,4;42346,14;42346,14;0;0;0;0;1;0;0;1;0;0;0,0;42346,14;0,0;0,0;33343,417323;8469,228;0,0;100,0;100,0;1,95024;0,043065
BBET;www.mbet.it;E7092;CALCIO | SPAGNA - II DIVISIONE | Albacete - Eibar | DC 12 | 12;1,27;1,27;1,27;0,787402;1;1;2,4;42346,14;42346,14;0;0;0;0;1;0;0;1;0;0;0,0;42346,14;0,0;0,0;33343,417323;8469,228;0,0;100,0;100,0;1,95024;0,043065
BBET;www.mbet.it;E7144;CALCIO | SPAGNA - II DIVISIONE | Real Sociedad B - Granada | U/O | OVER;1,27;1,27;1,27;0,787402;1;1;2,4;42346,14;42346,14;0;0;0;0;1;0;0;1;0;0;0,0;42346,14;0,0;0,0;33343,417323;8469,228;0,0;100,0;100,0;1,95024;0,043065
BBET;www.mbet.it;E5486;CALCIO | INGHILTERRA - IV DIVISIONE | Gillingham - Newport County | U/O | OVER;1,28;1,28;1,28;0,78125;1;1;2,4;42346,14;42346,14;0;0;0;0;1;0;0;1;0;0;0,0;42346,14;0,0;0,0;33082,921875;8469,228;0,0;100,0;100,0;1,95024;0,043065
BBET;www.mbet.it;E2293;CALCIO | BRASILE - I DIVISIONE | Atletico Mineiro MG - Bragantino SP | U/O | OVER;1,29;1,29;1,29;0,775194;1;1;2,4;42346,14;42346,14;0;0;0;0;1;0;0;1;0;0;0,0;42346,14;0,0;0,0;32826,465116;8469,228;0,0;100,0;100,0;1,95024;0,043065
BBET;www.mbet.it;E7152;CALCIO | SPAGNA - II DIVISIONE | UD Las Palmas - Real Valladolid | U/O | OVER;1,3;1,3;1,3;0,769231;1;1;2,4;42346,14;42346,14;0;0;0;0;1;0;0;1;0;0;0,0;42346,14;0,0;0,0;32573,953846;8469,228;0,0;100,0;100,0;1,95024;0,043065
BBET;www.mbet.it;E2302;CALCIO | BRASILE - I DIVISIONE | Sao Paulo FC SP - Santos SP | U/O | OVER;1,31;1,31;1,31;0,763359;1;1;2,4;42346,14;42346,14;0;0;0;0;1;0;0;1;0;0;0,0;42346,14;0,0;0,0;32325,29771;8469,228;0,0;100,0;100,0;1,95024;0,043065
DOMUSBET;WWW.DOMUSBET.IT;E77166;CALCIO | INGHILTERRA - I DIVISIONE | Manchester City - Sunderland | 1X2 | 1;1,326265;1,09;1,6;0,754728;5440;5440;73707,1;17084558,01;50000,0;0;0;2;11;3927;1500;5440;0;1;1;0,0;13440644,38;66064,47;77,44;12894192,020638;2721168,855;0,0;72,1875;0,0;0,554614;0,554614
DOMUSBET;WWW.DOMUSBET.IT;E89063;CALCIO | ITALIA - I DIVISIONE | Milan - Lecce | 1X2 | 1;1,25361;1,05;1,32;0,797815;8861;8861;102810,75;15556568,6;50000,0;0;0;3;39;6025;2794;8861;0;1;1;0,0;10157950,54;76921,78;1734,78;12411268,14951;2070224,476;0,0;67,994583;0,0;0,505011;0,505011
DOMUSBET;WWW.DOMUSBET.IT;E88138;CALCIO | ITALIA - I DIVISIONE | Frosinone - Como | 1X2 | 2;1,56462;1,29;25,0;0,663037;6004;6004;55586,0;9826885,53;50000,0;0;0;1;6;3840;2157;6004;0;1;1;0,0;5665858,26;52723,65;1507,33;6515587,664783;1159684,21;0,0;63,957362;0,0;0,319009;0,319009
DOMUSBET;WWW.DOMUSBET.IT;E65669;CALCIO | GERMANIA - I DIVISIONE | Bayer Leverkusen - Lipsia | GG/NG | GG;1,323109;1,28;3,1;0,756422;3223;3223;21535,45;7906697,34;50000,0;0;0;0;4;3219;0;0;3223;0;0;0,0;7803363,47;103333,87;0,0;5980801,127151;1612339,629;0,0;99,875892;100,0;0,256674;0,256674
DOMUSBET;WWW.DOMUSBET.IT;E91009;CALCIO | ITALIA - I DIVISIONE | Venezia - Lazio | 1X2 | 2;1,995685;1,01;2,85;0,502396;4387;4387;39366,85;7571970,86;50000,0;0;0;0;3;2578;1806;4387;0;1;1;0,0;3869769,39;2256,28;0,0;3804125,998821;775082,018;0,0;58,764532;0,0;0,245808;0,245808
DOMUSBET;WWW.DOMUSBET.IT;E92474;CALCIO | ITALIA - II DIVISIONE | Palermo - Padova | 1X2 | 1;1,585049;1,01;4,25;0,638809;3242;3242;41001,55;7259749,69;50000,0;0;0;0;4;2290;948;3242;0;1;1;0,0;5399250,66;5724,86;0,0;4637593,642901;1082712,562;0,0;70,63541;0,0;0,235673;0,235673
DOMUSBET;WWW.DOMUSBET.IT;E109879;CALCIO | OLANDA - I DIVISIONE | AZ Alkmaar - Telstar | 1X2 | 1;1,24097;1,01;1,28;0,805967;1732;1732;20153,45;6880474,7;50000,0;0;0;0;2;1212;518;1732;0;1;1;0,0;5664358,83;2129,84;0,0;5545434,363047;1133936,686;0,0;69,976905;0,0;0,22336;0,22336
DOMUSBET;WWW.DOMUSBET.IT;E125179;CALCIO | SPAGNA - I DIVISIONE | Villarreal - Levante | 1X2 | 1;1,510648;1,07;1,72;0,662305;3902;3902;37119,7;6533066,81;50000,0;1;1;0;5;2966;930;3902;0;1;1;1097,35;4260360,5;1390,06;0,0;4326884,923816;853864,48;0,025628;76,012301;0,0;0,212082;0,212082
DOMUSBET;WWW.DOMUSBET.IT;E65798;CALCIO | GERMANIA - I DIVISIONE | Bayer Leverkusen - Lipsia | U/O INFO1 | OVER;1,313218;1,01;4,0;0,766594;2564;2564;23922,85;6458353,43;50000,0;0;0;0;0;2564;0;0;2564;0;0;0,0;6458353,43;0,0;0,0;4950935,738321;1291670,686;0,0;100,0;100,0;0,209657;0,209657
DOMUSBET;WWW.DOMUSBET.IT;E61968;CALCIO | FRANCIA - I DIVISIONE | Marsiglia - PSG | 1X2 | 2;1,430048;1,01;2,0;0,699827;4794;4794;67203,3;6325922,49;49988,91;0;0;3;8;3744;1039;4794;0;1;1;0,0;4953082,32;3079,27;271,06;4427049,540995;992183,205;0,0;78,097622;0,0;0,205358;0,205358
DOMUSBET;WWW.DOMUSBET.IT;E62219;CALCIO | FRANCIA - I DIVISIONE | Marsiglia - PSG | X2+U/O INFO1 | X2 + OV;1,289025;1,24;2,17;0,778749;1180;1180;17891,85;6170234,53;50000,0;0;0;0;1;1179;0;0;1180;0;0;0,0;6120234,53;50000,0;0,0;4805066,900101;1249046,906;0,0;99,915254;100,0;0,200304;0,200304
DOMUSBET;WWW.DOMUSBET.IT;E88622;CALCIO | ITALIA - I DIVISIONE | Juventus - Atalanta | 1X2 | 1;1,696384;1,17;1,81;0,590216;4690;4690;40037,55;6118322,62;50000,0;0;0;0;5;3127;1558;4690;0;1;1;0,0;3708944,61;52056,46;0,0;3611131,169467;767817,152;0,0;66,673774;0,0;0,198618;0,198618
DOMUSBET;WWW.DOMUSBET.IT;E90177;CALCIO | ITALIA - I DIVISIONE | Roma - Inter | GG/NG | GG;1,469997;1,18;1,55;0,680472;3718;3718;30404,65;5538846,8;49943,65;0;0;0;2;3716;0;0;3718;0;0;0,0;5536393,85;2452,95;0,0;3769032,409047;1108505,245;0,0;99,946208;100,0;0,179807;0,179807
DOMUSBET;WWW.DOMUSBET.IT;E122794;CALCIO | SPAGNA - I DIVISIONE | Atletico Madrid - Real Madrid | GG/NG | GG;1,460306;1,41;5,5;0,686457;3305;3305;24961,4;5252328,7;50000,0;0;0;0;5;3300;0;0;3305;0;0;0,0;5198645,28;53683,42;0,0;3605499,60859;1066570,766;0,0;99,848714;100,0;0,170506;0,170506
DOMUSBET;WWW.DOMUSBET.IT;E66751;CALCIO | GERMANIA - I DIVISIONE | Stoccarda - Borussia Dortmund | GG/NG | GG;1,331423;1,3;2,5;0,752142;1314;1314;11517,75;5164112,29;49943,65;0;0;0;1;1313;0;0;1314;0;0;0,0;5163511,99;600,3;0,0;3884145,891824;1033002,548;0,0;99,923896;100,0;0,167642;0,167642
DOMUSBET;WWW.DOMUSBET.IT;E76944;CALCIO | INGHILTERRA - I DIVISIONE | Leeds - Crystal Palace | 1X+U/O INFO1 | 1X + OV;1,495626;1,47;2,17;0,668926;1127;1127;6038,45;4744002,95;50000,0;0;0;0;1;1126;0;0;1127;0;0;0,0;4694002,95;50000,0;0,0;3173389,157882;963800,59;0,0;99,911269;100,0;0,154004;0,154004
DOMUSBET;WWW.DOMUSBET.IT;E77572;CALCIO | INGHILTERRA - I DIVISIONE | Nottingham Forest - Coventry City | 1X2 | 1;1,712636;1,57;60,0;0,608339;2045;2045;21358,55;4590539,87;49411,32;0;0;0;2;1356;687;2045;0;1;1;0,0;2361923,8;3235,39;0,0;2792606,298427;474002,455;0,0;66,308068;0,0;0,149022;0,149022
DOMUSBET;WWW.DOMUSBET.IT;E88429;CALCIO | ITALIA - I DIVISIONE | Frosinone - Como | X2+U/O INFO1 | X2 + OV;1,331158;1,27;2,36;0,753207;3343;3343;32278,05;4575304,24;50000,0;0;0;0;2;3341;0;0;3343;0;0;0,0;4574142,45;1161,79;0,0;3446148,936136;915409,385;0,0;99,940173;100,0;0,148528;0,148528
DOMUSBET;WWW.DOMUSBET.IT;E87781;CALCIO | ITALIA - I DIVISIONE | Fiorentina - Napoli | 1X2 | 2;2,342405;1,42;20,0;0,442377;2100;2100;18545,65;4453338,03;50000,0;0;0;0;0;1040;1060;2100;0;1;1;0,0;2098514,56;0,0;0,0;1970056,435969;419702,912;0,0;49,52381;0,0;0,144568;0,144568
DOMUSBET;WWW.DOMUSBET.IT;E115947;CALCIO | PORTOGALLO - I DIVISIONE | Sporting Lisbona - Arouca | 1X2 | 1;1,223316;1,01;15,0;0,845405;1936;1936;30389,95;4424237,28;50000,0;0;0;0;4;1405;527;1936;0;1;1;0,0;3319039,54;323,03;0,0;3740274,094504;663969,423;0,0;72,572314;0,0;0,143624;0,143624
MARATHON;MARATHONBET.IT;E161128;CALCIO | ITALIA - I DIVISIONE | Serie A 2026/27 | VINCENTE | Como;27,0;13,0;50,0;0,051012;6;6;210,35;102564,95;49728,25;0;0;0;0;6;0;0;6;0;0;0,0;102564,95;0,0;0,0;5232,047692;20512,99;0,0;100,0;100,0;2,772439;0,066286
MARATHON;MARATHONBET.IT;E160751;CALCIO | ITALIA - COPPA | Coppa Italia 2026/2027 | VINCENTE | Como;11,0;11,0;11,0;0,090909;2;2;10,7;99456,5;49728,25;0;0;0;0;2;0;0;2;0;0;0,0;99456,5;0,0;0,0;9041,5;19891,3;0,0;100,0;100,0;2,688414;0,064277
MARATHON;MARATHONBET.IT;E158046;CALCIO | EUROPA - CHAMPIONS LEAGUE | UEFA Champions League 26/27 | VINCENTE | Como;65,0;65,0;65,0;0,015385;2;2;10,7;99456,5;49728,25;0;0;0;0;2;0;0;2;0;0;0,0;99456,5;0,0;0,0;1530,1;19891,3;0,0;100,0;100,0;2,688414;0,064277
MARATHON;MARATHONBET.IT;E160491;CALCIO | INGHILTERRA - I DIVISIONE | Premier League 26/27 | VINCENTE | Arsenal;1,813333;1,65;2,5;0,556793;15;15;134,3;53811,7;10935,46;0;0;0;0;15;0;0;15;0;0;0,0;53811,7;0,0;0,0;29961,983216;10762,34;0,0;100,0;100,0;1,454587;0,034777
MARATHON;MARATHONBET.IT;E161214;CALCIO | ITALIA - II DIVISIONE | Serie B 2026 - 2027 | VINCENTE | Palermo;2,009286;1,57;2,25;0,509184;14;14;84,3;52649,2;10935,46;0;0;0;0;14;0;0;14;0;0;0,0;52649,2;0,0;0,0;26808,140713;10529,84;0,0;100,0;100,0;1,423163;0,034026
MARATHON;MARATHONBET.IT;E157213;CALCIO | ARABIA S. - I DIVISIONE | Pro League 2026/27 | VINCENTE | Al Hilal Riyadh;2,232143;2,0;2,6;0,452416;14;14;84,3;52649,2;10935,46;0;0;0;0;14;0;0;14;0;0;0,0;52649,2;0,0;0,0;23819,331945;10529,84;0,0;100,0;100,0;1,423163;0,034026
MARATHON;MARATHONBET.IT;E157010;BASKET | USA - NBA | NBA 2026/27 Southeast Division | VINCENTE | MIA Heat;2,65;2,65;2,65;0,377358;12;12;241,7;52647,21;10935,46;0;0;0;0;12;0;0;12;0;0;0,0;52647,21;0,0;0,0;19866,871698;10529,442;0,0;100,0;100,0;1,42311;0,034025
MARATHON;MARATHONBET.IT;E160694;CALCIO | ISRAELE - II DIVISIONE | MS Football Hapoel Kiryat Yam - Hapoel Kfar | COMBO GG/NG | GOAL/GOAL;9,0;9,0;9,0;0,111111;1;1;3,5;50000,0;50000,0;0;0;0;0;1;0;0;1;0;0;0,0;50000,0;0,0;0,0;5555,555556;10000,0;0,0;100,0;100,0;1,351553;0,032314
MARATHON;MARATHONBET.IT;E160712;CALCIO | ISRAELE - II DIVISIONE | Maccabi Bney Reine - Hapoel Kfar Shelem FC | COMBO GG/NG | GOAL/GOAL;9,4;9,4;9,4;0,106383;1;1;3,5;50000,0;50000,0;0;0;0;0;1;0;0;1;0;0;0,0;50000,0;0,0;0,0;5319,148936;10000,0;0,0;100,0;100,0;1,351553;0,032314
MARATHON;MARATHONBET.IT;E160666;CALCIO | ISRAELE - II DIVISIONE | Hapoel Afula FC - Hapoel Rishon Lezion FC | COMBO GG/NG | GOAL/GOAL;11,0;11,0;11,0;0,090909;1;1;3,5;50000,0;50000,0;0;0;0;0;1;0;0;1;0;0;0,0;50000,0;0,0;0,0;4545,454545;10000,0;0,0;100,0;100,0;1,351553;0,032314
MARATHON;MARATHONBET.IT;E160703;CALCIO | ISRAELE - II DIVISIONE | Maccabi Achi Nazareth FC - Ironi Modiin | COMBO GG/NG | GOAL/GOAL;13,0;13,0;13,0;0,076923;1;1;3,5;50000,0;50000,0;0;0;0;0;1;0;0;1;0;0;0,0;50000,0;0,0;0,0;3846,153846;10000,0;0,0;100,0;100,0;1,351553;0,032314
MARATHON;MARATHONBET.IT;E160720;CALCIO | ISRAELE - II DIVISIONE | Maccabi Kabilio Jaffa - Hapoel Acre FC | COMBO GG/NG | GOAL/GOAL;13,0;13,0;13,0;0,076923;1;1;3,5;50000,0;50000,0;0;0;0;0;1;0;0;1;0;0;0,0;50000,0;0,0;0,0;3846,153846;10000,0;0,0;100,0;100,0;1,351553;0,032314
MARATHON;MARATHONBET.IT;E160685;CALCIO | ISRAELE - II DIVISIONE | MS Ashdod - Maccabi Herzliya | COMBO GG/NG | GOAL/GOAL;14,0;14,0;14,0;0,071429;1;1;3,5;50000,0;50000,0;0;0;0;0;1;0;0;1;0;0;0,0;50000,0;0,0;0,0;3571,428571;10000,0;0,0;100,0;100,0;1,351553;0,032314
MARATHON;MARATHONBET.IT;E160675;CALCIO | ISRAELE - II DIVISIONE | Hapoel Raanana - FC Kafr Qasim | COMBO GG/NG | GOAL/GOAL;15,0;15,0;15,0;0,066667;1;1;3,5;50000,0;50000,0;0;0;0;0;1;0;0;1;0;0;0,0;50000,0;0,0;0,0;3333,333333;10000,0;0,0;100,0;100,0;1,351553;0,032314
MARATHON;MARATHONBET.IT;E160659;CALCIO | ISRAELE - II DIVISIONE | Bnei Yehuda - Maccabi Ironi Kiryat Gat | COMBO GG/NG | GOAL/GOAL;16,0;16,0;16,0;0,0625;1;1;3,5;50000,0;50000,0;0;0;0;0;1;0;0;1;0;0;0,0;50000,0;0,0;0,0;3125,0;10000,0;0,0;100,0;100,0;1,351553;0,032314
MARATHON;MARATHONBET.IT;E161924;CALCIO | SPAGNA - I DIVISIONE | Liga 2026/2027 | VINCENTE | Real Madrid;2,3375;2,1;2,85;0,435338;8;8;32,35;49942,16;10935,46;0;0;0;0;8;0;0;8;0;0;0,0;49942,16;0,0;0,0;21741,737323;9988,432;0,0;100,0;100,0;1,349989;0,032277
MARATHON;MARATHONBET.IT;E162161;CALCIO | TURCHIA - I DIVISIONE | Super Lig 2026/27 | VINCENTE | Galatasaray;2,083333;2,0;2,1;0,480159;6;6;21,95;49540,77;10935,46;0;0;0;0;6;0;0;6;0;0;0,0;49540,77;0,0;0,0;23787,433214;9908,154;0,0;100,0;100,0;1,339139;0,032017
MARATHON;MARATHONBET.IT;E156971;BASKET | ITALIA - I DIVISIONE | Lba 2026/27 | VINCENTE | Armani Olimpia Milano;1,65;1,65;1,65;0,606061;7;7;29,85;41432,61;10935,46;0;0;0;0;7;0;0;7;0;0;0,0;41432,61;0,0;0,0;25110,672727;8286,522;0,0;100,0;100,0;1,119967;0,026777
MARATHON;MARATHONBET.IT;E160775;CALCIO | ITALIA - I DIVISIONE | Atalanta - Venezia | 1X2 | 1;1,64;1,63;1,67;0,609801;13;13;67,7;33851,9;22869,87;0;0;0;0;8;5;13;0;1;1;0,0;2322,62;0,0;0,0;20642,924649;464,524;0,0;61,538462;0,0;0,915053;0,021878
MARATHON;MARATHONBET.IT;E160922;CALCIO | ITALIA - I DIVISIONE | Inter - Parma Calcio | 1X2 | 1;1,140952;1,13;1,15;0,876473;21;21;191,5;33784,95;22869,87;0;0;0;0;14;7;21;0;1;1;0,0;2288,66;0,0;0,0;29611,595043;457,732;0,0;66,666667;0,0;0,913243;0,021835
MARATHON;WWW.MARATHONBET_PVR.IT;E160332;CALCIO | INGHILTERRA - I DIVISIONE | Arsenal - Leeds United | 1X2 | 1;1,392989;1,33;1,41;0,718068;174;174;656,75;1837385,45;50000,0;0;0;0;1;148;25;174;0;1;1;0,0;1595038,66;7306,62;0,0;1319367,123587;322661,042;0,0;85,057471;0,0;1,278147;1,187467
MARATHON;WWW.MARATHONBET_PVR.IT;E161958;CALCIO | SPAGNA - I DIVISIONE | Real Madrid - Villarreal | 1X2 | 1;1,314316;1,26;1,36;0,76115;234;234;753,7;1546511,35;50000,0;0;0;0;1;209;24;234;0;1;1;0,0;1269914,55;7306,62;0,0;1177126,559267;257636,22;0,0;89,316239;0,0;1,075805;0,99948
MARATHON;WWW.MARATHONBET_PVR.IT;E160967;CALCIO | ITALIA - I DIVISIONE | Lazio - AC Monza | 1X2 | 1;1,66538;1,6;1,71;0,600742;158;158;558,35;1498955,31;50000,0;0;0;0;1;123;34;158;0;1;1;0,0;1406064,09;480,67;0,0;900485,413585;281453,153;0,0;77,848101;0,0;1,042723;0,968746
MARATHON;WWW.MARATHONBET_PVR.IT;E159777;CALCIO | FRANCIA - I DIVISIONE | Lille - Le Havre AC | 1X2 | 1;1,444186;1,41;1,46;0,692482;86;86;345,25;1422378,56;50000,0;0;0;0;2;71;13;86;0;1;1;0,0;1191053,58;5384,3;0,0;984971,542772;240902,866;0,0;82,55814;0,0;0,989454;0,919256
MARATHON;WWW.MARATHONBET_PVR.IT;E160775;CALCIO | ITALIA - I DIVISIONE | Atalanta - Venezia | 1X2 | 1;1,635077;1,63;1,67;0,611618;130;130;482,6;1305102,7;50000,0;0;0;0;1;104;25;130;0;1;1;0,0;1169529,35;7306,62;0,0;798224,042279;237559,18;0,0;80,0;0,0;0,907873;0,843463
MARATHON;WWW.MARATHONBET_PVR.IT;E160105;CALCIO | GERMANIA - I DIVISIONE | Borussia Dortmund - Werder Brema | 1X2 | 1;1,357944;1,35;1,36;0,736414;107;107;313,45;1210420,13;50000,0;0;0;0;0;84;23;107;0;1;1;0,0;976559,67;0,0;0,0;891370,310341;195311,934;0,0;78,504673;0,0;0,842009;0,782271
MARATHON;WWW.MARATHONBET_PVR.IT;E161031;CALCIO | ITALIA - I DIVISIONE | Napoli - Frosinone Calcio | 1X2 | 1;1,453456;1,42;1,48;0,688062;136;136;492,2;1127094,32;50000,0;0;0;0;1;108;27;136;0;1;1;0,0;989742,64;480,67;0,0;775510,792313;198188,863;0,0;79,411765;0,0;0,784044;0,728419
MARATHON;WWW.MARATHONBET_PVR.IT;E158169;CALCIO | EUROPA - CONFERENCE LEAGUE | Friburgo - FK Jablonec | 1X2 | 1;1,304362;1,26;1,33;0,766858;94;94;319,0;1107501,88;50000,0;0;0;0;0;78;16;94;0;1;1;0,0;1028249,52;0,0;0,0;849296,355957;205649,904;0,0;82,978723;0,0;0,770415;0,715757
MARATHON;WWW.MARATHONBET_PVR.IT;E159796;CALCIO | FRANCIA - I DIVISIONE | Monaco - Tolosa FC | 1X2 | 1;1,667903;1,66;1,73;0,599617;62;62;165,35;1101846,6;50000,0;0;0;0;0;51;11;62;0;1;1;0,0;943347,33;0,0;0,0;660685,749035;188669,466;0,0;82,258065;0,0;0,766481;0,712102
MARATHON;WWW.MARATHONBET_PVR.IT;E157679;CALCIO | EUROPA - CHAMPIONS LEAGUE | Arsenal - Lille | 1X2 | 1;1,25375;1,21;1,28;0,79788;144;144;537,4;1098533,42;49775,12;0;0;0;0;110;34;144;0;1;1;0,0;924739,73;0,0;0,0;876497,789303;184947,946;0,0;76,388889;0,0;0,764177;0,709961
MARATHON;WWW.MARATHONBET_PVR.IT;E160922;CALCIO | ITALIA - I DIVISIONE | Inter - Parma Calcio | 1X2 | 1;1,138129;1,12;1,15;0,87866;278;278;729,95;1086640,42;49193,5;0;0;0;4;243;31;278;0;1;1;0,0;886208,11;13171,59;0,0;954787,382755;183827,417;0,0;87,410072;0,0;0,755903;0,702275
MARATHON;WWW.MARATHONBET_PVR.IT;E161524;CALCIO | OLANDA - I DIVISIONE | Ajax - NEC Nimega | 1X2 | 1;1,29;1,29;1,29;0,775194;86;86;220,55;1068124,54;50000,0;0;0;0;0;75;11;86;0;1;1;0,0;915167,27;0,0;0,0;828003,51938;183033,454;0,0;87,209302;0,0;0,743023;0,690308
MARATHON;WWW.MARATHONBET_PVR.IT;E157863;CALCIO | EUROPA - CHAMPIONS LEAGUE | LASK Linz - Liverpool | 1X2 | 2;1,241951;1,22;1,27;0,805323;82;82;342,45;1054265,27;47707,77;0;0;0;0;58;24;82;0;1;1;0,0;852900,76;0,0;0,0;849023,676894;170580,152;0,0;70,731707;0,0;0,733382;0,681351
MARATHON;WWW.MARATHONBET_PVR.IT;E157811;CALCIO | EUROPA - CHAMPIONS LEAGUE | Galatasaray - Barcellona | 1X2 | 2;1,311163;1,29;1,34;0,76276;86;86;370,55;999681,29;50000,0;0;0;0;0;53;33;86;0;1;1;0,0;761187,17;0,0;0,0;762516,582386;152237,434;0,0;61,627907;0,0;0,695412;0,646075
MARATHON;WWW.MARATHONBET_PVR.IT;E157977;CALCIO | EUROPA - CHAMPIONS LEAGUE | Roma - Real Madrid | 1X2 | 2;1,961111;1,82;2,05;0,510557;45;45;221,5;941471,54;50000,0;0;0;0;0;29;16;45;0;1;1;0,0;644166,87;0,0;0,0;480675,187038;128833,374;0,0;64,444444;0,0;0,654919;0,608455
MARATHON;WWW.MARATHONBET_PVR.IT;E161708;CALCIO | PORTOGALLO - I DIVISIONE | Maritimo Madeira - FC Porto | 1X2 | 2;1,39775;1,3;1,48;0,716078;40;40;181,8;931839,81;50000,0;0;0;0;1;35;4;40;0;1;1;0,0;865070,16;7306,62;0,0;667270,014165;176667,342;0,0;87,5;0,0;0,648219;0,60223
MARATHON;WWW.MARATHONBET_PVR.IT;E161857;CALCIO | SPAGNA - I DIVISIONE | Alaves - Atletico Madrid | 1X2 | 2;1,892683;1,82;1,93;0,528499;41;41;117,55;898822,31;50000,0;0;0;0;0;28;13;41;0;1;1;0,0;643738,8;0,0;0,0;475026,99021;128747,76;0,0;68,292683;0,0;0,625251;0,580892
MARATHON;WWW.MARATHONBET_PVR.IT;E158255;CALCIO | EUROPA - CONFERENCE LEAGUE | Panathinaikos - FK Borac Banja Luka | 1X2 | 1;1,230543;1,18;1,27;0,812999;92;92;321,0;852970,03;47707,77;0;0;0;0;72;20;92;0;1;1;0,0;771898,32;0,0;0,0;693463,404126;154379,664;0,0;78,26087;0,0;0,593354;0,551258
MARATHON;WWW.MARATHONBET_PVR.IT;E161945;CALCIO | SPAGNA - I DIVISIONE | Real Betis - Osasuna | 1X2 | 1;1,675814;1,56;1,69;0,596815;43;43;220,75;832826,83;50000,0;0;0;0;0;32;11;43;0;1;1;0,0;689552,45;0,0;0,0;497043,616802;137910,49;0,0;74,418605;0,0;0,579342;0,53824
MARATHON;WWW.MARATHONBET_PVR.IT;E161578;CALCIO | OLANDA - I DIVISIONE | PSV Eindhoven - Heerenveen | 1X2 | 1;1,231786;1,23;1,24;0,811837;112;112;255,85;829036,61;50000,0;0;0;0;0;96;16;112;0;1;1;0,0;671751,69;0,0;0,0;673042,862498;134350,338;0,0;85,714286;0,0;0,576706;0,53579
MARATHON;WWW.MARATHONBET_TIPSTER.IT;E158967;CALCIO | EUROPA - UEFA NATIONS LEAGUE | Germania - Serbia | RISULTATO ESATTO | 2-0;7,354167;7,25;7,75;0,13604;12;12;64,3;193586,9;50000,0;0;0;0;0;0;12;12;0;1;1;0,0;0,0;0,0;0,0;26335,570489;0,0;0,0;0,0;0,0;2,659821;0,125111
MARATHON;WWW.MARATHONBET_TIPSTER.IT;E159139;CALCIO | EUROPA - UEFA NATIONS LEAGUE | Irlanda - Austria | RISULTATO ESATTO | 0-1;6,545455;6,5;6,75;0,15281;11;11;63,3;193501,65;50000,0;0;0;0;0;0;11;11;0;1;1;0,0;0,0;0,0;0,0;29569,016706;0,0;0,0;0,0;0,0;2,65865;0,125056
MARATHON;WWW.MARATHONBET_TIPSTER.IT;E158712;CALCIO | EUROPA - UEFA NATIONS LEAGUE | Danimarca - Portogallo | RISULTATO ESATTO | 1-2;8,5;8,5;8,5;0,117647;11;11;63,3;193501,65;50000,0;0;0;0;0;0;11;11;0;1;1;0,0;0,0;0,0;0,0;22764,9;0,0;0,0;0,0;0,0;2,65865;0,125056
MARATHON;WWW.MARATHONBET_TIPSTER.IT;E159052;CALCIO | EUROPA - UEFA NATIONS LEAGUE | Grecia - Olanda | RISULTATO ESATTO | 1-2;8,863636;8,5;9,0;0,112894;11;11;63,3;193501,65;50000,0;0;0;0;0;0;11;11;0;1;1;0,0;0,0;0,0;0,0;21845,106061;0,0;0,0;0,0;0,0;2,65865;0,125056
MARATHON;WWW.MARATHONBET_TIPSTER.IT;E159246;CALCIO | EUROPA - UEFA NATIONS LEAGUE | Israele - Kosovo | RISULTATO ESATTO | 1-2;9,0;9,0;9,0;0,111111;11;11;63,3;193501,65;50000,0;0;0;0;0;0;11;11;0;1;1;0,0;0,0;0,0;0,0;21500,183333;0,0;0,0;0,0;0,0;2,65865;0,125056
MARATHON;WWW.MARATHONBET_TIPSTER.IT;E158884;CALCIO | EUROPA - UEFA NATIONS LEAGUE | Galles - Norvegia | RISULTATO ESATTO | 1-3;11,0;11,0;11,0;0,090909;11;11;63,3;159519,06;50000,0;0;0;0;0;0;11;11;0;1;1;0,0;0,0;0,0;0,0;14501,732727;0,0;0,0;0,0;0,0;2,19174;0,103094
MARATHON;WWW.MARATHONBET_TIPSTER.IT;E159387;CALCIO | EUROPA - UEFA NATIONS LEAGUE | Malta - Gibilterra | RISULTATO ESATTO | 2-0;4,722727;4,6;4,75;0,211774;11;11;65,3;159503,63;50000,0;0;0;0;0;0;11;11;0;1;1;0,0;0,0;0,0;0,0;33778,800778;0,0;0,0;0,0;0,0;2,191528;0,103084
MARATHON;WWW.MARATHONBET_TIPSTER.IT;E158485;CALCIO | EUROPA - UEFA NATIONS LEAGUE | Azerbaigian - Liechtenstein | RISULTATO ESATTO | 2-0;4,872727;4,75;4,9;0,205253;11;11;65,3;159503,63;50000,0;0;0;0;0;0;11;11;0;1;1;0,0;0,0;0,0;0,0;32738,661289;0,0;0,0;0,0;0,0;2,191528;0,103084
MARATHON;WWW.MARATHONBET_TIPSTER.IT;E157364;CALCIO | BELGIO - I DIVISIONE | Genk - Kortrijk | MG INFO1-INFO2 1°T + INFO3-INFO4 2°T | SI;1,453333;1,45;1,46;0,688081;3;3;29,8;122190,72;50000,0;0;0;0;0;3;0;0;3;0;0;0,0;122190,72;0,0;0,0;84077,066037;24438,144;0,0;100,0;100,0;1,678861;0,07897
MARATHON;WWW.MARATHONBET_TIPSTER.IT;E158225;CALCIO | EUROPA - CONFERENCE LEAGUE | Kuopion Palloseura - Trabzonspor | U/O INFO1 SQUADRA INFO2 | OVER;1,54;1,54;1,54;0,649351;3;3;29,8;122190,72;50000,0;0;0;0;0;3;0;0;3;0;0;0,0;122190,72;0,0;0,0;79344,623377;24438,144;0,0;100,0;100,0;1,678861;0,07897
MARATHON;WWW.MARATHONBET_TIPSTER.IT;E161709;CALCIO | PORTOGALLO - I DIVISIONE | Maritimo Madeira - FC Porto | MULTIGOAL INFO1-INFO2 OSPITE | SI;1,58;1,58;1,58;0,632911;3;3;29,8;122190,72;50000,0;0;0;0;0;3;0;0;3;0;0;0,0;122190,72;0,0;0,0;77335,898734;24438,144;0,0;100,0;100,0;1,678861;0,07897
MARATHON;WWW.MARATHONBET_TIPSTER.IT;E159782;CALCIO | FRANCIA - I DIVISIONE | Lille - Le Havre AC | MULTIGOAL INFO1-INFO2 CASA | SI;1,59;1,59;1,59;0,628931;3;3;29,8;122190,72;50000,0;0;0;0;0;3;0;0;3;0;0;0,0;122190,72;0,0;0,0;76849,509434;24438,144;0,0;100,0;100,0;1,678861;0,07897
MARATHON;WWW.MARATHONBET_TIPSTER.IT;E160397;CALCIO | INGHILTERRA - I DIVISIONE | Coventry City - Newcastle United | X2 + U/O INFO1 | X2 + OVER;1,603333;1,59;1,61;0,623722;3;3;29,8;122190,72;50000,0;0;0;0;0;3;0;0;3;0;0;0,0;122190,72;0,0;0,0;76213,074573;24438,144;0,0;100,0;100,0;1,678861;0,07897
MARATHON;WWW.MARATHONBET_TIPSTER.IT;E162103;CALCIO | SVIZZERA - I DIVISIONE | Vaduz - Basilea 1893 | U/O INFO1 SQUADRA INFO2 | OVER;1,62;1,62;1,62;0,617284;3;3;29,8;122190,72;50000,0;0;0;0;0;3;0;0;3;0;0;0,0;122190,72;0,0;0,0;75426,37037;24438,144;0,0;100,0;100,0;1,678861;0,07897
MARATHON;WWW.MARATHONBET_TIPSTER.IT;E157390;CALCIO | BELGIO - I DIVISIONE | Union Saint Gilloise - Oud-Heverlee Leuven | U/O TEMPO | OVER;1,65;1,65;1,65;0,606061;3;3;29,8;122190,72;50000,0;0;0;0;0;3;0;0;3;0;0;0,0;122190,72;0,0;0,0;74054,981818;24438,144;0,0;100,0;100,0;1,678861;0,07897
MARATHON;WWW.MARATHONBET_TIPSTER.IT;E157932;CALCIO | EUROPA - CHAMPIONS LEAGUE | Manchester City - Paris Saint-Germain | MULTIGOAL INFO1-INFO2 - 2°T | SI;1,67;1,67;1,67;0,598802;3;3;29,8;122190,72;50000,0;0;0;0;0;3;0;0;3;0;0;0,0;122190,72;0,0;0,0;73168,095808;24438,144;0,0;100,0;100,0;1,678861;0,07897
MARATHON;WWW.MARATHONBET_TIPSTER.IT;E160184;CALCIO | GERMANIA - I DIVISIONE | Mainz - Bayer Leverkusen | U/O INFO1 SQUADRA INFO2 | OVER;1,7;1,7;1,7;0,588235;3;3;29,8;122190,72;50000,0;0;0;0;0;3;0;0;3;0;0;0,0;122190,72;0,0;0,0;71876,894118;24438,144;0,0;100,0;100,0;1,678861;0,07897
MARATHON;WWW.MARATHONBET_TIPSTER.IT;E160418;CALCIO | INGHILTERRA - I DIVISIONE | Hull City - Everton | X2 + U/O INFO1 | X2 + OVER;1,73;1,73;1,73;0,578035;3;3;29,8;122190,72;50000,0;0;0;0;0;3;0;0;3;0;0;0,0;122190,72;0,0;0,0;70630,473988;24438,144;0,0;100,0;100,0;1,678861;0,07897
MARATHON;WWW.MARATHONBET_TIPSTER.IT;E162156;CALCIO | TURCHIA - I DIVISIONE | Samsunspor - Trabzonspor | U/O INFO1 SQUADRA INFO2 | OVER;1,77;1,77;1,77;0,564972;3;3;29,8;122190,72;50000,0;0;0;0;0;3;0;0;3;0;0;0,0;122190,72;0,0;0,0;69034,305085;24438,144;0,0;100,0;100,0;1,678861;0,07897
MARATHON;WWW.MARATHONBET_TIPSTER.IT;E157393;CALCIO | BELGIO - I DIVISIONE | Zulte Waregem - Gent | X2 + U/O INFO1 | X2 + OVER;1,816667;1,81;1,83;0,550473;3;3;29,8;122190,72;50000,0;0;0;0;0;3;0;0;3;0;0;0,0;122190,72;0,0;0,0;67262,751804;24438,144;0,0;100,0;100,0;1,678861;0,07897
SPORTBET;SPORTBET.IT;E164429;CALCIO | EUROPA - UEFA NATIONS LEAGUE | Germania - Serbia | 1X2 | 1;1,230633;1,19;1,27;0,812931;395;395;4871,6;740935,2;49899,42;0;0;0;0;297;98;395;0;1;1;0,0;624969,02;0,0;0,0;602329,476319;124993,804;0,0;75,189873;0,0;0,953988;0,953915
SPORTBET;SPORTBET.IT;E163246;CALCIO | EUROPA - CHAMPIONS LEAGUE | Arsenal - Lille | 1X2 | 1;1,252101;1,21;1,28;0,798908;119;119;621,6;687691,37;49899,42;0;0;0;0;89;30;119;0;1;1;0,0;540291,46;0,0;0,0;549402,052941;108058,292;0,0;74,789916;0,0;0,885435;0,885367
SPORTBET;SPORTBET.IT;E165729;CALCIO | INGHILTERRA - I DIVISIONE | Arsenal - Leeds United | 1X2 | 1;1,392174;1,33;1,41;0,718512;115;115;523,45;652234,24;49899,2;0;0;0;0;97;18;115;0;1;1;0,0;560481,33;0,0;0,0;468637,940744;112096,266;0,0;84,347826;0,0;0,839782;0,839718
SPORTBET;SPORTBET.IT;E163394;CALCIO | EUROPA - CHAMPIONS LEAGUE | Inter - Club Bruges | 1X2 | 1;1,278636;1,25;1,29;0,782117;132;132;770,25;619198,2;49899,42;0;0;0;0;100;32;132;0;1;1;0,0;524406,17;0,0;0,0;484285,542798;104881,234;0,0;75,757576;0,0;0,797246;0,797185
SPORTBET;SPORTBET.IT;E166063;CALCIO | ITALIA - I DIVISIONE | Atalanta - Venezia | 1X2 | 1;1,613717;1,6;1,65;0,619766;113;113;454,8;619134,69;49899,42;0;0;0;0;79;34;113;0;1;1;0,0;440215,84;0,0;0,0;383718,62532;88043,168;0,0;69,911504;0,0;0,797165;0,797104
SPORTBET;SPORTBET.IT;E164015;CALCIO | EUROPA - UEFA NATIONS LEAGUE | Belgio - Turchia | 1X2 | 1;1,513537;1,48;1,56;0,66078;164;164;1812,2;595235,09;49892,87;0;0;0;0;126;38;164;0;1;1;0,0;555799,7;0,0;0,0;393319,693566;111159,94;0,0;76,829268;0,0;0,766393;0,766334
SPORTBET;SPORTBET.IT;E166370;CALCIO | ITALIA - I DIVISIONE | Napoli - Frosinone Calcio | 1X2 | 1;1,452047;1,41;1,48;0,688757;127;127;419,05;540850,69;49899,42;0;0;0;0;94;33;127;0;1;1;0,0;392886,97;0,0;0,0;372514,701301;78577,394;0,0;74,015748;0,0;0,69637;0,696317
SPORTBET;SPORTBET.IT;E166299;CALCIO | ITALIA - I DIVISIONE | Lazio - AC Monza | 1X2 | 1;1,648435;1,59;1,71;0,60706;115;115;454,15;523064,17;49899,42;0;0;0;0;78;37;115;0;1;1;0,0;377866,61;0,0;0,0;317531,410202;75573,322;0,0;67,826087;0,0;0,673469;0,673418
SPORTBET;SPORTBET.IT;E166241;CALCIO | ITALIA - I DIVISIONE | Inter - Parma Calcio | 1X2 | 1;1,137565;1,12;1,15;0,879105;115;115;779,9;510779,03;49899,42;0;0;0;0;87;28;115;0;1;1;0,0;402371,14;0,0;0,0;449028,220898;80474,228;0,0;75,652174;0,0;0,657652;0,657601
SPORTBET;SPORTBET.IT;E163368;CALCIO | EUROPA - CHAMPIONS LEAGUE | Galatasaray - Barcellona | 1X2 | 2;1,311429;1,29;1,33;0,7626;84;84;488,95;495870,7;49899,42;0;0;0;0;55;29;84;0;1;1;0,0;353822,27;0,0;0,0;378151,209511;70764,454;0,0;65,47619;0,0;0,638457;0,638408
SPORTBET;SPORTBET.IT;E167229;CALCIO | SPAGNA - I DIVISIONE | Real Madrid - Villarreal | 1X2 | 1;1,304725;1,26;1,36;0,766772;91;91;551,0;494144,92;49899,42;0;0;0;0;81;10;91;0;1;1;0,0;420951,28;0,0;0,0;378896,735659;84190,256;0,0;89,010989;0,0;0,636235;0,636186
SPORTBET;SPORTBET.IT;E164334;CALCIO | EUROPA - UEFA NATIONS LEAGUE | Galles - Norvegia | 1X2 | 2;1,471466;1,38;1,55;0,680007;348;348;3356,3;492796,84;49844,84;0;0;0;2;264;82;348;0;1;1;0,0;409798,44;215,75;0,0;335105,544656;82067,563;0,0;75,862069;0,0;0,634499;0,63445
SPORTBET;SPORTBET.IT;E165540;CALCIO | GERMANIA - I DIVISIONE | Borussia Dortmund - Werder Brema | 1X2 | 1;1,357091;1,35;1,36;0,736879;55;55;305,85;482914,62;49899,42;0;0;0;0;43;12;55;0;1;1;0,0;369443,79;0,0;0,0;355849,444189;73888,758;0,0;78,181818;0,0;0,621775;0,621727
SPORTBET;SPORTBET.IT;E165161;CALCIO | EUROPA - UEFA NATIONS LEAGUE | Ungheria - Georgia | 1X2 | 1;2,061154;1,88;2,13;0,485481;26;26;125,45;458012,84;49892,87;0;0;0;1;14;11;26;0;1;1;0,0;377257,58;140,82;0,0;222356,559243;75521,926;0,0;53,846154;0,0;0,589713;0,589668
SPORTBET;SPORTBET.IT;E165326;CALCIO | FRANCIA - I DIVISIONE | Lille - Le Havre AC | 1X2 | 1;1,442917;1,41;1,46;0,693115;48;48;95,15;456146,52;49899,2;0;0;0;0;41;7;48;0;1;1;0,0;385892,08;0,0;0,0;316162,026653;77178,416;0,0;85,416667;0,0;0,58731;0,587265
SPORTBET;SPORTBET.IT;E164935;CALCIO | EUROPA - UEFA NATIONS LEAGUE | Polonia - Romania | 1X2 | 1;1,566354;1,55;1,61;0,638473;96;96;591,8;453342,29;49892,87;0;0;0;0;78;18;96;0;1;1;0,0;430135,79;0,0;0,0;289446,910171;86027,158;0,0;81,25;0,0;0,583699;0,583655
SPORTBET;SPORTBET.IT;E164052;CALCIO | EUROPA - UEFA NATIONS LEAGUE | Bosnia-Erzegovina - Svezia | 1X2 | 2;2,184783;2,09;2,34;0,458465;23;23;77,5;449917,09;49892,87;0;0;0;0;16;7;23;0;1;1;0,0;410545,67;0,0;0,0;206271,360806;82109,134;0,0;69,565217;0,0;0,579289;0,579245
SPORTBET;SPORTBET.IT;E164873;CALCIO | EUROPA - UEFA NATIONS LEAGUE | Malta - Gibilterra | 1X2 | 1;1,290297;1,27;1,31;0,775076;269;269;3943,2;436477,62;49899,42;0;0;0;0;206;63;269;0;1;1;0,0;301740,12;0,0;0,0;338303,289498;60348,024;0,0;76,579926;0,0;0,561985;0,561942
SPORTBET;SPORTBET.IT;E165514;CALCIO | GERMANIA - I DIVISIONE | Augsburg - Bayern Monaco | 1X2 | 2;1,21;1,21;1,21;0,826446;60;60;317,05;426423,36;49899,42;0;0;0;0;46;14;60;0;1;1;0,0;295208,02;0,0;0,0;352416,0;59041,604;0,0;76,666667;0,0;0,54904;0,548998
SPORTBET;SPORTBET.IT;E164278;CALCIO | EUROPA - UEFA NATIONS LEAGUE | Francia - Italia | 1X2 | 1;1,448991;1,32;1,52;0,690243;109;109;1332,0;406053,21;47803,68;0;0;0;1;84;24;109;0;1;1;0,0;345171,57;140,82;0,0;280275,237218;69104,724;0,0;77,06422;0,0;0,522812;0,522772
SPORTBET;WWW.BETX.IT;E162666;AUTOMOBILISMO | MONDO - CAMPIONATO FORMULA 1 | Formula 1 Mondiale Costruttori 2026 | VINCENTE | Ferrari;4,25;4,25;4,25;0,235294;1;1;100,0;425,0;425,0;0;0;0;0;1;0;0;1;0;0;0,0;425,0;0,0;0,0;100,0;85,0;0,0;100,0;100,0;46,448087;0,000547
SPORTBET;WWW.BETX.IT;E162672;AUTOMOBILISMO | MONDO - CAMPIONATO FORMULA 1 | Formula 1 Mondiale Piloti 2026 | VINCENTE | Hamilton L.;15,0;15,0;15,0;0,066667;1;1;12,5;187,5;187,5;0;0;0;0;1;0;0;1;0;0;0,0;187,5;0,0;0,0;12,5;37,5;0,0;100,0;100,0;20,491803;0,000241
SPORTBET;WWW.BETX.IT;E162673;AUTOMOBILISMO | MONDO - CAMPIONATO FORMULA 1 | Formula 1 Mondiale Piloti 2026 | VINCENTE | Leclerc C.;15,0;15,0;15,0;0,066667;1;1;12,5;187,5;187,5;0;0;0;0;1;0;0;1;0;0;0,0;187,5;0,0;0,0;12,5;37,5;0,0;100,0;100,0;20,491803;0,000241
SPORTBET;WWW.BETX.IT;E166925;CALCIO | PALLONE D'ORO FIFA | Pallone D oro 2026 | VINCENTE | Vitinha;10,0;10,0;10,0;0,1;1;1;10,0;100,0;100,0;0;0;0;0;1;0;0;1;0;0;0,0;100,0;0,0;0,0;10,0;20,0;0,0;100,0;100,0;10,928962;0,000129
SPORTBET;WWW.BETX.IT;E166924;CALCIO | PALLONE D'ORO FIFA | Pallone D oro 2026 | VINCENTE | Vinicius Jr,;15,0;15,0;15,0;0,066667;1;1;1,0;15,0;15,0;0;0;0;0;1;0;0;1;0;0;0,0;15,0;0,0;0,0;1,0;3,0;0,0;100,0;100,0;1,639344;1,9e-05
SPORTBET;WWW.VSTART.IT;E162673;AUTOMOBILISMO | MONDO - CAMPIONATO FORMULA 1 | Formula 1 Mondiale Piloti 2026 | VINCENTE | Leclerc C.;8,0;6,0;10,0;0,133333;2;2;151,0;1506,0;1500,0;0;0;0;0;2;0;0;2;0;0;0,0;1506,0;0,0;0,0;200,8;301,2;0,0;100,0;100,0;29,896256;0,001939
SPORTBET;WWW.VSTART.IT;E162671;AUTOMOBILISMO | MONDO - CAMPIONATO FORMULA 1 | Formula 1 Mondiale Piloti 2026 | VINCENTE | Bottas V.;250,0;250,0;250,0;0,004;1;1;3,0;750,0;750,0;0;0;0;0;1;0;0;1;0;0;0,0;750,0;0,0;0,0;3,0;150,0;0,0;100,0;100,0;14,888574;0,000966
SPORTBET;WWW.VSTART.IT;E163060;CALCIO | BRASILE - I DIVISIONE | Brasile A 2026 | VINCENTE | Palmeiras;2,75;2,75;2,75;0,363636;1;1;33,0;500,62;500,62;0;0;0;0;1;0;0;1;0;0;0,0;500,62;0,0;0,0;182,043636;100,124;0,0;100,0;100,0;9,938024;0,000645
SPORTBET;WWW.VSTART.IT;E167370;CALCIO | USA - I DIVISIONE | MLS 2026 | VINCENTE | Inter Miami;5,5;5,5;5,5;0,181818;1;1;33,0;500,62;500,62;0;0;0;0;1;0;0;1;0;0;0,0;500,62;0,0;0,0;91,021818;100,124;0,0;100,0;100,0;9,938024;0,000645
SPORTBET;WWW.VSTART.IT;E162668;AUTOMOBILISMO | MONDO - CAMPIONATO FORMULA 1 | Formula 1 Mondiale Piloti 2026 | T/T | 1;1,5;1,5;1,5;0,666667;2;2;200,0;451,34;225,67;0;0;0;0;2;0;0;2;0;0;0,0;451,34;0,0;0,0;300,893333;90,268;0,0;100,0;100,0;8,959745;0,000581
SPORTBET;WWW.VSTART.IT;E162669;AUTOMOBILISMO | MONDO - CAMPIONATO FORMULA 1 | Formula 1 Mondiale Piloti 2026 | T/T | 2;1,5;1,5;1,5;0,666667;2;2;200,0;451,34;225,67;0;0;0;0;2;0;0;2;0;0;0,0;451,34;0,0;0,0;300,893333;90,268;0,0;100,0;100,0;8,959745;0,000581
SPORTBET;WWW.VSTART.IT;E166481;CALCIO | ITALIA - I DIVISIONE | Serie A 2026/27 | VINCENTE | Como;50,0;50,0;50,0;0,02;1;1;5,0;250,0;250,0;0;0;0;0;1;0;0;1;0;0;0,0;250,0;0,0;0,0;5,0;50,0;0,0;100,0;100,0;4,962858;0,000322
SPORTBET;WWW.VSTART.IT;E167432;MOTOCICLISMO | MONDO - MOTOMONDIALE | Mondiale Motogp 2026 | VINCENTE | Bezzecchi M.;7,5;7,5;7,5;0,133333;1;1;15,0;112,5;112,5;0;0;0;0;1;0;0;1;0;0;0,0;112,5;0,0;0,0;15,0;22,5;0,0;100,0;100,0;2,233286;0,000145
SPORTBET;WWW.VSTART.IT;E167435;MOTOCICLISMO | MONDO - MOTOMONDIALE | Mondiale Motogp 2026 | VINCENTE | Marquez A.;7,5;7,5;7,5;0,133333;1;1;15,0;112,5;112,5;0;0;0;0;1;0;0;1;0;0;0,0;112,5;0,0;0,0;15,0;22,5;0,0;100,0;100,0;2,233286;0,000145
SPORTBET;WWW.VSTART.IT;E162746;BASKET | USA - WNBA | WNBA 2026 | VINCENTE | ATL Dream;7,0;7,0;7,0;0,142857;1;1;10,0;70,0;70,0;0;0;0;0;1;0;0;1;0;0;0,0;70,0;0,0;0,0;10,0;14,0;0,0;100,0;100,0;1,3896;9e-05
SPORTBET;WWW.VSTART.IT;E164246;CALCIO | EUROPA - UEFA NATIONS LEAGUE | Europa Nations League 2026/2027 | VINCENTE | Italia;35,0;35,0;35,0;0,028571;1;1;2,0;70,0;70,0;0;0;0;0;1;0;0;1;0;0;0,0;70,0;0,0;0,0;2,0;14,0;0,0;100,0;100,0;1,3896;9e-05
SPORTBET;WWW.VSTART.IT;E166915;CALCIO | PALLONE D'ORO FIFA | Pallone D oro 2026 | VINCENTE | Lionel Messi;50,0;50,0;50,0;0,02;1;1;1,0;50,0;50,0;0;0;0;0;1;0;0;1;0;0;0,0;50,0;0,0;0,0;1,0;10,0;0,0;100,0;100,0;0,992572;6,4e-05
SPORTBET;WWW.VSTART.IT;E166911;CALCIO | PALLONE D'ORO FIFA | Pallone D oro 2026 | VINCENTE | Khvicha Kvaratskhelia;9,0;9,0;9,0;0,111111;1;1;5,0;45,0;45,0;0;0;0;0;1;0;0;1;0;0;0,0;45,0;0,0;0,0;5,0;9,0;0,0;100,0;100,0;0,893314;5,8e-05
SPORTBET;WWW.VSTART.IT;E166484;CALCIO | ITALIA - I DIVISIONE | Serie A 2026/27 | VINCENTE | Juventus;5,5;5,5;5,5;0,181818;1;1;8,0;36,0;36,0;0;0;0;0;1;0;0;1;0;0;0,0;36,0;0,0;0,0;6,545455;7,2;0,0;100,0;100,0;0,714652;4,6e-05
SPORTBET;WWW.VSTART.IT;E166486;CALCIO | ITALIA - I DIVISIONE | Serie A 2026/27 | VINCENTE | Milan;9,0;9,0;9,0;0,111111;1;1;8,0;36,0;36,0;0;0;0;0;1;0;0;1;0;0;0,0;36,0;0,0;0,0;4,0;7,2;0,0;100,0;100,0;0,714652;4,6e-05
SPORTBET;WWW.VSTART.IT;E166489;CALCIO | ITALIA - I DIVISIONE | Serie A 2026/27 | VINCENTE | Roma;10,0;10,0;10,0;0,1;1;1;3,0;30,0;30,0;0;0;0;0;1;0;0;1;0;0;0,0;30,0;0,0;0,0;3,0;6,0;0,0;100,0;100,0;0,595543;3,9e-05
SPORTBET;WWW.VSTART.IT;E166912;CALCIO | PALLONE D'ORO FIFA | Pallone D oro 2026 | VINCENTE | Kylian Mbappe;15,0;15,0;15,0;0,066667;1;1;2,0;30,0;30,0;0;0;0;0;1;0;0;1;0;0;0,0;30,0;0,0;0,0;2,0;6,0;0,0;100,0;100,0;0,595543;3,9e-05
SPORTBET;WWW.VSTART.IT;E165902;CALCIO | INGHILTERRA - I DIVISIONE | Premier League 26/27 | T/T | 2;2,0;2,0;2,0;0,5;1;1;6,0;12,0;12,0;0;0;0;0;1;0;0;1;0;0;0,0;12,0;0,0;0,0;6,0;2,4;0,0;100,0;100,0;0,238217;1,5e-05
SPORTBET;WWW.VSTART.IT;E164245;CALCIO | EUROPA - UEFA NATIONS LEAGUE | Europa Nations League 2026/2027 | VINCENTE | Germania;5,5;5,5;5,5;0,181818;1;1;2,0;11,0;11,0;0;0;0;0;1;0;0;1;0;0;0,0;11,0;0,0;0,0;2,0;2,2;0,0;100,0;100,0;0,218366;1,4e-05
SPORTBET;WWW.VSTART.IT;E166910;CALCIO | PALLONE D'ORO FIFA | Pallone D oro 2026 | VINCENTE | Harry Kane;3,5;3,5;3,5;0,285714;1;1;2,0;7,0;7,0;0;0;0;0;1;0;0;1;0;0;0,0;7,0;0,0;0,0;2,0;1,4;0,0;100,0;100,0;0,13896;9e-06
STANLEYBET;WWW.STANLEYBET.IT;E171567;CALCIO | ITALIA - I DIVISIONE | Serie A 2026/27 | T/T | 1;1,688627;1,5;2,25;0,595162;102;102;2415,25;835462,97;40552,01;0;0;0;0;102;0;0;102;0;0;0,0;835462,97;0,0;0,0;497235,484322;167092,594;0,0;100,0;100,0;0,89759;0,89759
STANLEYBET;WWW.STANLEYBET.IT;E170937;CALCIO | INGHILTERRA - I DIVISIONE | Premier League 26/27 | T/T | 1;1,719605;1,5;2,25;0,592969;76;76;497,25;694612,46;40552,01;0;0;0;0;76;0;0;76;0;0;0,0;694612,46;0,0;0,0;411883,997622;138922,492;0,0;100,0;100,0;0,746266;0,746266
STANLEYBET;WWW.STANLEYBET.IT;E172372;CALCIO | SCOZIA - I DIVISIONE | Premiership 2026/27 | VINCENTE | Celtic;1,606265;1,27;1,8;0,630018;83;83;753,0;632772,41;40552,01;0;0;0;0;83;0;0;83;0;0;0,0;632772,41;0,0;0,0;398657,969648;126554,482;0,0;100,0;100,0;0,679827;0,679827
STANLEYBET;WWW.STANLEYBET.IT;E172481;CALCIO | SPAGNA - I DIVISIONE | Liga 2026/2027 | T/T | 1;1,686818;1,5;2,05;0,595226;66;66;1007,0;620688,18;40552,01;0;0;0;0;66;0;0;66;0;0;0,0;620688,18;0,0;0,0;369449,716468;124137,636;0,0;100,0;100,0;0,666844;0,666844
STANLEYBET;WWW.STANLEYBET.IT;E172484;CALCIO | SPAGNA - I DIVISIONE | Liga 2026/2027 | VINCENTE | Barcellona;1,653143;1,25;1,8;0,611124;70;70;393,75;561723,35;50000,0;0;0;0;0;70;0;0;70;0;0;0,0;561723,35;0,0;0,0;343282,679147;112344,67;0,0;100,0;100,0;0,603495;0,603495
STANLEYBET;WWW.STANLEYBET.IT;E171568;CALCIO | ITALIA - I DIVISIONE | Serie A 2026/27 | T/T | 2;1,761613;1,53;2,15;0,575694;62;62;1028,25;545949,25;40552,01;0;0;0;0;62;0;0;62;0;0;0,0;545949,25;0,0;0,0;314299,620443;109189,85;0,0;100,0;100,0;0,586548;0,586548
STANLEYBET;WWW.STANLEYBET.IT;E170938;CALCIO | INGHILTERRA - I DIVISIONE | Premier League 26/27 | T/T | 2;1,895593;1,5;2,2;0,536412;59;59;614,25;531567,39;40552,01;0;0;0;0;59;0;0;59;0;0;0,0;531567,39;0,0;0,0;285138,958858;106313,478;0,0;100,0;100,0;0,571096;0,571096
STANLEYBET;WWW.STANLEYBET.IT;E172482;CALCIO | SPAGNA - I DIVISIONE | Liga 2026/2027 | T/T | 2;1,701481;1,5;1,9;0,592031;54;54;93,25;503924,4;37447,79;0;0;0;0;54;0;0;54;0;0;0,0;503924,4;0,0;0,0;298339,099786;100784,88;0,0;100,0;100,0;0,541398;0,541398
STANLEYBET;WWW.STANLEYBET.IT;E171427;CALCIO | ITALIA - I DIVISIONE | Lazio - Monza | 1X2 | 1;1,649358;1,6;1,68;0,606479;109;109;389,5;497929,61;49967,31;0;0;0;0;65;44;109;0;1;1;0,0;263700,81;0,0;0,0;301983,966927;52740,162;0,0;59,633028;0,0;0,534957;0,534957
STANLEYBET;WWW.STANLEYBET.IT;E172182;CALCIO | OLANDA - I DIVISIONE | Eredivisie 2026/27 | VINCENTE | PSV;1,674098;1,5;1,9;0,599982;61;61;161,95;494398,85;50000,0;0;0;0;0;61;0;0;61;0;0;0,0;494398,85;0,0;0,0;296630,372031;98879,77;0,0;100,0;100,0;0,531164;0,531164
STANLEYBET;WWW.STANLEYBET.IT;E169545;CALCIO | EUROPA - UEFA NATIONS LEAGUE | Germania - Serbia | 1X2 | 1;1,220393;1,19;1,25;0,81963;305;305;2687,2;475502,71;50000,0;0;0;0;0;183;122;305;0;1;1;0,0;361606,87;0,0;0,0;389736,184477;72321,374;0,0;60,0;0,0;0,510862;0,510862
STANLEYBET;WWW.STANLEYBET.IT;E169616;CALCIO | EUROPA - UEFA NATIONS LEAGUE | Grecia - Olanda | 1X2 | 2;2,091576;1,89;2,15;0,478293;165;165;1698,3;445106,17;48841,68;0;0;0;1;83;81;165;0;1;1;0,0;196352,34;686,12;0,0;212890,950263;39613,528;0,0;50,30303;0,0;0,478205;0,478205
STANLEYBET;WWW.STANLEYBET.IT;E171577;CALCIO | ITALIA - I DIVISIONE | Serie A 2026/27 | VINCENTE | Inter;1,891961;1,66;2,0;0,529692;102;102;686,55;435430,83;50000,0;0;0;0;0;102;0;0;102;0;0;0,0;435430,83;0,0;0,0;230644,321264;87086,166;0,0;100,0;100,0;0,467811;0,467811
STANLEYBET;WWW.STANLEYBET.IT;E170942;CALCIO | INGHILTERRA - I DIVISIONE | Premier League 26/27 | VINCENTE | Man City;3,692308;2,25;5,0;0,274791;65;65;389,8;435194,58;50000,0;0;0;0;0;65;0;0;65;0;0;0,0;435194,58;0,0;0,0;119587,562948;87038,916;0,0;100,0;100,0;0,467557;0,467557
STANLEYBET;WWW.STANLEYBET.IT;E172524;CALCIO | SPAGNA - I DIVISIONE | Real Madrid - Villarreal | 1X2 | 1;1,282151;1,24;1,33;0,780199;93;93;484,35;432676,18;48152,84;0;0;0;0;48;45;93;0;1;1;0,0;225915,88;0,0;0,0;337573,669992;45183,176;0,0;51,612903;0,0;0,464851;0,464851
STANLEYBET;WWW.STANLEYBET.IT;E170338;CALCIO | FRANCIA - I DIVISIONE | Ligue 1 2026/2027 | VINCENTE | PSG;1,149692;1,13;1,3;0,870502;65;65;690,4;430569,45;22858,32;0;0;0;0;65;0;0;65;0;0;0,0;430569,45;0,0;0,0;374811,450579;86113,89;0,0;100,0;100,0;0,462588;0,462588
STANLEYBET;WWW.STANLEYBET.IT;E169466;CALCIO | EUROPA - UEFA NATIONS LEAGUE | Galles - Norvegia | 1X2 | 2;1,468781;1,42;1,66;0,681267;320;320;2783,35;421292,05;47233,82;0;0;0;1;204;115;320;0;1;1;0,0;302725,85;686,12;0,0;287012,432632;60888,23;0,0;63,75;0,0;0,45262;0,45262
STANLEYBET;WWW.STANLEYBET.IT;E168687;CALCIO | EUROPA - CHAMPIONS LEAGUE | Roma - Real Madrid | 1X2 | 2;1,979062;1,9;2,05;0,505724;32;32;132,15;418579,27;49253,98;0;0;0;0;7;25;32;0;1;1;0,0;101717,74;0,0;0,0;211685,688898;20343,548;0,0;21,875;0,0;0,449706;0,449706
STANLEYBET;WWW.STANLEYBET.IT;E168448;CALCIO | EUROPA - CHAMPIONS LEAGUE | Arsenal - Lille | 1X2 | 1;1,253111;1,21;1,28;0,798219;90;90;447,2;413437,36;48152,84;0;0;0;0;38;52;90;0;1;1;0,0;125381,23;0,0;0,0;330013,366666;25076,246;0,0;42,222222;0,0;0,444182;0,444182
STANLEYBET;WWW.STANLEYBET.IT;E170646;CALCIO | GERMANIA - I DIVISIONE | Borussia Dortmund - Werder Brema | 1X2 | 1;1,35;1,35;1,35;0,740741;89;89;471,2;405160,14;48152,84;0;0;0;0;39;50;89;0;1;1;0,0;186205,65;0,0;0,0;300118,622222;37241,13;0,0;43,820225;0,0;0,435289;0,435289
STARCASINO;WWW.BETSSON.IT;E177212;CALCIO | ITALIA - I DIVISIONE | Inter - Parma | 1X2 | 1;1,161989;1,14;1,17;0,860671;186;186;2721,2;854384,1;49763,26;0;0;0;0;121;65;186;0;1;1;0,0;554550,35;0,0;0,0;735343,911004;110910,07;0,0;65,053763;0,0;1,266418;1,06454
STARCASINO;WWW.BETSSON.IT;E175161;CALCIO | EUROPA - UEFA NATIONS LEAGUE | Germania - Serbia | 1X2 | 1;1,226946;1,2;1,25;0,815239;478;478;6173,95;722561,95;49763,26;0;0;0;0;319;159;478;0;1;1;0,0;523849,46;0,0;0,0;589060,362697;104769,892;0,0;66,736402;0,0;1,071023;0,900293
STARCASINO;WWW.BETSSON.IT;E175044;CALCIO | EUROPA - UEFA NATIONS LEAGUE | Galles - Norvegia | 1X2 | 2;1,467922;1,32;1,51;0,681499;515;515;7001,65;710201,71;49763,26;0;0;1;1;334;179;515;0;1;1;0,0;466490,18;5583,44;114,99;484001,838394;96101,255;0,0;64,854369;0,0;1,052702;0,884892
STARCASINO;WWW.BETSSON.IT;E174672;CALCIO | EUROPA - UEFA NATIONS LEAGUE | Belgio - Turchia | 1X2 | 1;1,490378;1,45;1,53;0,671067;185;185;2045,15;680253,85;49763,26;0;0;0;0;120;65;185;0;1;1;0,0;433672,93;0,0;0,0;456496,070169;86734,586;0,0;64,864865;0,0;1,008312;0,847578
STARCASINO;WWW.BETSSON.IT;E177281;CALCIO | ITALIA - I DIVISIONE | Lazio - Monza | 1X2 | 1;1,695893;1,63;1,75;0,589966;168;168;1419,9;668868,67;49763,26;0;0;0;0;76;92;168;0;1;1;0,0;474124,06;0,0;0,0;394609,494721;94824,812;0,0;45,238095;0,0;0,991436;0,833392
STARCASINO;WWW.BETSSON.IT;E177004;CALCIO | ITALIA - I DIVISIONE | Atalanta - Venezia | 1X2 | 1;1,653419;1,64;1,71;0,604897;155;155;2431,15;536954,0;45185,35;0;0;0;0;89;66;155;0;1;1;0,0;372035,14;0,0;0,0;324801,769492;74407,028;0,0;57,419355;0,0;0,795905;0,66903
STARCASINO;WWW.BETSSON.IT;E175667;CALCIO | EUROPA - UEFA NATIONS LEAGUE | Malta - Gibilterra | 1X2 | 1;1,258008;1,18;1,28;0,794954;251;251;2011,35;529624,88;49763,26;0;0;1;1;148;101;251;0;1;1;0,0;321306,46;5583,44;114,99;421027,29055;67064,511;0,0;58,964143;0,0;0,785041;0,659898
STARCASINO;WWW.BETSSON.IT;E176604;CALCIO | INGHILTERRA - I DIVISIONE | Arsenal - Leeds United | 1X2 | 1;1,427087;1,35;1,44;0,700876;103;103;2261,4;527020,41;50000,0;0;0;0;0;79;24;103;0;1;1;0,0;504443,88;0,0;0,0;369376,066096;100888,776;0,0;76,699029;0,0;0,78118;0,656653
STARCASINO;WWW.BETSSON.IT;E176148;CALCIO | FRANCIA - I DIVISIONE | Monaco - Tolosa FC | 1X2 | 1;1,698654;1,66;1,76;0,588789;52;52;300,75;470231,93;49763,26;0;0;0;0;48;4;52;0;1;1;0,0;442349,29;0,0;0,0;276867,545918;88469,858;0,0;92,307692;0,0;0,697005;0,585896
STARCASINO;WWW.BETSSON.IT;E175606;CALCIO | EUROPA - UEFA NATIONS LEAGUE | Lettonia - Montenegro | 1X2 | 2;1,835152;1,8;1,86;0,545031;66;66;208,35;452416,68;49763,26;0;0;0;0;32;34;66;0;1;1;0,0;275338,87;0,0;0,0;246580,988204;55067,774;0,0;48,484848;0,0;0,670598;0,563699
STARCASINO;WWW.BETSSON.IT;E176399;CALCIO | GERMANIA - I DIVISIONE | Borussia Dortmund - Werder Brema | 1X2 | 1;1,38;1,38;1,38;0,724638;64;64;225,4;451143,29;49763,26;0;0;0;0;52;12;64;0;1;1;0,0;426933,79;0,0;0,0;326915,427536;85386,758;0,0;81,25;0,0;0,668711;0,562112
STARCASINO;WWW.BETSSON.IT;E175740;CALCIO | EUROPA - UEFA NATIONS LEAGUE | Polonia - Romania | 1X2 | 1;1,534737;1,52;1,57;0,651606;95;95;688,75;447898,86;46785,42;0;0;0;0;57;38;95;0;1;1;0,0;249790,69;0,0;0,0;291853,652123;49958,138;0,0;60,0;0,0;0,663902;0,55807
STARCASINO;WWW.BETSSON.IT;E174601;CALCIO | EUROPA - UEFA NATIONS LEAGUE | Azerbaigian - Liechtenstein | 1X2 | 1;1,117053;1,09;1,15;0,895296;207;207;3105,2;433604,09;49763,26;0;0;0;0;121;86;207;0;1;1;0,0;292210,18;0,0;0,0;388203,952481;58442,036;0,0;58,454106;0,0;0,642713;0,540259
STARCASINO;WWW.BETSSON.IT;E177386;CALCIO | ITALIA - I DIVISIONE | Napoli - Frosinone | 1X2 | 1;1,483611;1,45;1,51;0,674101;144;144;1933,6;413494,71;35685,35;0;0;0;0;77;67;144;0;1;1;0,0;311249,75;0,0;0,0;278737,217784;62249,95;0,0;53,472222;0,0;0,612906;0,515203
STARCASINO;WWW.BETSSON.IT;E177051;CALCIO | ITALIA - I DIVISIONE | Cagliari - Juventus | 1X2 | 2;1,587365;1,54;1,6;0,629994;148;148;1485,65;411303,08;44121,11;0;0;0;0;82;66;148;0;1;1;0,0;329069,32;0,0;0,0;259118,474279;65813,864;0,0;55,405405;0,0;0,609657;0,512473
STARCASINO;WWW.BETSSON.IT;E174976;CALCIO | EUROPA - UEFA NATIONS LEAGUE | Francia - Italia | 1X2 | 1;1,429388;1,41;1,49;0,699661;98;98;1397,15;411077,25;49763,26;0;0;0;0;54;44;98;0;1;1;0,0;287225,18;0,0;0,0;287614,62555;57445,036;0,0;55,102041;0,0;0,609323;0,512191
STARCASINO;WWW.BETSSON.IT;E175263;CALCIO | EUROPA - UEFA NATIONS LEAGUE | Grecia - Olanda | 1X2 | 2;2,11798;2,05;2,19;0,472384;198;198;1700,8;398610,23;40852,39;0;0;0;0;91;107;198;0;1;1;0,0;218888,33;0,0;0,0;188297,09345;43777,666;0,0;45,959596;0,0;0,590843;0,496658
STARCASINO;WWW.BETSSON.IT;E177097;CALCIO | ITALIA - I DIVISIONE | Como - Roma | 1X2 | X;3,455556;3,4;3,55;0,289406;45;45;225,4;397578,23;50000,0;0;0;0;0;15;30;45;0;1;1;0,0;121592,2;0,0;0,0;115061,359013;24318,44;0,0;33,333333;0,0;0,589314;0,495372
STARCASINO;WWW.BETSSON.IT;E178358;CALCIO | SPAGNA - I DIVISIONE | Real Madrid - Villarreal | 1X2 | 1;1,337361;1,29;1,38;0,74802;72;72;1601,3;393654,11;40847,67;0;0;0;0;57;15;72;0;1;1;0,0;374950,72;0,0;0,0;294461,177359;74990,144;0,0;79,166667;0,0;0,583497;0,490482
STARCASINO;WWW.BETSSON.IT;E175579;CALCIO | EUROPA - UEFA NATIONS LEAGUE | Kazakistan - Moldova | 1X2 | 1;1,657742;1,63;1,73;0,603329;62;62;389,45;348248,62;48696,93;0;0;0;0;27;35;62;0;1;1;0,0;171130,26;0,0;0,0;210108,411128;34226,052;0,0;43,548387;0,0;0,516194;0,433908
STARCASINO;WWW.STARCASINO.IT;E175044;CALCIO | EUROPA - UEFA NATIONS LEAGUE | Galles - Norvegia | 1X2 | 2;1,471;1,43;1,54;0,680056;140;140;1427,85;129564,09;14011,14;0;0;0;0;81;59;140;0;1;1;0,0;88822,12;0,0;0,0;88110,869244;17764,424;0,0;57,857143;0,0;1,0127;0,161433
STARCASINO;WWW.STARCASINO.IT;E175161;CALCIO | EUROPA - UEFA NATIONS LEAGUE | Germania - Serbia | 1X2 | 1;1,226132;1,2;1,25;0,815751;106;106;1324,6;105760,72;11246,61;0;0;0;0;60;46;106;0;1;1;0,0;72347,7;0,0;0,0;86274,443945;14469,54;0,0;56,603774;0,0;0,826648;0,131775
STARCASINO;WWW.STARCASINO.IT;E174319;CALCIO | EUROPA - CHAMPIONS LEAGUE | Villarreal - Napoli | 1X2 | 1;2,281818;2,21;2,32;0,438388;11;11;217,75;96154,29;43287,34;0;0;0;0;2;9;11;0;1;1;0,0;11061,1;0,0;0,0;42152,854776;2212,22;0,0;18,181818;0,0;0,751562;0,119806
STARCASINO;WWW.STARCASINO.IT;E174268;CALCIO | EUROPA - CHAMPIONS LEAGUE | Sabah Masazir - Slavia Praga | 1X2 | X;3,6;3,6;3,6;0,277778;3;3;5,0;89169,41;44061,25;0;0;0;0;0;3;3;0;1;1;0,0;0,0;0,0;0,0;24769,280556;0,0;0,0;0,0;0,0;0,696967;0,111103
STARCASINO;WWW.STARCASINO.IT;E175263;CALCIO | EUROPA - UEFA NATIONS LEAGUE | Grecia - Olanda | 1X2 | 2;2,112895;2,05;2,19;0,473506;76;76;777,65;87045,33;14011,14;0;0;0;0;32;44;76;0;1;1;0,0;52160,78;0,0;0,0;41216,484953;10432,156;0,0;42,105263;0,0;0,680364;0,108456
STARCASINO;WWW.STARCASINO.IT;E174447;CALCIO | EUROPA - CONFERENCE LEAGUE | Lugano - Stella Rossa | 1X2 | 1;2,716667;2,7;2,75;0,368126;3;3;6,25;77325,23;49088,3;0;0;0;0;0;3;3;0;1;1;0,0;0,0;0,0;0,0;28465,404534;0,0;0,0;0,0;0,0;0,60439;0,096345
STARCASINO;WWW.STARCASINO.IT;E174139;CALCIO | EUROPA - CHAMPIONS LEAGUE | Galatasaray - Barcellona | 1X2 | 2;1,318065;1,3;1,34;0,75876;31;31;312,95;77298,21;23427,54;0;0;0;0;11;20;31;0;1;1;0,0;16059,49;0,0;0,0;58650,762242;3211,898;0,0;35,483871;0,0;0,604179;0,096311
STARCASINO;WWW.STARCASINO.IT;E174389;CALCIO | EUROPA - CONFERENCE LEAGUE | Egnatia Rrogozhine - FC Midtjylland | 1X2 | 1;5,3;5,0;5,6;0,189286;2;2;3,25;76664,95;49088,3;0;0;0;0;0;2;2;0;1;1;0,0;0,0;0,0;0,0;14511,579821;0,0;0,0;0,0;0,0;0,599229;0,095522
STARCASINO;WWW.STARCASINO.IT;E174459;CALCIO | EUROPA - CONFERENCE LEAGUE | Mjallby - Inter Club de Escaldes | 1X2 | 2;11,0;11,0;11,0;0,090909;2;2;3,25;76664,95;49088,3;0;0;0;0;0;2;2;0;1;1;0,0;0,0;0,0;0,0;6969,540909;0,0;0,0;0,0;0,0;0,599229;0,095522
STARCASINO;WWW.STARCASINO.IT;E174510;CALCIO | EUROPA - CONFERENCE LEAGUE | Universitatea Craiova - Getafe | 1X2 | X;3,3;3,3;3,3;0,30303;5;5;31,2;76431,64;49088,3;0;0;0;0;0;5;5;0;1;1;0,0;0,0;0,0;0,0;23161,10303;0,0;0,0;0,0;0,0;0,597406;0,095232
STARCASINO;WWW.STARCASINO.IT;E177004;CALCIO | ITALIA - I DIVISIONE | Atalanta - Venezia | 1X2 | 1;1,623171;1,61;1,65;0,616148;41;41;175,25;75946,44;23461,6;0;0;0;0;24;17;41;0;1;1;0,0;38721,05;0,0;0,0;46794,226989;7744,21;0,0;58,536585;0,0;0,593613;0,094627
STARCASINO;WWW.STARCASINO.IT;E174826;CALCIO | EUROPA - UEFA NATIONS LEAGUE | Danimarca - Portogallo | 1X2 | 2;2,053093;1,97;2,08;0,487165;97;97;1300,25;75425,97;14011,14;0;0;0;0;41;56;97;0;1;1;0,0;37085,17;0,0;0,0;36744,899478;7417,034;0,0;42,268041;0,0;0,589545;0,093979
STARCASINO;WWW.STARCASINO.IT;E174672;CALCIO | EUROPA - UEFA NATIONS LEAGUE | Belgio - Turchia | 1X2 | 1;1,491163;1,47;1,53;0,670701;43;43;620,25;74416,88;13063,48;0;0;0;0;25;18;43;0;1;1;0,0;50870,6;0,0;0,0;49911,50432;10174,12;0,0;58,139535;0,0;0,581658;0,092721
STARCASINO;WWW.STARCASINO.IT;E174182;CALCIO | EUROPA - CHAMPIONS LEAGUE | Lens - Sporting Lisbona | 1X2 | 1;2,358571;2,35;2,41;0,424018;7;7;13,0;70945,26;44061,25;0;0;0;0;1;6;7;0;1;1;0,0;45,98;0,0;0,0;30082,10018;9,196;0,0;14,285714;0,0;0,554523;0,088396
STARCASINO;WWW.STARCASINO.IT;E174161;CALCIO | EUROPA - CHAMPIONS LEAGUE | Inter - Club Bruges | 1X2 | 1;1,282195;1,27;1,29;0,779944;41;41;455,8;70609,44;12855,52;0;0;0;0;20;21;41;0;1;1;0,0;27882,76;0,0;0,0;55071,398598;5576,552;0,0;48,780488;0,0;0,551898;0,087977
STARCASINO;WWW.STARCASINO.IT;E174438;CALCIO | EUROPA - CONFERENCE LEAGUE | Kuopion Palloseura - Trabzonspor | 1X2 | X;4,0;4,0;4,0;0,25;3;3;22,05;69974,09;49088,3;0;0;0;0;0;3;3;0;1;1;0,0;0,0;0,0;0,0;17493,5225;0,0;0,0;0,0;0,0;0,546932;0,087186
STARCASINO;WWW.STARCASINO.IT;E174183;CALCIO | EUROPA - CHAMPIONS LEAGUE | Lens - Sporting Lisbona | 1X2 | 2;2,7;2,7;2,7;0,37037;9;9;36,0;67939,95;43287,34;0;0;0;0;2;7;9;0;1;1;0,0;1658,28;0,0;0,0;25162,944444;331,656;0,0;22,222222;0,0;0,531033;0,084651
STARCASINO;WWW.STARCASINO.IT;E177169;CALCIO | ITALIA - I DIVISIONE | Genoa - Fiorentina | GG/NG | Goal;1,759091;1,75;1,76;0,568477;11;11;165,75;67634,53;50000,0;0;0;0;0;11;0;0;11;0;0;0,0;67634,53;0,0;0,0;38448,673194;13526,906;0,0;100,0;100,0;0,528646;0,084271
STARCASINO;WWW.STARCASINO.IT;E175667;CALCIO | EUROPA - UEFA NATIONS LEAGUE | Malta - Gibilterra | 1X2 | 1;1,258462;1,25;1,28;0,794655;65;65;519,9;64838,83;13063,48;0;0;0;0;37;28;65;0;1;1;0,0;51232,66;0,0;0,0;51524,509483;10246,532;0,0;56,923077;0,0;0,506794;0,080787
STARCASINO;WWW.STARCASINO.IT;E177109;CALCIO | ITALIA - I DIVISIONE | Como - Roma | MULTIGOAL | Si;1,2;1,19;1,21;0,833372;3;3;243,15;63320,18;50000,0;0;0;0;0;3;0;0;3;0;0;0,0;63320,18;0,0;0,0;52769,259745;12664,036;0,0;100,0;100,0;0,494924;0,078895
TOTOSI;WWW.TOTOSI.IT;E179637;CALCIO | EUROPA - CHAMPIONS LEAGUE | Aston Villa - Fenerbahce | U/O | OVER;1,59;1,59;1,59;0,628931;9;9;12,0;226134,81;39952,54;0;0;0;0;9;0;0;9;0;0;0,0;226134,81;0,0;0,0;142223,150943;45226,962;0,0;100,0;100,0;1,05579;1,05579
TOTOSI;WWW.TOTOSI.IT;E179711;CALCIO | EUROPA - CHAMPIONS LEAGUE | Sabah Masazir - Slavia Praga | U/O | OVER;1,57;1,57;1,57;0,636943;8;8;10,0;225996,92;39952,54;0;0;0;0;8;0;0;8;0;0;0,0;225996,92;0,0;0,0;143947,082803;45199,384;0,0;100,0;100,0;1,055146;1,055146
TOTOSI;WWW.TOTOSI.IT;E179743;CALCIO | EUROPA - CONFERENCE LEAGUE | CSKA Sofia - Monaco | U/O | OVER;1,544;1,17;1,59;0,65311;10;10;13,4;203458,58;39952,54;0;0;0;0;10;0;0;10;0;0;0,0;203458,58;0,0;0,0;132880,872417;40691,716;0,0;100,0;100,0;0,949918;0,949918
TOTOSI;WWW.TOTOSI.IT;E179791;CALCIO | EUROPA - CONFERENCE LEAGUE | Lugano - Stella Rossa | U/O | OVER;1,665;1,18;2,5;0,615202;12;12;19,4;191699,03;31017,54;0;0;0;0;12;0;0;12;0;0;0,0;191699,03;0,0;0,0;117933,673816;38339,806;0,0;100,0;100,0;0,895014;0,895014
TOTOSI;WWW.TOTOSI.IT;E179769;CALCIO | EUROPA - CONFERENCE LEAGUE | Hajduk Spalato - Ajax | U/O | OVER;1,566;1,15;2,35;0,655826;10;10;13,4;191229,24;31017,54;0;0;0;0;10;0;0;10;0;0;0,0;191229,24;0,0;0,0;125413,012454;38245,848;0,0;100,0;100,0;0,892821;0,892821
TOTOSI;WWW.TOTOSI.IT;E179688;CALCIO | EUROPA - CHAMPIONS LEAGUE | Lipsia - PSV Eindhoven | U/O | OVER;1,35;1,35;1,35;0,740741;8;8;10,0;186058,33;31017,54;0;0;0;0;8;0;0;8;0;0;0,0;186058,33;0,0;0,0;137820,985185;37211,666;0,0;100,0;100,0;0,868679;0,868679
TOTOSI;WWW.TOTOSI.IT;E179764;CALCIO | EUROPA - CONFERENCE LEAGUE | Gent - Aarhus | U/O | OVER;1,654;1,23;1,76;0,617147;10;10;12,8;173624,67;39952,54;0;0;0;0;10;0;0;10;0;0;0,0;173624,67;0,0;0,0;107151,958204;34724,934;0,0;100,0;100,0;0,810628;0,810628
TOTOSI;WWW.TOTOSI.IT;E179781;CALCIO | EUROPA - CONFERENCE LEAGUE | Kuopion Palloseura - Trabzonspor | U/O | OVER;1,614444;1,21;1,68;0,625709;9;9;10,4;172441,04;39952,54;0;0;0;0;9;0;0;9;0;0;0,0;172441,04;0,0;0,0;107897,897339;34488,208;0,0;100,0;100,0;0,805102;0,805102
TOTOSI;WWW.TOTOSI.IT;E179758;CALCIO | EUROPA - CONFERENCE LEAGUE | Friburgo - FK Jablonec | U/O | OVER;1,554444;1,15;2,27;0,660651;9;9;12,4;168468,0;31017,54;0;0;0;0;9;0;0;9;0;0;0,0;168468,0;0,0;0,0;111298,486051;33693,6;0,0;100,0;100,0;0,786552;0,786552
TOTOSI;WWW.TOTOSI.IT;E179990;CALCIO | EUROPA - UEFA NATIONS LEAGUE | Germania - Serbia | 1X2 | 1;1,230597;1,2;1,26;0,812856;67;67;200,55;167529,73;45831,04;0;0;0;0;51;16;67;0;1;1;0,0;160713,7;0,0;0,0;136177,498979;32142,74;0,0;76,119403;0,0;0,782171;0,782171
TOTOSI;WWW.TOTOSI.IT;E179641;CALCIO | EUROPA - CHAMPIONS LEAGUE | Atletico Madrid - Manchester United | GG/NG | GOAL;1,417143;1,4;1,42;0,705663;7;7;7,0;167301,19;39952,54;0;0;0;0;7;0;0;7;0;0;0,0;167301,19;0,0;0,0;118058,183803;33460,238;0,0;100,0;100,0;0,781104;0,781104
TOTOSI;WWW.TOTOSI.IT;E179672;CALCIO | EUROPA - CHAMPIONS LEAGUE | Inter - Club Bruges | U/O | UNDER;1,62;1,62;1,62;0,617284;6;6;6,0;167256,18;39952,54;0;0;0;0;6;0;0;6;0;0;0,0;167256,18;0,0;0,0;103244,555556;33451,236;0,0;100,0;100,0;0,780894;0,780894
TOTOSI;WWW.TOTOSI.IT;E179701;CALCIO | EUROPA - CHAMPIONS LEAGUE | Real Betis - FC Porto | U/O | OVER;1,597143;1,58;1,6;0,62613;7;7;8,0;166352,99;39952,54;0;0;0;0;7;0;0;7;0;0;0,0;166352,99;0,0;0,0;104158,630719;33270,598;0,0;100,0;100,0;0,776677;0,776677
TOTOSI;WWW.TOTOSI.IT;E179800;CALCIO | EUROPA - CONFERENCE LEAGUE | Panathinaikos - FK Borac Banja Luka | U/O | OVER;1,435;1,13;1,47;0,699926;14;14;21,8;166248,22;31017,54;0;0;0;0;14;0;0;14;0;0;0,0;166248,22;0,0;0,0;116361,450257;33249,644;0,0;100,0;100,0;0,776188;0,776188
TOTOSI;WWW.TOTOSI.IT;E179675;CALCIO | EUROPA - CHAMPIONS LEAGUE | LASK Linz - Liverpool | U/O | OVER;1,32;1,32;1,32;0,757576;7;7;10,0;158787,53;31017,54;0;0;0;0;7;0;0;7;0;0;0,0;158787,53;0,0;0,0;120293,583333;31757,506;0,0;100,0;100,0;0,741355;0,741355
TOTOSI;WWW.TOTOSI.IT;E180621;CALCIO | ITALIA - I DIVISIONE | Lazio - AC Monza | 1X2 | 1;1,671471;1,6;1,72;0,598642;34;34;139,05;152186,01;41457,04;0;0;0;0;21;13;34;0;1;1;0,0;78004,38;0,0;0,0;91104,926203;15600,876;0,0;61,764706;0,0;0,710534;0,710534
TOTOSI;WWW.TOTOSI.IT;E180407;CALCIO | INGHILTERRA - I DIVISIONE | Arsenal - Leeds United | 1X2 | 1;1,412941;1,37;1,43;0,707918;34;34;343,0;145483,76;34172,77;0;0;0;0;25;9;34;0;1;1;0,0;108231,36;0,0;0,0;102990,576183;21646,272;0,0;73,529412;0,0;0,679242;0,679242
TOTOSI;WWW.TOTOSI.IT;E179774;CALCIO | EUROPA - CONFERENCE LEAGUE | Heart of Midlothian FC - Nordsjaelland | U/O | OVER;1,538889;1,14;2,21;0,666261;9;9;12,4;141381,03;31017,54;0;0;0;0;9;0;0;9;0;0;0,0;141381,03;0,0;0,0;94196,656012;28276,206;0,0;100,0;100,0;0,660087;0,660087
TOTOSI;WWW.TOTOSI.IT;E179731;CALCIO | EUROPA - CONFERENCE LEAGUE | Atalanta - Pafos | U/O | OVER;1,585556;1,16;2,33;0,648523;9;9;12,4;140011,49;31017,54;0;0;0;0;9;0;0;9;0;0;0,0;140011,49;0,0;0,0;90800,688025;28002,298;0,0;100,0;100,0;0,653693;0,653693
TOTOSI;WWW.TOTOSI.IT;E180649;CALCIO | ITALIA - I DIVISIONE | Napoli - Frosinone Calcio | 1X2 | 1;1,46;1,42;1,48;0,685024;31;31;264,0;132543,77;34172,77;0;0;0;0;18;13;31;0;1;1;0,0;93646,6;0,0;0,0;90795,646428;18729,32;0,0;58,064516;0,0;0,618827;0,618827
WILLIAMHILL;WWW.WILLIAMHILL.IT;E183707;CALCIO | INGHILTERRA - I DIVISIONE | Arsenal - Leeds United | 1X2 | 1;1,389797;1,33;1,41;0,719763;148;148;2212,9;1899828,56;49998,94;0;0;0;0;122;26;148;0;1;1;0,0;1792518,47;0,0;0,0;1367425,716882;358503,694;0,0;82,432432;0,0;1,496655;1,496655
WILLIAMHILL;WWW.WILLIAMHILL.IT;E185208;CALCIO | SPAGNA - I DIVISIONE | Real Madrid - Villarreal | 1X2 | 1;1,301639;1,26;1,36;0,768618;122;122;1021,15;1548270,66;49901,01;0;0;0;0;92;30;122;0;1;1;0,0;1396826,95;0,0;0,0;1190029,039768;279365,39;0,0;75,409836;0,0;1,219703;1,219703
WILLIAMHILL;WWW.WILLIAMHILL.IT;E183293;CALCIO | FRANCIA - I DIVISIONE | Lille - Le Havre AC | 1X2 | 1;1,444677;1,41;1,46;0,692251;62;62;534,3;1502967,01;49901,01;0;0;0;0;53;9;62;0;1;1;0,0;1427997,03;0,0;0,0;1040430,335153;285599,406;0,0;85,483871;0,0;1,184014;1,184014
WILLIAMHILL;WWW.WILLIAMHILL.IT;E181961;CALCIO | EUROPA - CHAMPIONS LEAGUE | Manchester City - Paris Saint-Germain | GG/NG | Goal;1,369057;1,35;1,38;0,730466;53;53;190,5;1487174,98;49877,17;0;0;0;0;53;0;0;53;0;0;0,0;1487174,98;0,0;0,0;1086330,25161;297434,996;0,0;100,0;100,0;1,171573;1,171573
WILLIAMHILL;WWW.WILLIAMHILL.IT;E184200;CALCIO | ITALIA - I DIVISIONE | Cagliari Calcio - Juventus | 1X2 | 2;1,56396;1,56;1,57;0,639409;149;149;1114,3;1470687,03;49998,94;0;0;0;0;89;60;149;0;1;1;0,0;1281040,36;0,0;0,0;940370,370438;256208,072;0,0;59,731544;0,0;1,158584;1,158584
WILLIAMHILL;WWW.WILLIAMHILL.IT;E183762;CALCIO | INGHILTERRA - I DIVISIONE | Coventry City - Newcastle United | X2 | X2;1,319189;1,31;1,33;0,758054;37;37;215,9;1450527,42;49998,94;0;0;0;0;37;0;0;37;0;0;0,0;1450527,42;0,0;0,0;1099578,189066;290105,484;0,0;100,0;100,0;1,142703;1,142703
WILLIAMHILL;WWW.WILLIAMHILL.IT;E182566;CALCIO | EUROPA - UEFA NATIONS LEAGUE | Galles - Norvegia | 1X2 | 2;1,473612;1,35;1,54;0,678943;515;515;4343,15;1316973,99;49877,17;0;0;0;0;289;226;515;0;1;1;0,0;936454,71;0,0;0,0;894150,421396;187290,942;0,0;56,116505;0,0;1,037491;1,037491
WILLIAMHILL;WWW.WILLIAMHILL.IT;E183475;CALCIO | GERMANIA - I DIVISIONE | Borussia Dortmund - Werder Brema | 1X2 | 1;1,359136;1,35;1,39;0,735776;81;81;1425,1;1292739,01;49901,01;0;0;0;0;64;17;81;0;1;1;0,0;1213032,37;0,0;0,0;951166,885483;242606,474;0,0;79,012346;0,0;1,018399;1,018399
WILLIAMHILL;WWW.WILLIAMHILL.IT;E184465;CALCIO | ITALIA - I DIVISIONE | Napoli - Frosinone Calcio | 1X2 | 1;1,456425;1,42;1,48;0,686708;193;193;1651,5;1291242,91;49500,97;0;0;0;0;99;94;193;0;1;1;0,0;991057,53;0,0;0,0;886707,074374;198211,506;0,0;51,295337;0,0;1,017221;1,017221
WILLIAMHILL;WWW.WILLIAMHILL.IT;E181905;CALCIO | EUROPA - CHAMPIONS LEAGUE | Inter - Club Bruges | 1X2 | 1;1,278868;1,26;1,3;0,782016;106;106;1575,8;1247497,93;49998,94;0;0;0;0;88;18;106;0;1;1;0,0;1202433,89;0,0;0,0;975563,715797;240486,778;0,0;83,018868;0,0;0,982759;0,982759
WILLIAMHILL;WWW.WILLIAMHILL.IT;E183332;CALCIO | FRANCIA - I DIVISIONE | Stade Rennes FC - Auxerre | 1X2 | 1;1,411957;1,41;1,42;0,708243;46;46;642,8;1234176,72;49901,01;0;0;0;0;40;6;46;0;1;1;0,0;1213577,72;0,0;0,0;874096,618129;242715,544;0,0;86,956522;0,0;0,972265;0,972265
WILLIAMHILL;WWW.WILLIAMHILL.IT;E183815;CALCIO | INGHILTERRA - I DIVISIONE | Liverpool - Manchester City | X2 | X2;1,42;1,37;1,49;0,704446;32;32;42,0;1209726,8;49901,01;0;0;0;0;32;0;0;32;0;0;0,0;1209726,8;0,0;0,0;852186,762071;241945,36;0,0;100,0;100,0;0,953004;0,953004
WILLIAMHILL;WWW.WILLIAMHILL.IT;E182079;CALCIO | EUROPA - CONFERENCE LEAGUE | Atalanta - Pafos | 1X2 | 1;1,358615;1,32;1,43;0,73666;65;65;785,45;1197819,54;49877,17;0;0;0;0;49;16;65;0;1;1;0,0;1177515,97;0,0;0,0;882386,24271;235503,194;0,0;75,384615;0,0;0,943623;0,943623
WILLIAMHILL;WWW.WILLIAMHILL.IT;E183716;CALCIO | INGHILTERRA - I DIVISIONE | Aston Villa - Brentford | 1X | 1X;1,480588;1,48;1,49;0,675409;34;34;83,0;1163425,93;49901,01;0;0;0;0;34;0;0;34;0;0;0,0;1163425,93;0,0;0,0;785788,258437;232685,186;0,0;100,0;100,0;0,916529;0,916529
WILLIAMHILL;WWW.WILLIAMHILL.IT;E181847;CALCIO | EUROPA - CHAMPIONS LEAGUE | Bodo Glimt - Borussia Dortmund | GG/NG | Goal;1,356389;1,35;1,38;0,737281;36;36;146,0;1162688,17;49877,17;0;0;0;0;36;0;0;36;0;0;0,0;1162688,17;0,0;0,0;857227,589624;232537,634;0,0;100,0;100,0;0,915947;0,915947
WILLIAMHILL;WWW.WILLIAMHILL.IT;E181833;CALCIO | EUROPA - CHAMPIONS LEAGUE | Atletico Madrid - Manchester United | GG/NG | Goal;1,401892;1,39;1,42;0,713378;37;37;124,0;1051886,71;49877,17;0;0;0;0;37;0;0;37;0;0;0,0;1051886,71;0,0;0,0;750392,912371;210377,342;0,0;100,0;100,0;0,82866;0,82866
WILLIAMHILL;WWW.WILLIAMHILL.IT;E181457;CALCIO | AUSTRIA - I DIVISIONE | Grazer AK - Salisburgo | 1X2 | 2;1,415556;1,38;1,43;0,706548;27;27;72,2;1041620,88;49901,01;0;0;0;0;26;1;27;0;1;1;0,0;1041490,92;0,0;0,0;735955,081008;208298,184;0,0;96,296296;0,0;0,820573;0,820573
WILLIAMHILL;WWW.WILLIAMHILL.IT;E184163;CALCIO | ITALIA - I DIVISIONE | Atalanta - Venezia | 1X2 | 1;1,626645;1,61;1,66;0,614853;152;152;1018,4;1014951,56;49875,98;0;0;0;0;86;66;152;0;1;1;0,0;777929,49;0,0;0,0;624045,670321;155585,898;0,0;56,578947;0,0;0,799563;0,799563
WILLIAMHILL;WWW.WILLIAMHILL.IT;E181880;CALCIO | EUROPA - CHAMPIONS LEAGUE | Feyenoord - Como | GG/NG | Goal;1,405937;1,39;1,47;0,711441;32;32;76,5;1007604,77;49237,53;0;0;0;0;32;0;0;32;0;0;0,0;1007604,77;0,0;0,0;716851,527056;201520,954;0,0;100,0;100,0;0,793775;0,793775
WILLIAMHILL;WWW.WILLIAMHILL.IT;E183041;CALCIO | EUROPA - UEFA NATIONS LEAGUE | Repubblica Ceca - Inghilterra | 1X2 | 2;1,332738;1,25;1,41;0,750709;84;84;506,1;986273,74;49901,01;0;0;0;0;64;20;84;0;1;1;0,0;975537,37;0,0;0,0;740404,160803;195107,474;0,0;76,190476;0,0;0,776971;0,776971
