des_scom;des_eve;des_vin;famiglia_matrice;esito_matrice;mapping_esito;motivo_mapping;righe;ticket_unici;concessionari;esempio_evento_descrizione
U/O INFO1;OVER;;;;NON_MAPPATO;famiglia non riconosciuta;331046;72166;DOMUSBET;CALCIO | GERMANIA - II DIVISIONE | Greuther Furth - Magdeburgo | U/O INFO1 | OVER
GG/NG;GG;;;;NON_MAPPATO;famiglia non riconosciuta;156562;51270;ADMIRAL, DOMUSBET;CALCIO | MONDO - MONDIALI | Belgio - Senegal | GG/NG | GG
U/O INFO1 INFO2 TEMPO;OVER;;;;NON_MAPPATO;famiglia non riconosciuta;82138;25335;DOMUSBET;CALCIO | EUROPA - EUROPA LEAGUE | Viktoria Plzen - Union Saint Gilloise | U/O INFO1 INFO2 TEMPO | OVER
GIOC. INFO1 CARTELLINO + SOST. INCL PANCHINA/FINALE (INC.TS);SI;;;;NON_MAPPATO;famiglia non riconosciuta;43452;17366;DOMUSBET;CALCIO | EUROPA - UEFA NATIONS LEAGUE | Italia - Belgio | GIOC. INFO1 CARTELLINO + SOST. INCL PANCHINA/FINALE (INC.TS) | SI
MULTIGOL CASA INFO1-INFO2;SI;;;;NON_MAPPATO;famiglia non riconosciuta;37964;17544;DOMUSBET;CALCIO | GERMANIA - I DIVISIONE | Eintracht Francoforte - Friburgo | MULTIGOL CASA INFO1-INFO2 | SI
1X+U/O INFO1;1X + OV;;;;NON_MAPPATO;famiglia non riconosciuta;33380;17558;DOMUSBET;CALCIO | EUROPA - EUROPA LEAGUE | Milan - Benfica | 1X+U/O INFO1 | 1X + OV
OV INFO1 1°T + OV INFO2 2°T;SI;;;;NON_MAPPATO;famiglia non riconosciuta;32202;5970;DOMUSBET;CALCIO | EUROPA - EUROPA LEAGUE | Juventus - NEC Nimega | OV INFO1 1°T + OV INFO2 2°T | SI
GIOC. INFO1 O SOSTITUTO SEGNA O ASSIST (INC.TS.);SI;;;;NON_MAPPATO;famiglia non riconosciuta;25153;8666;DOMUSBET;CALCIO | ITALIA - I DIVISIONE | Roma - Inter | GIOC. INFO1 O SOSTITUTO SEGNA O ASSIST (INC.TS.) | SI
U/O INFO1 SQUADRA INFO2;OVER;;;;NON_MAPPATO;famiglia non riconosciuta;24891;13340;360BET, BBET, DOMUSBET, MARATHON, SPORTBET, STANLEYBET, TOTOSI;CALCIO | EUROPA - UEFA NATIONS LEAGUE | Germania - Grecia | U/O INFO1 SQUADRA INFO2 | OVER
GG O OV 2.5;SI;;;;NON_MAPPATO;famiglia non riconosciuta;23389;6185;360BET, BBET, DOMUSBET, SPORTBET, STANLEYBET, TOTOSI;CALCIO | EUROPA - UEFA NATIONS LEAGUE | Norvegia - Portogallo | GG O OV 2.5 | SI
U/O;OVER;;;;NON_MAPPATO;famiglia non riconosciuta;22822;5242;360BET, ADMIRAL, BBET, DOMUSBET, MARATHON, SPORTBET, STANLEYBET, TOTOSI;CALCIO | EUROPA - UEFA NATIONS LEAGUE | Serbia - Olanda | U/O | OVER
MULTIGOL INFO1-INFO2;SI;;;;NON_MAPPATO;famiglia non riconosciuta;21058;6666;360BET, BBET, DOMUSBET, SPORTBET, STANLEYBET, TOTOSI;CALCIO | EUROPA - UEFA NATIONS LEAGUE | Scozia - Svizzera | MULTIGOL INFO1-INFO2 | SI
X2+U/O INFO1;X2 + OV;;;;NON_MAPPATO;famiglia non riconosciuta;20954;13700;DOMUSBET;CALCIO | INGHILTERRA - I DIVISIONE | Brentford - Chelsea | X2+U/O INFO1 | X2 + OV
GIOC. INFO1 + SOST. SEGNA O PALO/TRAV (INC.TS.);SI;;;;NON_MAPPATO;famiglia non riconosciuta;20133;8300;DOMUSBET;CALCIO | EUROPA - UEFA NATIONS LEAGUE | Italia - Belgio | GIOC. INFO1 + SOST. SEGNA O PALO/TRAV (INC.TS.) | SI
MULTIGOL OSPITE INFO1-INFO2;SI;;;;NON_MAPPATO;famiglia non riconosciuta;17462;10901;DOMUSBET;CALCIO | EUROPA - EUROPA LEAGUE | Real Sociedad - Bournemouth | MULTIGOL OSPITE INFO1-INFO2 | SI
U/O INFO1;UNDER;;;;NON_MAPPATO;famiglia non riconosciuta;16382;7008;DOMUSBET;CALCIO | ITALIA - I DIVISIONE | Venezia - Lazio | U/O INFO1 | UNDER
X O GG;SI;;;;NON_MAPPATO;famiglia non riconosciuta;16048;7162;360BET, BBET, DOMUSBET, MARATHON, SPORTBET, STANLEYBET, TOTOSI, WILLIAMHILL;CALCIO | EUROPA - UEFA NATIONS LEAGUE | Turchia - Italia | X O GG | SI
U/O + GG/NG;GG+OV;;;;NON_MAPPATO;famiglia non riconosciuta;13619;6357;BBET, DOMUSBET, SPORTBET, STANLEYBET, TOTOSI;CALCIO | EUROPA - UEFA NATIONS LEAGUE | Norvegia - Portogallo | U/O + GG/NG | GG+OV
GG/NG;GOAL;;;;NON_MAPPATO;famiglia non riconosciuta;12721;4672;360BET, BBET, MARATHON, SPORTBET, STANLEYBET, TOTOSI;CALCIO | EUROPA - UEFA NATIONS LEAGUE | Gibilterra - Andorra | GG/NG | GOAL
T/T (ESCL. RITIRO);1;;;;NON_MAPPATO;famiglia non riconosciuta;12612;7177;BBET, DOMUSBET, MARATHON, SPORTBET, STANLEYBET, STARCASINO, TOTOSI, WILLIAMHILL;TENNIS | CHALLENGER DI ARGENTINA | Barrena, Alex - Mena, Facundo | T/T (ESCL. RITIRO) | 1
U/O INFO1 CORNER T.R;OVER;;;;NON_MAPPATO;famiglia non riconosciuta;12265;6324;DOMUSBET;CALCIO | EUROPA - EUROPA LEAGUE | Besiktas - Marsiglia | U/O INFO1 CORNER T.R | OVER
1X + GG/NG;1X + GG;;;;NON_MAPPATO;famiglia non riconosciuta;12021;5280;DOMUSBET;CALCIO | EUROPA - EUROPA LEAGUE | Milan - Benfica | 1X + GG/NG | 1X + GG
T/T;1;;;;NON_MAPPATO;famiglia non riconosciuta;11406;4820;360BET, ADMIRAL, BBET, DOMUSBET, MARATHON, SPORTBET, STANLEYBET, STARCASINO, TOTOSI, WILLIAMHILL;BASKET | FRANCIA - I DIVISIONE | Cholet Basket - Asvel Lyon Villeurbanne | T/T | 1
GG/NG TEMPO INFO1;GOAL;;;;NON_MAPPATO;famiglia non riconosciuta;10749;4006;360BET, BBET, DOMUSBET, SPORTBET, STANLEYBET, TOTOSI;CALCIO | EUROPA - UEFA NATIONS LEAGUE | Norvegia - Portogallo | GG/NG TEMPO INFO1 | GOAL
T/T (ESCL. RITIRO);2;;;;NON_MAPPATO;famiglia non riconosciuta;10270;6324;BBET, DOMUSBET, MARATHON, SPORTBET, STANLEYBET, STARCASINO, TOTOSI, WILLIAMHILL;TENNIS | CHALLENGER DI PORTOGALLO | Marrero Curbelo, Ivan - Potenza, Luca | T/T (ESCL. RITIRO) | 2
MG CASA INFO1-INFO2  + MG OSPITE INFO3-INFO4;SI;;;;NON_MAPPATO;famiglia non riconosciuta;9968;5040;DOMUSBET;CALCIO | EUROPA - EUROPA LEAGUE | Milan - Benfica | MG CASA INFO1-INFO2 + MG OSPITE INFO3-INFO4 | SI
U/O INFO2 TIRI IN PORTA GIOC. INFO1+SOST+PALI/TRAV (INC.TS.);OVER;;;;NON_MAPPATO;famiglia non riconosciuta;9849;4244;DOMUSBET;CALCIO | EUROPA - EUROPA LEAGUE | Juventus - NEC Nimega | U/O INFO2 TIRI IN PORTA GIOC. INFO1+SOST+PALI/TRAV (INC.TS.) | OVER
X2 + GG/NG;X2 + GG;;;;NON_MAPPATO;famiglia non riconosciuta;8641;4978;DOMUSBET;CALCIO | EUROPA - EUROPA LEAGUE | SK Sturm Graz - Rennes | X2 + GG/NG | X2 + GG
MG INFO1-INFO2 1°T+MG INFO3-INFO4 2°T;SI;;;;NON_MAPPATO;famiglia non riconosciuta;8243;2621;DOMUSBET;CALCIO | ITALIA - I DIVISIONE | Venezia - Lazio | MG INFO1-INFO2 1°T+MG INFO3-INFO4 2°T | SI
SEGNA GOL;CASA;;;;NON_MAPPATO;famiglia non riconosciuta;7876;4790;BBET, DOMUSBET, SPORTBET, STANLEYBET, TOTOSI;CALCIO | ITALIA - III DIVISIONE | Renate - Treviso | SEGNA GOL | CASA
1X+U/O INFO1;1X + UN;;;;NON_MAPPATO;famiglia non riconosciuta;7657;5333;DOMUSBET;CALCIO | SPAGNA - I DIVISIONE | Athletic Bilbao - Alaves | 1X+U/O INFO1 | 1X + UN
T/T;2;;;;NON_MAPPATO;famiglia non riconosciuta;7179;4554;360BET, ADMIRAL, BBET, DOMUSBET, MARATHON, SPORTBET, STANLEYBET, STARCASINO, TOTOSI, WILLIAMHILL;BASKET | ITALIA - I DIVISIONE | Pallacanestro Varese - Virtus Bologna | T/T | 2
U/O;Over;;;;NON_MAPPATO;famiglia non riconosciuta;7115;2009;STARCASINO, WILLIAMHILL;CALCIO | ITALIA - III DIVISIONE | Foggia - Sorrento | U/O | Over
U/O INFO1 CARTELLINI (T.R.);OVER;;;;NON_MAPPATO;famiglia non riconosciuta;6119;3297;DOMUSBET;CALCIO | ITALIA - I DIVISIONE | Milan - Lecce | U/O INFO1 CARTELLINI (T.R.) | OVER
U/O INFO1 CORNER SQUADRA INFO2;OVER;;;;NON_MAPPATO;famiglia non riconosciuta;5713;4235;DOMUSBET, STANLEYBET;CALCIO | EUROPA - EUROPA LEAGUE | Juventus - NEC Nimega | U/O INFO1 CORNER SQUADRA INFO2 | OVER
1X;1X;;;;NON_MAPPATO;famiglia non riconosciuta;5134;2135;ADMIRAL, MARATHON, STARCASINO, WILLIAMHILL;CALCIO | MONDO - MONDIALI | Belgio - Senegal | 1X | 1X
U/O INFO1 TIRI IN PORTA INCL.TS;OVER;;;;NON_MAPPATO;famiglia non riconosciuta;4630;3158;BBET, DOMUSBET, SPORTBET, TOTOSI;CALCIO | EUROPA - UEFA NATIONS LEAGUE | Israele - Irlanda | U/O INFO1 TIRI IN PORTA INCL.TS | OVER
GG/NG;Goal;;;;NON_MAPPATO;famiglia non riconosciuta;4477;1710;STARCASINO, WILLIAMHILL;CALCIO | FRANCIA - I DIVISIONE | Olympique Marsiglia - Paris Saint-Germain | GG/NG | Goal
SEGNA GOL;OSPITE;;;;NON_MAPPATO;famiglia non riconosciuta;4334;3439;BBET, DOMUSBET, SPORTBET, STANLEYBET, TOTOSI;CALCIO | ITALIA - III DIVISIONE | Perugia - AC Reggiana 1919 | SEGNA GOL | OSPITE
DC 1X;1X;;;;NON_MAPPATO;famiglia non riconosciuta;4276;1754;360BET, BBET, SPORTBET, TOTOSI;CALCIO | EUROPA - UEFA NATIONS LEAGUE | Austria - Kosovo | DC 1X | 1X
CASA SEGNA;SI;;;;NON_MAPPATO;famiglia non riconosciuta;4142;1893;360BET, BBET, DOMUSBET, MARATHON, SPORTBET, STANLEYBET, TOTOSI, WILLIAMHILL;CALCIO | EUROPA - UEFA NATIONS LEAGUE | Germania - Grecia | CASA SEGNA | SI
METODO DEL INFO1° GOL T.R;TIRO;;;;NON_MAPPATO;famiglia non riconosciuta;4133;498;DOMUSBET;CALCIO | EUROPA - EUROPA LEAGUE | Bayer Leverkusen - NK Celje | METODO DEL INFO1° GOL T.R | TIRO
COMBO GG/NG 1°T/2°T;GG/GG;;;;NON_MAPPATO;famiglia non riconosciuta;4094;1854;DOMUSBET;CALCIO | SPAGNA - I DIVISIONE | Atletico Madrid - Real Madrid | COMBO GG/NG 1°T/2°T | GG/GG
X O OV;SI;;;;NON_MAPPATO;famiglia non riconosciuta;3758;1678;BBET, DOMUSBET, MARATHON, SPORTBET, STANLEYBET, TOTOSI, WILLIAMHILL;CALCIO | ITALIA - III DIVISIONE | Delfino Pescara - Spezia Calcio | X O OV | SI
1X+MULTIGOL INFO1-INFO2;SI;;;;NON_MAPPATO;famiglia non riconosciuta;3655;2679;DOMUSBET;CALCIO | INGHILTERRA - I DIVISIONE | Everton - Ipswich Town | 1X+MULTIGOL INFO1-INFO2 | SI
GOL DI TESTA T.R;SI;;;;NON_MAPPATO;famiglia non riconosciuta;3318;925;DOMUSBET;CALCIO | EUROPA - EUROPA LEAGUE | Bayer Leverkusen - NK Celje | GOL DI TESTA T.R | SI
X O OV 2.5 O GG;SI;;;;NON_MAPPATO;famiglia non riconosciuta;3316;660;BBET, DOMUSBET, SPORTBET, STANLEYBET;CALCIO | EUROPA - UEFA NATIONS LEAGUE | Gibilterra - Andorra | X O OV 2.5 O GG | SI
X2;X2;;;;NON_MAPPATO;famiglia non riconosciuta;3281;1805;ADMIRAL, MARATHON, STARCASINO, WILLIAMHILL;CALCIO | MONDO - MONDIALI | Brasile - Marocco | X2 | X2
MG INFO1 - INFO2  1°T;SI;;;;NON_MAPPATO;famiglia non riconosciuta;3253;885;DOMUSBET;CALCIO | GERMANIA - I DIVISIONE | Bayer Leverkusen - Lipsia | MG INFO1 - INFO2 1°T | SI
MG INFO1 - INFO2 2°T;SI;;;;NON_MAPPATO;famiglia non riconosciuta;3238;1067;DOMUSBET;CALCIO | FRANCIA - I DIVISIONE | Marsiglia - PSG | MG INFO1 - INFO2 2°T | SI
DC X2;X2;;;;NON_MAPPATO;famiglia non riconosciuta;3173;1660;360BET, BBET, SPORTBET, TOTOSI;CALCIO | EUROPA - UEFA NATIONS LEAGUE | Lituania - Azerbaigian | DC X2 | X2
OSPITE SEGNA;SI;;;;NON_MAPPATO;famiglia non riconosciuta;3120;1681;360BET, BBET, DOMUSBET, MARATHON, SPORTBET, STANLEYBET, TOTOSI, WILLIAMHILL;CALCIO | EUROPA - UEFA NATIONS LEAGUE | Irlanda del Nord - Ungheria | OSPITE SEGNA | SI
U/O INFO1 TIRI TOTALI SQUADRA 1 INCL.TS;OVER;;;;NON_MAPPATO;famiglia non riconosciuta;3071;2606;ADMIRAL, DOMUSBET;CALCIO | MONDO - MONDIALI | Canada - Marocco | U/O INFO1 TIRI TOTALI SQUADRA 1 INCL.TS | OVER
TOTALE CORNER (5 ESITI);15+;;;;NON_MAPPATO;famiglia non riconosciuta;3042;1559;BBET, DOMUSBET, SPORTBET, STANLEYBET;CALCIO | EUROPA - UEFA NATIONS LEAGUE | Serbia - Olanda | TOTALE CORNER (5 ESITI) | 15+
U/O INFO1 TIRI TOTALI INCL.TS;OVER;;;;NON_MAPPATO;famiglia non riconosciuta;3042;1647;DOMUSBET;CALCIO | EUROPA - UEFA NATIONS LEAGUE | Italia - Belgio | U/O INFO1 TIRI TOTALI INCL.TS | OVER
U/O INFO1 SQUADRA INFO2 INFO3°T;OVER;;;;NON_MAPPATO;famiglia non riconosciuta;2992;2116;DOMUSBET;CALCIO | AUSTRALIA - III DIVISIONE F. | Port Darwin FC - Litchfield FC | U/O INFO1 SQUADRA INFO2 INFO3°T | OVER
OV INFO1 CASA + OV INFO2 OSPITE;SI;;;;NON_MAPPATO;famiglia non riconosciuta;2986;1442;DOMUSBET;CALCIO | OLANDA - COPPA | HHC Hardenberg - BVV Barendrecht | OV INFO1 CASA + OV INFO2 OSPITE | SI
X2+U/O INFO1;X2 + UN;;;;NON_MAPPATO;famiglia non riconosciuta;2890;2392;DOMUSBET;CALCIO | ITALIA - I DIVISIONE | Fiorentina - Napoli | X2+U/O INFO1 | X2 + UN
GG/NG;NG;;;;NON_MAPPATO;famiglia non riconosciuta;2864;1448;ADMIRAL, DOMUSBET;CALCIO | MONDO - MONDIALI | Spagna - Austria | GG/NG | NG
INFO1 MARCATORE (INC. TS);SI;;;;NON_MAPPATO;famiglia non riconosciuta;2819;1576;DOMUSBET;CALCIO | ITALIA - I DIVISIONE | Juventus - Atalanta | INFO1 MARCATORE (INC. TS) | SI
12+U/O INFO1;12 + OV;;;;NON_MAPPATO;famiglia non riconosciuta;2789;1098;DOMUSBET;CALCIO | ARGENTINA - I DIVISIONE | Platense - Newells Old Boys | 12+U/O INFO1 | 12 + OV
U/O;UNDER;;;;NON_MAPPATO;famiglia non riconosciuta;2774;1173;360BET, ADMIRAL, BBET, DOMUSBET, MARATHON, SPORTBET, STANLEYBET, TOTOSI;CALCIO | ITALIA - III DIVISIONE | Vis Pesaro - Guidonia Montecelio 1937 FC | U/O | UNDER
SQUADRA INFO1 VINCE ALMENO UN TEMPO;SI;;;;NON_MAPPATO;famiglia non riconosciuta;2772;1794;DOMUSBET, MARATHON, STANLEYBET, WILLIAMHILL;CALCIO | INGHILTERRA - I DIVISIONE | Nottingham Forest - Coventry City | SQUADRA INFO1 VINCE ALMENO UN TEMPO | SI
RIS.ESATTO MULTIPLO 4;2-0 2-1 3-0 3-1;;;;NON_MAPPATO;famiglia non riconosciuta;2713;1536;BBET, DOMUSBET, SPORTBET, STANLEYBET, TOTOSI;CALCIO | EUROPA - UEFA NATIONS LEAGUE | Austria - Kosovo | RIS.ESATTO MULTIPLO 4 | 2-0 2-1 3-0 3-1
U/O INFO1 INFO2 TEMPO;UNDER;;;;NON_MAPPATO;famiglia non riconosciuta;2649;1325;DOMUSBET;CALCIO | ITALIA - III DIVISIONE | US Pianese - US Sambenedettese | U/O INFO1 INFO2 TEMPO | UNDER
U/O INFO1 TIRI IN PORTA SQUADRA 1 INC.TS;OVER;;;;NON_MAPPATO;famiglia non riconosciuta;2344;2025;DOMUSBET;CALCIO | ITALIA - I DIVISIONE | Milan - Lecce | U/O INFO1 TIRI IN PORTA SQUADRA 1 INC.TS | OVER
U/O INFO1 TIRI IN PORTA SQUADRA 2 INC.TS;OVER;;;;NON_MAPPATO;famiglia non riconosciuta;2326;2012;DOMUSBET;CALCIO | EUROPA - EUROPA LEAGUE | Milan - Benfica | U/O INFO1 TIRI IN PORTA SQUADRA 2 INC.TS | OVER
GIOC. INFO1 O SOSTITUTO SEGNA (INC.TS.);SI;;;;NON_MAPPATO;famiglia non riconosciuta;2257;1265;DOMUSBET;CALCIO | BELGIO - I DIVISIONE | Club Bruges - Genk | GIOC. INFO1 O SOSTITUTO SEGNA (INC.TS.) | SI
T/T INCL. TS;1;;;;NON_MAPPATO;famiglia non riconosciuta;2203;1249;DOMUSBET;BASEBALL | GIAPPONE-NIPPON PROF. BASEBALL | Yomiuri Giants - Chunichi Dragons | T/T INCL. TS | 1
SQUADRA SEGNA ENTRAMBI I TEMPI;SI;;;;NON_MAPPATO;famiglia non riconosciuta;2184;1519;DOMUSBET;CALCIO | EUROPA - EUROPA LEAGUE | Bayer Leverkusen - NK Celje | SQUADRA SEGNA ENTRAMBI I TEMPI | SI
SQUADRA INFO1 VINCE O VA IN VANTAGGIO DI INFO2 GOL;SI;;;;NON_MAPPATO;famiglia non riconosciuta;2123;1169;DOMUSBET;CALCIO | EUROPA - EUROPA LEAGUE | Milan - Benfica | SQUADRA INFO1 VINCE O VA IN VANTAGGIO DI INFO2 GOL | SI
U/O INFO1 CARTELLINI SQUADRA INFO2;OVER;;;;NON_MAPPATO;famiglia non riconosciuta;1998;1168;BBET, DOMUSBET;CALCIO | EUROPA - UEFA NATIONS LEAGUE | Israele - Irlanda | U/O INFO1 CARTELLINI SQUADRA INFO2 | OVER
U/O INFO1 GAMES;OVER;;;;NON_MAPPATO;famiglia non riconosciuta;1978;1343;DOMUSBET, STANLEYBET;TENNIS | TORNEO DI GUADALAJARA | Frech, Magdalena - Jovic, Iva | U/O INFO1 GAMES | OVER
GIOC.E INFO1 + SOST. CARTELLINO O ALMENO INFO2 FALLI T.R;SI;;;;NON_MAPPATO;famiglia non riconosciuta;1951;1068;DOMUSBET;CALCIO | ITALIA - I DIVISIONE | Monza - Sassuolo | GIOC.E INFO1 + SOST. CARTELLINO O ALMENO INFO2 FALLI T.R | SI
12 + GG/NG;12 + GG;;;;NON_MAPPATO;famiglia non riconosciuta;1815;823;DOMUSBET;CALCIO | ITALIA - I DIVISIONE | Bologna - Torino | 12 + GG/NG | 12 + GG
T/T INFO1 SET (ESCL. RITIRO);1;;;;NON_MAPPATO;famiglia non riconosciuta;1756;1564;BBET, DOMUSBET, SPORTBET;TENNIS | CHALLENGER DI FRANCIA | Bittoun Kouzmine, Constantin - Rossi, Leonardo | T/T INFO1 SET (ESCL. RITIRO) | 1
GIOC. INFO1 MARCATORE 1°T;SI;;;;NON_MAPPATO;famiglia non riconosciuta;1736;986;DOMUSBET;CALCIO | SPAGNA - I DIVISIONE | Barcellona - Racing Santander | GIOC. INFO1 MARCATORE 1°T | SI
U/O INFO1 TIRI TOTALI SQUADRA 2 INCL.TS;OVER;;;;NON_MAPPATO;famiglia non riconosciuta;1673;1318;ADMIRAL, DOMUSBET;CALCIO | MONDO - MONDIALI | Inghilterra - Argentina | U/O INFO1 TIRI TOTALI SQUADRA 2 INCL.TS | OVER
X 1°TEMPO O X FINALE;SI;;;;NON_MAPPATO;famiglia non riconosciuta;1666;1002;BBET, DOMUSBET, SPORTBET;CALCIO | EUROPA - UEFA NATIONS LEAGUE | Gibilterra - Andorra | X 1°TEMPO O X FINALE | SI
T/T INFO1 SET (ESCL. RITIRO);2;;;;NON_MAPPATO;famiglia non riconosciuta;1608;1445;BBET, DOMUSBET, SPORTBET;TENNIS | CHALLENGER DI USA | Martin, Andres - Okonkwo, Oliver | T/T INFO1 SET (ESCL. RITIRO) | 2
RIS.ESATTO MULTIPLO 5;1-1 2-1 1-2 2-2;;;;NON_MAPPATO;famiglia non riconosciuta;1491;972;BBET, DOMUSBET, SPORTBET, STANLEYBET, TOTOSI;CALCIO | EUROPA - UEFA NATIONS LEAGUE | Norvegia - Portogallo | RIS.ESATTO MULTIPLO 5 | 1-1 2-1 1-2 2-2
U/O INFO2 TIRI TOTALI GIOCATORE INFO1 + SOST (INC.TS.);OVER;;;;NON_MAPPATO;famiglia non riconosciuta;1491;1157;DOMUSBET;CALCIO | ITALIA - I DIVISIONE | Roma - Inter | U/O INFO2 TIRI TOTALI GIOCATORE INFO1 + SOST (INC.TS.) | OVER
CASA SEGNA 1°T;SI;;;;NON_MAPPATO;famiglia non riconosciuta;1454;953;BBET, DOMUSBET, SPORTBET, STANLEYBET;CALCIO | EUROPA - UEFA NATIONS LEAGUE | Israele - Irlanda | CASA SEGNA 1°T | SI
X2 + MULTIGOL INFO1-INFO2;SI;;;;NON_MAPPATO;famiglia non riconosciuta;1434;1127;DOMUSBET;CALCIO | EUROPA - UEFA NATIONS LEAGUE | Turchia - Francia | X2 + MULTIGOL INFO1-INFO2 | SI
U/O INFO1 CARTELLINI (T.R.);UNDER;;;;NON_MAPPATO;famiglia non riconosciuta;1421;1000;DOMUSBET;CALCIO | EUROPA - UEFA NATIONS LEAGUE | Norvegia - Portogallo | U/O INFO1 CARTELLINI (T.R.) | UNDER
P/D;PARI;;;;NON_MAPPATO;famiglia non riconosciuta;1373;500;DOMUSBET;CALCIO | ITALIA - I DIVISIONE | Bologna - Torino | P/D | PARI
T/T INCL. TS;2;;;;NON_MAPPATO;famiglia non riconosciuta;1357;949;DOMUSBET;BASKET | USA - WNBA | New York Liberty - Atlanta Dream | T/T INCL. TS | 2
GIOCATORE INFO1 SEGNA O ASSIST (INC.TS.);SI;;;;NON_MAPPATO;famiglia non riconosciuta;1266;738;DOMUSBET;CALCIO | ITALIA - I DIVISIONE | Fiorentina - Napoli | GIOCATORE INFO1 SEGNA O ASSIST (INC.TS.) | SI
U/O INFO1 PUNTI INCL. T.S.;OVER;;;;NON_MAPPATO;famiglia non riconosciuta;1251;890;DOMUSBET;BASKET | USA - WNBA | Washington Mystics - Connecticut Sun | U/O INFO1 PUNTI INCL. T.S. | OVER
OV 1°T + OV 2°T;SI;;;;NON_MAPPATO;famiglia non riconosciuta;1250;247;360BET, BBET, MARATHON, SPORTBET, STANLEYBET, TOTOSI, WILLIAMHILL;CALCIO | ITALIA - III DIVISIONE | Scafatese - Altamura | OV 1°T + OV 2°T | SI
MULTIGOL CASA;SI;;;;NON_MAPPATO;famiglia non riconosciuta;1234;551;360BET, BBET, SPORTBET, STANLEYBET, TOTOSI;CALCIO | EUROPA - UEFA NATIONS LEAGUE | Danimarca - Galles | MULTIGOL CASA | SI
U/O INFO1 PARATE SQUADRA INFO2 INCL.TS;OVER;;;;NON_MAPPATO;famiglia non riconosciuta;1231;1127;DOMUSBET;CALCIO | EUROPA - UEFA NATIONS LEAGUE | Italia - Belgio | U/O INFO1 PARATE SQUADRA INFO2 INCL.TS | OVER
TEMPO CON PIU GOL;2;;;;NON_MAPPATO;famiglia non riconosciuta;1219;272;BBET, DOMUSBET, SPORTBET;CALCIO | EUROPA - UEFA NATIONS LEAGUE | Gibilterra - Andorra | TEMPO CON PIU GOL | 2
GIOCATORE INFO1 ASSIST TEMPO INFO2;SI;;;;NON_MAPPATO;famiglia non riconosciuta;1194;424;DOMUSBET;CALCIO | GERMANIA - I DIVISIONE | Bayern Monaco - Union Berlino | GIOCATORE INFO1 ASSIST TEMPO INFO2 | SI
SEGNA GOL;NESSUNO;;;;NON_MAPPATO;famiglia non riconosciuta;1180;630;BBET, DOMUSBET, TOTOSI;CALCIO | Amichevoli di Club (Poss. Cambio Format) | Borac Banja Luka - Vojvodina Novi Sad | SEGNA GOL | NESSUNO
VINCENTE;Inter;;;;NON_MAPPATO;famiglia non riconosciuta;1130;984;360BET, ADMIRAL, BBET, DOMUSBET, MARATHON, SPORTBET, STANLEYBET, STARCASINO, WILLIAMHILL;CALCIO | EUROPA - CHAMPIONS LEAGUE | Champions League 2026/27 Fase Campionato | VINCENTE | Inter
1X + UNDER/OVER;1X + OV;;;;NON_MAPPATO;famiglia non riconosciuta;1101;712;BBET, SPORTBET, STANLEYBET, TOTOSI;CALCIO | EUROPA - UEFA NATIONS LEAGUE | Danimarca - Galles | 1X + UNDER/OVER | 1X + OV
U/O INFO1 CORNER INFO2°T;OVER;;;;NON_MAPPATO;famiglia non riconosciuta;1064;502;DOMUSBET;CALCIO | EUROPA - UEFA NATIONS LEAGUE | Portogallo - Galles | U/O INFO1 CORNER INFO2°T | OVER
G1 VINCE ALMENO 1 SET;SI;;;;NON_MAPPATO;famiglia non riconosciuta;1036;728;BBET, DOMUSBET, MARATHON, SPORTBET, WILLIAMHILL;TENNIS | TORNEO DI SINGAPORE | Fernandez, Leylah Annie - Gibson, Talia | G1 VINCE ALMENO 1 SET | SI
G2 VINCE ALMENO 1 SET;SI;;;;NON_MAPPATO;famiglia non riconosciuta;1033;746;BBET, DOMUSBET, MARATHON, SPORTBET, STANLEYBET, WILLIAMHILL;TENNIS | CHALLENGER DI PORTOGALLO | Domingues, Joao - Ursu, Vadym | G2 VINCE ALMENO 1 SET | SI
DC 12;12;;;;NON_MAPPATO;famiglia non riconosciuta;1011;381;360BET, BBET, SPORTBET, TOTOSI;CALCIO | EUROPA - UEFA NATIONS LEAGUE | Danimarca - Galles | DC 12 | 12
GOL FUORI AREA;SI;;;;NON_MAPPATO;famiglia non riconosciuta;1002;403;DOMUSBET, SPORTBET;CALCIO | SPAGNA - I DIVISIONE | Barcellona - Racing Santander | GOL FUORI AREA | SI
RIS.ESATTO MULTIPLO 4;0-2 1-2 0-3 1-3;;;;NON_MAPPATO;famiglia non riconosciuta;999;835;BBET, DOMUSBET, SPORTBET, STANLEYBET, TOTOSI;CALCIO | EUROPA - UEFA NATIONS LEAGUE | Belgio - Francia | RIS.ESATTO MULTIPLO 4 | 0-2 1-2 0-3 1-3
1 O OVER INFO1 O GG;SI;;;;NON_MAPPATO;famiglia non riconosciuta;983;243;DOMUSBET, MARATHON, WILLIAMHILL;CALCIO | RUSSIA - I DIVISIONE | FC Dynamo-Makhachkala - CSKA Mosca | 1 O OVER INFO1 O GG | SI
P/D;DISPARI;;;;NON_MAPPATO;famiglia non riconosciuta;970;293;DOMUSBET;CALCIO | EUROPA - UEFA NATIONS LEAGUE | Montenegro - Cipro | P/D | DISPARI
2 O OV INFO1 O GG;SI;;;;NON_MAPPATO;famiglia non riconosciuta;956;263;DOMUSBET;CALCIO | PORTOGALLO - I DIVISIONE | Santa Clara - Sporting Braga | 2 O OV INFO1 O GG | SI
GIOCATORE INFO1 ASSIST O SOSTITUTO (INC.TS.);SI;;;;NON_MAPPATO;famiglia non riconosciuta;927;657;DOMUSBET;CALCIO | EUROPA - EUROPA LEAGUE | Bayer Leverkusen - NK Celje | GIOCATORE INFO1 ASSIST O SOSTITUTO (INC.TS.) | SI
1X + U/O INFO1;1X + OVER;;;;NON_MAPPATO;famiglia non riconosciuta;925;551;MARATHON, STARCASINO, WILLIAMHILL;CALCIO | EUROPA - UEFA NATIONS LEAGUE | Germania - Grecia | 1X + U/O INFO1 | 1X + OVER
U/O;Under;;;;NON_MAPPATO;famiglia non riconosciuta;924;442;STARCASINO, WILLIAMHILL;CALCIO | ITALIA - III DIVISIONE | AlbinoLeffe - Alcione Milano | U/O | Under
U/O INFO1 TEMPO INFO2;OVER;;;;NON_MAPPATO;famiglia non riconosciuta;902;234;360BET, BBET, STANLEYBET, TOTOSI;CALCIO | CROAZIA - II DIVISIONE | HNK Cibalia Vinkovci - Dugopolje | U/O INFO1 TEMPO INFO2 | OVER
PIAZZATO NEI PRIMI INFO2 INFO1;SI;;;;NON_MAPPATO;famiglia non riconosciuta;900;187;DOMUSBET;CALCIO | EUROPA - CHAMPIONS LEAGUE | Champions League 2026/27 Fase Campionato | PIAZZATO NEI PRIMI INFO2 INFO1 | SI
U/O INFO1 CORNER SQUADRA INFO2 INFO3°T;OVER;;;;NON_MAPPATO;famiglia non riconosciuta;894;477;DOMUSBET;CALCIO | ITALIA - II DIVISIONE | Ascoli - Avellino | U/O INFO1 CORNER SQUADRA INFO2 INFO3°T | OVER
CARTELLINO O SOSTITUTO INCLUSO PANCHINA E FISCHIO FINALE (INC.TS.);SI;;;;NON_MAPPATO;famiglia non riconosciuta;890;325;360BET, BBET, SPORTBET;CALCIO | EUROPA - UEFA NATIONS LEAGUE | Serbia - Olanda | CARTELLINO O SOSTITUTO INCLUSO PANCHINA E FISCHIO FINALE (INC.TS.) | SI
SQUADRA INFO1 VINCE ENTRAMBI I TEMPI;SI;;;;NON_MAPPATO;famiglia non riconosciuta;888;664;BBET, DOMUSBET, STANLEYBET;CALCIO | EUROPA - UEFA NATIONS LEAGUE | Serbia - Olanda | SQUADRA INFO1 VINCE ENTRAMBI I TEMPI | SI
U/O INFO1 QUARTO INFO2;OVER;;;;NON_MAPPATO;famiglia non riconosciuta;867;731;BBET, DOMUSBET, MARATHON, SPORTBET, STANLEYBET;BASKET | SPAGNA - I DIVISIONE | Valencia - Caprabo Lleida | U/O INFO1 QUARTO INFO2 | OVER
U/O CARTELLINI CASA INFO1+OSPITE INFO2;OVER+OVER;;;;NON_MAPPATO;famiglia non riconosciuta;850;463;DOMUSBET;CALCIO | SPAGNA - I DIVISIONE | Valencia - Real Sociedad | U/O CARTELLINI CASA INFO1+OSPITE INFO2 | OVER+OVER
U/O INFO1 TEMPO;OVER;;;;NON_MAPPATO;famiglia non riconosciuta;847;123;SPORTBET;CALCIO | EUROPA - CHAMPIONS LEAGUE | Lipsia - PSV Eindhoven | U/O INFO1 TEMPO | OVER
INFO1 PIAZZATO TRA I PRIMI INFO3;SI;;;;NON_MAPPATO;famiglia non riconosciuta;794;398;DOMUSBET;AUTOMOBILISMO | MONDO - CAMPIONATO FORMULA 1 | GP Baku GARA | INFO1 PIAZZATO TRA I PRIMI INFO3 | SI
U/O INFO1 GAMES INFO2 SET;OVER;;;;NON_MAPPATO;famiglia non riconosciuta;786;557;DOMUSBET;TENNIS | TORNEO DI CHENGDU | Damm Jr, Martin - Hurkacz, Hubert | U/O INFO1 GAMES INFO2 SET | OVER
12;12;;;;NON_MAPPATO;famiglia non riconosciuta;752;348;ADMIRAL, MARATHON, STARCASINO, WILLIAMHILL;CALCIO | MONDO - MONDIALI | Spagna - Argentina | 12 | 12
DNB;1;;;;NON_MAPPATO;famiglia non riconosciuta;750;344;DOMUSBET;CALCIO | FRANCIA - I DIVISIONE | Auxerre - Brest | DNB | 1
MULTIGOAL;Si;;;;NON_MAPPATO;famiglia non riconosciuta;746;167;STARCASINO;CALCIO | EUROPA - UEFA NATIONS LEAGUE | Norvegia - Portogallo | MULTIGOAL | Si
U/O INFO1 FALLI COMMESSI INCL.TS;OVER;;;;NON_MAPPATO;famiglia non riconosciuta;731;395;DOMUSBET, SPORTBET;CALCIO | EUROPA - UEFA NATIONS LEAGUE | Serbia - Grecia | U/O INFO1 FALLI COMMESSI INCL.TS | OVER
GIOC. INFO1 + SOST. CARTELLINO O ALMENO INFO2 FALLI T.R;SI;;;;NON_MAPPATO;famiglia non riconosciuta;721;304;DOMUSBET;CALCIO | EUROPA - UEFA NATIONS LEAGUE | Italia - Belgio | GIOC. INFO1 + SOST. CARTELLINO O ALMENO INFO2 FALLI T.R | SI
GIOCATORE INFO1 ALMENO INFO2 TIRI IN PORTA (SENZA PALO/TRAV.) (INC.TS.);SI;;;;NON_MAPPATO;famiglia non riconosciuta;721;463;DOMUSBET;CALCIO | ITALIA - I DIVISIONE | Frosinone - Como | GIOCATORE INFO1 ALMENO INFO2 TIRI IN PORTA (SENZA PALO/TRAV.) (INC.TS.) | SI
U/O INFO2 FALLI COMMESSI GIOCATORE INFO1;OVER;;;;NON_MAPPATO;famiglia non riconosciuta;720;465;DOMUSBET;CALCIO | INGHILTERRA - I DIVISIONE | Brentford - Chelsea | U/O INFO2 FALLI COMMESSI GIOCATORE INFO1 | OVER
MULTIGOAL INFO1-INFO2 CASA;SI;;;;NON_MAPPATO;famiglia non riconosciuta;719;333;MARATHON;CALCIO | EUROPA - UEFA NATIONS LEAGUE | Danimarca - Galles | MULTIGOAL INFO1-INFO2 CASA | SI
GIOCATORE INFO1 GOL DI TESTA (INC.TS.);SI;;;;NON_MAPPATO;famiglia non riconosciuta;716;389;DOMUSBET;CALCIO | EUROPA - UEFA NATIONS LEAGUE | Italia - Belgio | GIOCATORE INFO1 GOL DI TESTA (INC.TS.) | SI
U/O INFO1 CORNER T.R;UNDER;;;;NON_MAPPATO;famiglia non riconosciuta;678;300;DOMUSBET;CALCIO | INGHILTERRA - II DIVISIONE | Wrexham AFC - Southampton | U/O INFO1 CORNER T.R | UNDER
HANDICAP INFO1 CORNER  INFO2°T;1;;;;NON_MAPPATO;famiglia non riconosciuta;672;601;DOMUSBET;CALCIO | GERMANIA - I DIVISIONE | Bayern Monaco - Union Berlino | HANDICAP INFO1 CORNER INFO2°T | 1
MULTIGOL INFO1-INFO2 CASA + MULTIGOL INFO3-INFO4 OSPITE;SI;;;;NON_MAPPATO;famiglia non riconosciuta;672;297;360BET, BBET, SPORTBET, STANLEYBET, TOTOSI;CALCIO | EUROPA - UEFA NATIONS LEAGUE | Serbia - Olanda | MULTIGOL INFO1-INFO2 CASA + MULTIGOL INFO3-INFO4 OSPITE | SI
PASSAGGIO TURNO;1;;;;NON_MAPPATO;famiglia non riconosciuta;668;181;ADMIRAL, BBET, DOMUSBET, MARATHON, SPORTBET, STANLEYBET, STARCASINO, WILLIAMHILL;CALCIO | MONDO - MONDIALI | Portogallo - Croazia | PASSAGGIO TURNO | 1
U/O INFO1 GAMES GIOCATORE INFO2;OVER;;;;NON_MAPPATO;famiglia non riconosciuta;646;468;DOMUSBET, MARATHON;TENNIS | TORNEO DI SEOUL | Korneeva, Alina - Sawangkaew, Mananchaya | U/O INFO1 GAMES GIOCATORE INFO2 | OVER
T/T INFO1 - INFO2;1;;;;NON_MAPPATO;famiglia non riconosciuta;632;134;STARCASINO;CALCIO | ITALIA - I DIVISIONE | Serie A 2026/27 | T/T INFO1 - INFO2 | 1
MULTIGOL OSPITE;SI;;;;NON_MAPPATO;famiglia non riconosciuta;628;389;360BET, BBET, SPORTBET, STANLEYBET, TOTOSI;CALCIO | EUROPA - UEFA NATIONS LEAGUE | Serbia - Olanda | MULTIGOL OSPITE | SI
X2 + U/O INFO1;X2 + OVER;;;;NON_MAPPATO;famiglia non riconosciuta;627;432;MARATHON, STARCASINO, WILLIAMHILL;CALCIO | EUROPA - UEFA NATIONS LEAGUE | Inghilterra - Spagna | X2 + U/O INFO1 | X2 + OVER
HANDICAP INFO1 CORNER;1;;;;NON_MAPPATO;famiglia non riconosciuta;623;602;DOMUSBET, MARATHON, STANLEYBET, STARCASINO, WILLIAMHILL;CALCIO | GERMANIA - I DIVISIONE | Stoccarda - Borussia Dortmund | HANDICAP INFO1 CORNER | 1
HANDICAP INFO1 GAMES;2;;;;NON_MAPPATO;famiglia non riconosciuta;613;579;360BET, BBET, DOMUSBET, SPORTBET;TENNIS | LAVER CUP | Alcaraz, Carlos - de Minaur, Alex | HANDICAP INFO1 GAMES | 2
VINCENTE;Barcellona;;;;NON_MAPPATO;famiglia non riconosciuta;599;548;360BET, ADMIRAL, BBET, DOMUSBET, MARATHON, SPORTBET, STANLEYBET, STARCASINO, WILLIAMHILL;CALCIO | EUROPA - CHAMPIONS LEAGUE | Champions League 2026/27 Fase Campionato | VINCENTE | Barcellona
X2 + UNDER/OVER;X2 + OV;;;;NON_MAPPATO;famiglia non riconosciuta;597;416;BBET, SPORTBET, STANLEYBET, TOTOSI;CALCIO | EUROPA - UEFA NATIONS LEAGUE | Serbia - Olanda | X2 + UNDER/OVER | X2 + OV
HANDICAP INFO1 GAMES;1;;;;NON_MAPPATO;famiglia non riconosciuta;583;518;DOMUSBET, SPORTBET;TENNIS | COPPA DAVIS | Fonseca, Joao - Stricker, Dominic | HANDICAP INFO1 GAMES | 1
TOTALE CORNER CASA;7+;;;;NON_MAPPATO;famiglia non riconosciuta;581;292;BBET, DOMUSBET, STANLEYBET;CALCIO | EUROPA - UEFA NATIONS LEAGUE | Israele - Irlanda | TOTALE CORNER CASA | 7+
12+U/O INFO1;12 + UN;;;;NON_MAPPATO;famiglia non riconosciuta;575;345;DOMUSBET;CALCIO | SPAGNA - I DIVISIONE | Deportivo La Coruna - Siviglia | 12+U/O INFO1 | 12 + UN
VINCENTE;Roma;;;;NON_MAPPATO;famiglia non riconosciuta;553;532;360BET, ADMIRAL, BBET, DOMUSBET, MARATHON, SPORTBET, STANLEYBET, STARCASINO, TOTOSI, WILLIAMHILL;CALCIO | Serie A | Serie A 2026/27 | VINCENTE | Roma
INFO1 CARTELLINO;SI;;;;NON_MAPPATO;famiglia non riconosciuta;532;386;DOMUSBET;CALCIO | ITALIA - I DIVISIONE | Frosinone - Como | INFO1 CARTELLINO | SI
VINCENTE;Leclerc C.;;;;NON_MAPPATO;famiglia non riconosciuta;527;527;360BET, ADMIRAL, BBET, DOMUSBET, MARATHON, SPORTBET, STANLEYBET, STARCASINO, TOTOSI, WILLIAMHILL;AUTOMOBILISMO | MONDO - CAMPIONATO FORMULA 1 | Formula 1 Mondiale Piloti 2026 | VINCENTE | Leclerc C.
U/O INFO2 PUNTI INFO1 INCL. T.S.;OVER;;;;NON_MAPPATO;famiglia non riconosciuta;526;307;DOMUSBET;BASKET | USA - WNBA | Golden State Valkyries - Dallas Wings | U/O INFO2 PUNTI INFO1 INCL. T.S. | OVER
U/O INFO1 CARTELLINI INFO2°T;UNDER;;;;NON_MAPPATO;famiglia non riconosciuta;523;238;DOMUSBET;CALCIO | EUROPA - EUROPA LEAGUE | Milan - Benfica | U/O INFO1 CARTELLINI INFO2°T | UNDER
CLASSIFICATO SI/NO;NO;;;;NON_MAPPATO;famiglia non riconosciuta;507;170;DOMUSBET;AUTOMOBILISMO | MONDO - CAMPIONATO FORMULA 1 | GP Baku GARA | CLASSIFICATO SI/NO | NO
CASA SEGNA 2°T;SI;;;;NON_MAPPATO;famiglia non riconosciuta;504;364;BBET, DOMUSBET, SPORTBET, STANLEYBET, TOTOSI;CALCIO | EUROPA - UEFA NATIONS LEAGUE | Austria - Kosovo | CASA SEGNA 2°T | SI
PARZ/FIN;1-1;;;;NON_MAPPATO;famiglia non riconosciuta;500;379;DOMUSBET;CALCIO | EUROPA - EUROPA LEAGUE | Juventus - NEC Nimega | PARZ/FIN | 1-1
T/T HANDICAP INFO1 INCL. TS;1;;;;NON_MAPPATO;famiglia non riconosciuta;500;425;DOMUSBET;BASKET | EUROPA - CHAMPIONS LEAGUE | Vef Riga - Dziki Warszawa | T/T HANDICAP INFO1 INCL. TS | 1
GIOCATORE O SUO SOSTITUTO SEGNA O COLPISCE PALO/TRAVERSA;SI;;;;NON_MAPPATO;famiglia non riconosciuta;494;195;MARATHON, STANLEYBET;CALCIO | EUROPA - UEFA NATIONS LEAGUE | Norvegia - Portogallo | GIOCATORE O SUO SOSTITUTO SEGNA O COLPISCE PALO/TRAVERSA | SI
ENTRAMBE ALMENO 2 GOL;GG;;;;NON_MAPPATO;famiglia non riconosciuta;489;132;DOMUSBET;CALCIO | GERMANIA - I DIVISIONE | Borussia Mgladbach - Mainz | ENTRAMBE ALMENO 2 GOL | GG
GOL INFO1 INFO2°TEMPO;TEAM 1;;;;NON_MAPPATO;famiglia non riconosciuta;477;364;DOMUSBET;CALCIO | ITALIA - I DIVISIONE | Juventus - Atalanta | GOL INFO1 INFO2°TEMPO | TEAM 1
SEGNA O PALO O SUO SOSTITUTO (INC.TS.);SI;;;;NON_MAPPATO;famiglia non riconosciuta;467;216;360BET, BBET, SPORTBET;CALCIO | EUROPA - UEFA NATIONS LEAGUE | Serbia - Olanda | SEGNA O PALO O SUO SOSTITUTO (INC.TS.) | SI
U/O PALI&TRAVERSE T.R;OVER;;;;NON_MAPPATO;famiglia non riconosciuta;466;147;DOMUSBET;CALCIO | EUROPA - EUROPA LEAGUE | Besiktas - Marsiglia | U/O PALI&TRAVERSE T.R | OVER
PARZ/FIN;X-1;;;;NON_MAPPATO;famiglia non riconosciuta;465;296;DOMUSBET;CALCIO | EUROPA - UEFA NATIONS LEAGUE | Italia - Belgio | PARZ/FIN | X-1
1 O OV;SI;;;;NON_MAPPATO;famiglia non riconosciuta;464;216;360BET, BBET, DOMUSBET, MARATHON, SPORTBET, STANLEYBET, TOTOSI, WILLIAMHILL;CALCIO | EUROPA - UEFA NATIONS LEAGUE | Germania - Grecia | 1 O OV | SI
GG/NG;NOGOAL;;;;NON_MAPPATO;famiglia non riconosciuta;464;340;360BET, BBET, MARATHON, SPORTBET, STANLEYBET, TOTOSI;CALCIO | ITALIA - III DIVISIONE | Scafatese - Altamura | GG/NG | NOGOAL
T/T INFO1 - INFO2;2;;;;NON_MAPPATO;famiglia non riconosciuta;455;123;STARCASINO;CICLISMO | MONDIALI SU STRADA | Montreal 2026 - Corsa In Linea Maschile Elite | T/T INFO1 - INFO2 | 2
VINCENTE;Real Madrid;;;;NON_MAPPATO;famiglia non riconosciuta;450;420;360BET, ADMIRAL, BBET, DOMUSBET, MARATHON, SPORTBET, STANLEYBET, STARCASINO, WILLIAMHILL;CALCIO | SPAGNA - I DIVISIONE | Liga 2026/2027 | VINCENTE | Real Madrid
VINCENTE;Bayern Monaco;;;;NON_MAPPATO;famiglia non riconosciuta;448;433;360BET, ADMIRAL, BBET, DOMUSBET, MARATHON, SPORTBET, STANLEYBET, STARCASINO, WILLIAMHILL;CALCIO | GERMANIA - I DIVISIONE | Bundesliga 2026/2027 | VINCENTE | Bayern Monaco
VINCENTE;Arsenal;;;;NON_MAPPATO;famiglia non riconosciuta;447;428;360BET, ADMIRAL, BBET, DOMUSBET, MARATHON, SPORTBET, STANLEYBET, STARCASINO, WILLIAMHILL;CALCIO | INGHILTERRA - I DIVISIONE | Premier League 26/27 | VINCENTE | Arsenal
VINCENTE;Como;;;;NON_MAPPATO;famiglia non riconosciuta;446;416;360BET, ADMIRAL, BBET, DOMUSBET, MARATHON, SPORTBET, STANLEYBET, STARCASINO, TOTOSI, WILLIAMHILL;CALCIO | Serie A | Serie A 2026/27 | VINCENTE | Como
TOTALE CORNER (3 ESITI);12+;;;;NON_MAPPATO;famiglia non riconosciuta;445;138;DOMUSBET, SPORTBET, STANLEYBET;CALCIO | GERMANIA - I DIVISIONE | SC Paderborn - Hoffenheim | TOTALE CORNER (3 ESITI) | 12+
TOTALE CORNER TEMPO;7+;;;;NON_MAPPATO;famiglia non riconosciuta;445;242;DOMUSBET;CALCIO | EUROPA - EUROPA LEAGUE | Juventus - NEC Nimega | TOTALE CORNER TEMPO | 7+
DNB;2;;;;NON_MAPPATO;famiglia non riconosciuta;440;330;DOMUSBET;CALCIO | ITALIA - II DIVISIONE | Ascoli - Avellino | DNB | 2
MULTIGOAL CASA;Si;;;;NON_MAPPATO;famiglia non riconosciuta;439;247;STARCASINO;CALCIO | EUROPA - UEFA NATIONS LEAGUE | Austria - Kosovo | MULTIGOAL CASA | Si
VINCENTE;PSG;;;;NON_MAPPATO;famiglia non riconosciuta;431;421;360BET, ADMIRAL, BBET, DOMUSBET, MARATHON, SPORTBET, STANLEYBET, STARCASINO, WILLIAMHILL;CALCIO | FRANCIA - I DIVISIONE | Ligue 1 2026/2027 | VINCENTE | PSG
RISULTATO ESATTO;ALTRO;;Risultato Esatto;;NON_MAPPATO;etichetta non riconosciuta per famiglia Risultato Esatto;430;227;BBET, DOMUSBET, MARATHON, SPORTBET, STANLEYBET;CALCIO | PORTOGALLO - I DIVISIONE F. | S.C.U. Torreense - CS Maritimo F | RISULTATO ESATTO | ALTRO
T/T HANDICAP INFO1 INCL. TS;2;;;;NON_MAPPATO;famiglia non riconosciuta;424;312;DOMUSBET;BASKET | USA - WNBA | New York Liberty - Atlanta Dream | T/T HANDICAP INFO1 INCL. TS | 2
MG INFO1-INFO2;SI;;;;NON_MAPPATO;famiglia non riconosciuta;418;110;MARATHON;CALCIO | EUROPA - UEFA NATIONS LEAGUE | Danimarca - Galles | MG INFO1-INFO2 | SI
U/O INFO1 - SQ. INFO2;Over;;;;NON_MAPPATO;famiglia non riconosciuta;418;210;STARCASINO, WILLIAMHILL;CALCIO | SPAGNA - IV DIVISIONE | Espanyol B - CD Arnedo | U/O INFO1 - SQ. INFO2 | Over
1 O OV INFO1 INFO2°T;SI;;;;NON_MAPPATO;famiglia non riconosciuta;412;198;DOMUSBET;CALCIO | ITALIA - I DIVISIONE | Juventus - Atalanta | 1 O OV INFO1 INFO2°T | SI
RIS.ESATTO MULTIPLO;2-1 3-1 4-1;;;;NON_MAPPATO;famiglia non riconosciuta;407;205;BBET, DOMUSBET, SPORTBET, STANLEYBET, TOTOSI;CALCIO | EUROPA - UEFA NATIONS LEAGUE | Danimarca - Galles | RIS.ESATTO MULTIPLO | 2-1 3-1 4-1
AUTORETE T.R;SI;;;;NON_MAPPATO;famiglia non riconosciuta;405;218;DOMUSBET;CALCIO | EUROPA - EUROPA LEAGUE | Bayer Leverkusen - NK Celje | AUTORETE T.R | SI
GIOC. INFO1 CARTELLINO (INC.TS.);SI;;;;NON_MAPPATO;famiglia non riconosciuta;405;186;DOMUSBET;CALCIO | EUROPA - EUROPA LEAGUE | Milan - Benfica | GIOC. INFO1 CARTELLINO (INC.TS.) | SI
GIOC. INFO1 SEGNA O PALO/TRAV O ALMENO 3 TIRI IN PORTA (INCL. T.S);SI;;;;NON_MAPPATO;famiglia non riconosciuta;405;209;DOMUSBET;CALCIO | GERMANIA - I DIVISIONE | Bayern Monaco - Union Berlino | GIOC. INFO1 SEGNA O PALO/TRAV O ALMENO 3 TIRI IN PORTA (INCL. T.S) | SI
SCUDERIA VINCENTE POLE;Mercedes;;;;NON_MAPPATO;famiglia non riconosciuta;398;398;DOMUSBET;AUTOMOBILISMO | MONDO - CAMPIONATO FORMULA 1 | GP Baku QUALIFICHE | SCUDERIA VINCENTE POLE | Mercedes
U/O INFO1 GAMES INFO2 SET;UNDER;;;;NON_MAPPATO;famiglia non riconosciuta;395;369;DOMUSBET;TENNIS | CHALLENGER DI BULGARIA | Gill, Felix - Forejtek, Jonas | U/O INFO1 GAMES INFO2 SET | UNDER
12+GG/NG INFO1°T;12 + GG;;;;NON_MAPPATO;famiglia non riconosciuta;393;116;DOMUSBET;CALCIO | PORTOGALLO - I DIVISIONE | Porto - Benfica | 12+GG/NG INFO1°T | 12 + GG
U/O CORNER;OVER;;;;NON_MAPPATO;famiglia non riconosciuta;391;152;360BET, BBET, MARATHON, STANLEYBET, TOTOSI;CALCIO | CILE - COPPA | Antofagasta - Deportes Iquique | U/O CORNER | OVER
1X + U/O INFO1;1X + UNDER;;;;NON_MAPPATO;famiglia non riconosciuta;386;235;MARATHON, STARCASINO, WILLIAMHILL;CALCIO | EUROPA - UEFA NATIONS LEAGUE | Lituania - Azerbaigian | 1X + U/O INFO1 | 1X + UNDER
1 O GG;SI;;;;NON_MAPPATO;famiglia non riconosciuta;384;161;360BET, BBET, DOMUSBET, MARATHON, SPORTBET, STANLEYBET, TOTOSI, WILLIAMHILL;CALCIO | EUROPA - UEFA NATIONS LEAGUE | Germania - Grecia | 1 O GG | SI
CASA VINCE DI 1 O 2 GOL;SI;;;;NON_MAPPATO;famiglia non riconosciuta;377;222;BBET, DOMUSBET, SPORTBET, STANLEYBET;CALCIO | EUROPA - UEFA NATIONS LEAGUE | Germania - Grecia | CASA VINCE DI 1 O 2 GOL | SI
PARZ/FIN;X-X;;;;NON_MAPPATO;famiglia non riconosciuta;375;162;DOMUSBET;CALCIO | EUROPA - UEFA NATIONS LEAGUE | Slovenia - Scozia | PARZ/FIN | X-X
GIOCATORE INFO1 DOPPIETTA (INC.TS.);SI;;;;NON_MAPPATO;famiglia non riconosciuta;370;300;DOMUSBET;CALCIO | SPAGNA - I DIVISIONE | Siviglia - Barcellona | GIOCATORE INFO1 DOPPIETTA (INC.TS.) | SI
PARZ/FIN+UN/OV INFO1;1/1+OVER;;;;NON_MAPPATO;famiglia non riconosciuta;369;281;DOMUSBET;CALCIO | EUROPA - CHAMPIONS LEAGUE | PSG - Slovan Bratislava | PARZ/FIN+UN/OV INFO1 | 1/1+OVER
INFO1 PIAZZATO NEI PRIMI INFO2;Si;;;;NON_MAPPATO;famiglia non riconosciuta;362;102;STARCASINO;CICLISMO | MONDIALI SU STRADA | Montreal 2026 - Corsa In Linea Maschile Elite | INFO1 PIAZZATO NEI PRIMI INFO2 | Si
1X + UNDER/OVER;1X + UN;;;;NON_MAPPATO;famiglia non riconosciuta;361;213;BBET, SPORTBET, STANLEYBET, TOTOSI;CALCIO | EUROPA - UEFA NATIONS LEAGUE | Norvegia - Portogallo | 1X + UNDER/OVER | 1X + UN
CASA VINCE 1°T O PARTITA;SI;;;;NON_MAPPATO;famiglia non riconosciuta;354;170;360BET, BBET, DOMUSBET, MARATHON, STANLEYBET, WILLIAMHILL;CALCIO | EUROPA - UEFA NATIONS LEAGUE | Germania - Grecia | CASA VINCE 1°T O PARTITA | SI
OSPITE SEGNA 1°T;SI;;;;NON_MAPPATO;famiglia non riconosciuta;353;209;BBET, DOMUSBET, SPORTBET, STANLEYBET;CALCIO | ITALIA - III DIVISIONE | S.S.D. Casarano Calcio - Monopoli | OSPITE SEGNA 1°T | SI
OSPITE SEGNA 2°T;SI;;;;NON_MAPPATO;famiglia non riconosciuta;353;280;BBET, DOMUSBET, STANLEYBET, TOTOSI;CALCIO | EUROPA - UEFA NATIONS LEAGUE | Serbia - Olanda | OSPITE SEGNA 2°T | SI
PARZ/FIN;1-X;;;;NON_MAPPATO;famiglia non riconosciuta;353;189;DOMUSBET;CALCIO | EUROPA - UEFA NATIONS LEAGUE | Repubblica Ceca - Croazia | PARZ/FIN | 1-X
2 O OV TEMPO;SI;;;;NON_MAPPATO;famiglia non riconosciuta;347;196;BBET, DOMUSBET, MARATHON, STANLEYBET;CALCIO | EUROPA - UEFA NATIONS LEAGUE | Germania - Grecia | 2 O OV TEMPO | SI
GOL INFO1 INFO2°TEMPO;TEAM 2;;;;NON_MAPPATO;famiglia non riconosciuta;343;311;DOMUSBET;CALCIO | ITALIA - I DIVISIONE | Venezia - Lazio | GOL INFO1 INFO2°TEMPO | TEAM 2
RIS.ESATTO MULTIPLO 5;3-1 3-2 4-1 4-2;;;;NON_MAPPATO;famiglia non riconosciuta;343;176;BBET, DOMUSBET, SPORTBET, STANLEYBET, TOTOSI;CALCIO | EUROPA - UEFA NATIONS LEAGUE | Germania - Grecia | RIS.ESATTO MULTIPLO 5 | 3-1 3-2 4-1 4-2
VINCENTE;Juventus;;;;NON_MAPPATO;famiglia non riconosciuta;343;317;360BET, ADMIRAL, BBET, DOMUSBET, MARATHON, SPORTBET, STANLEYBET, STARCASINO, TOTOSI, WILLIAMHILL;CALCIO | Serie A | Serie A 2026/27 | VINCENTE | Juventus
2 O GG;SI;;;;NON_MAPPATO;famiglia non riconosciuta;341;211;360BET, BBET, DOMUSBET, MARATHON, SPORTBET, STANLEYBET;CALCIO | EUROPA - UEFA NATIONS LEAGUE | Serbia - Olanda | 2 O GG | SI
U/O INFO1 CORNER CASA+U/O INFO2 CORNER OSPITE;OV+OV;;;;NON_MAPPATO;famiglia non riconosciuta;340;174;DOMUSBET;CALCIO | ITALIA - I DIVISIONE | Roma - Inter | U/O INFO1 CORNER CASA+U/O INFO2 CORNER OSPITE | OV+OV
RIS.ESATTO MULTIPLO 4;2-2 2-3 3-2 3-3;;;;NON_MAPPATO;famiglia non riconosciuta;332;193;BBET, DOMUSBET, SPORTBET, STANLEYBET;CALCIO | EUROPA - UEFA NATIONS LEAGUE | Norvegia - Portogallo | RIS.ESATTO MULTIPLO 4 | 2-2 2-3 3-2 3-3
TRIPLETTA PILOTA INFO1;SI;;;;NON_MAPPATO;famiglia non riconosciuta;331;331;DOMUSBET;AUTOMOBILISMO | MONDO - CAMPIONATO FORMULA 1 | GP Baku GARA | TRIPLETTA PILOTA INFO1 | SI
INFO1 O INFO2 CARTELLINO + SOST. INCL PANCHINA/FINALE;SI;;;;NON_MAPPATO;famiglia non riconosciuta;329;138;DOMUSBET;CALCIO | ITALIA - I DIVISIONE | Juventus - Atalanta | INFO1 O INFO2 CARTELLINO + SOST. INCL PANCHINA/FINALE | SI
MG INFO1-INFO2 1°T + INFO3-INFO4 2°T;SI;;;;NON_MAPPATO;famiglia non riconosciuta;329;79;MARATHON;CALCIO | EUROPA - UEFA NATIONS LEAGUE | Danimarca - Galles | MG INFO1-INFO2 1°T + INFO3-INFO4 2°T | SI
MULTIGOAL INFO1-INFO2 OSPITE;SI;;;;NON_MAPPATO;famiglia non riconosciuta;327;213;MARATHON;CALCIO | EUROPA - UEFA NATIONS LEAGUE | Norvegia - Portogallo | MULTIGOAL INFO1-INFO2 OSPITE | SI
GIOCATORE INFO1 ALMENO INFO2 TIRI IN PORTA INCL PALI/TRAV (INC.TS.);SI;;;;NON_MAPPATO;famiglia non riconosciuta;321;162;DOMUSBET;CALCIO | EUROPA - EUROPA LEAGUE | Juventus - NEC Nimega | GIOCATORE INFO1 ALMENO INFO2 TIRI IN PORTA INCL PALI/TRAV (INC.TS.) | SI
RIGORE;SI;;;;NON_MAPPATO;famiglia non riconosciuta;321;137;BBET, DOMUSBET, MARATHON, SPORTBET, STANLEYBET, WILLIAMHILL;CALCIO | EUROPA - UEFA NATIONS LEAGUE | Danimarca - Galles | RIGORE | SI
VINCENTE;PSV;;;;NON_MAPPATO;famiglia non riconosciuta;321;319;360BET, ADMIRAL, BBET, DOMUSBET, MARATHON, SPORTBET, STANLEYBET, STARCASINO, WILLIAMHILL;CALCIO | OLANDA - I DIVISIONE | Eredivisie 2026/27 | VINCENTE | PSV
1X + GG/NG;1X + GOAL;;;;NON_MAPPATO;famiglia non riconosciuta;319;216;360BET, BBET, MARATHON, SPORTBET, STANLEYBET, TOTOSI;CALCIO | EUROPA - UEFA NATIONS LEAGUE | Norvegia - Portogallo | 1X + GG/NG | 1X + GOAL
GG 1°T O GG 2°T;SI;;;;NON_MAPPATO;famiglia non riconosciuta;319;137;DOMUSBET;CALCIO | EUROPA - EUROPA LEAGUE | Viktoria Plzen - Union Saint Gilloise | GG 1°T O GG 2°T | SI
MULTIGOAL CASA;SI;;;;NON_MAPPATO;famiglia non riconosciuta;318;106;WILLIAMHILL;CALCIO | ITALIA - III DIVISIONE | Foggia - Sorrento | MULTIGOAL CASA | SI
SEGNA O ASSIST DUO;SI;;;;NON_MAPPATO;famiglia non riconosciuta;312;128;SPORTBET;CALCIO | EUROPA - UEFA NATIONS LEAGUE | Danimarca - Galles | SEGNA O ASSIST DUO | SI
PARZ/FIN;1-2;;;;NON_MAPPATO;famiglia non riconosciuta;309;189;DOMUSBET;CALCIO | ITALIA - II DIVISIONE | Arezzo - Sudtirol | PARZ/FIN | 1-2
PARZ/FIN;X-2;;;;NON_MAPPATO;famiglia non riconosciuta;309;204;DOMUSBET;CALCIO | ITALIA - I DIVISIONE | Venezia - Lazio | PARZ/FIN | X-2
U/O CORNER;Over;;;;NON_MAPPATO;famiglia non riconosciuta;306;125;STARCASINO, WILLIAMHILL;CALCIO | EUROPA - UEFA NATIONS LEAGUE | Germania - Grecia | U/O CORNER | Over
U/O INFO1 - INFO2° TEMPO;Over;;;;NON_MAPPATO;famiglia non riconosciuta;306;71;STARCASINO;CALCIO | SPAGNA - V DIVISIONE | AD Union Adarve - CF Fuenlabrada | U/O INFO1 - INFO2° TEMPO | Over
INFO1 O SOSTITUTO CARTELLINO ANCHE IN PANCHINA E DOPO FISCHIO FINALE;SI;;;;NON_MAPPATO;famiglia non riconosciuta;304;111;MARATHON;CALCIO | EUROPA - UEFA NATIONS LEAGUE | Serbia - Olanda | INFO1 O SOSTITUTO CARTELLINO ANCHE IN PANCHINA E DOPO FISCHIO FINALE | SI
UN INFO1 1°T + OV INFO2 2°T;SI;;;;NON_MAPPATO;famiglia non riconosciuta;302;97;DOMUSBET;CALCIO | OLANDA - I DIVISIONE | Willem II - Fortuna Sittard | UN INFO1 1°T + OV INFO2 2°T | SI
GG/NG;NoGoal;;;;NON_MAPPATO;famiglia non riconosciuta;301;178;STARCASINO, WILLIAMHILL;CALCIO | EUROPA - UEFA NATIONS LEAGUE | Georgia - Ucraina | GG/NG | NoGoal
MINUTO ULTIMO GOL;76 - FINE PARTITA;;;;NON_MAPPATO;famiglia non riconosciuta;297;34;BBET, DOMUSBET;CALCIO | EUROPA - UEFA NATIONS LEAGUE | Austria - Kosovo | MINUTO ULTIMO GOL | 76 - FINE PARTITA
GIOCATORE INFO1 SEGNA+RIS.ESATTO;Segna & 2-1;;;;NON_MAPPATO;famiglia non riconosciuta;296;266;DOMUSBET;CALCIO | ITALIA - I DIVISIONE | Roma - Inter | GIOCATORE INFO1 SEGNA+RIS.ESATTO | Segna & 2-1
U/O INFO1 PUNTI INCL. T.S.;UNDER;;;;NON_MAPPATO;famiglia non riconosciuta;296;187;DOMUSBET;BASKET | USA - WNBA | New York Liberty - Atlanta Dream | U/O INFO1 PUNTI INCL. T.S. | UNDER
RIS.ESATTO MULTIPLO 1;1-0 2-0 2-1;;;;NON_MAPPATO;famiglia non riconosciuta;291;159;BBET, DOMUSBET, SPORTBET, STANLEYBET;CALCIO | AMICHEVOLI SQUADRE NAZIONALI | Giordania - Siria | RIS.ESATTO MULTIPLO 1 | 1-0 2-0 2-1
RISULTATO ESATTO TEMPO;ALTRO;;Risultato Esatto;;NON_MAPPATO;etichetta non riconosciuta per famiglia Risultato Esatto;285;166;DOMUSBET;CALCIO | ITALIA - III DIVISIONE | Crotone - US Salernitana | RISULTATO ESATTO TEMPO | ALTRO
GG O OV;SI;;;;NON_MAPPATO;famiglia non riconosciuta;284;112;MARATHON;CALCIO | ITALIA - I DIVISIONE | Cagliari Calcio - Juventus | GG O OV | SI
SOMMA GOL FINALE;3;;;;NON_MAPPATO;famiglia non riconosciuta;284;90;DOMUSBET, SPORTBET;CALCIO | ITALIA - I DIVISIONE | Parma - Genoa | SOMMA GOL FINALE | 3
MG INFO1-INFO2 CASA + INFO3-INFO4 OSPITE;SI;;;;NON_MAPPATO;famiglia non riconosciuta;281;158;MARATHON;CALCIO | EUROPA - UEFA NATIONS LEAGUE | Inghilterra - Spagna | MG INFO1-INFO2 CASA + INFO3-INFO4 OSPITE | SI
VINCENTE;Celtic;;;;NON_MAPPATO;famiglia non riconosciuta;280;280;ADMIRAL, BBET, DOMUSBET, MARATHON, SPORTBET, STANLEYBET, STARCASINO, WILLIAMHILL;CALCIO | SCOZIA - I DIVISIONE | Premiership 2026/27 | VINCENTE | Celtic
T/T SET INFO1;1;;;;NON_MAPPATO;famiglia non riconosciuta;279;274;DOMUSBET;VOLLEY | EUROPA - CAMP. EUROPEO | Italia - Finlandia | T/T SET INFO1 | 1
MULTIGOAL;SI;;;;NON_MAPPATO;famiglia non riconosciuta;277;76;WILLIAMHILL;CALCIO | ITALIA - III DIVISIONE | Perugia - AC Reggiana 1919 | MULTIGOAL | SI
VINCENTE;Napoli;;;;NON_MAPPATO;famiglia non riconosciuta;274;254;360BET, ADMIRAL, BBET, DOMUSBET, MARATHON, SPORTBET, STANLEYBET, STARCASINO, TOTOSI, WILLIAMHILL;CALCIO | Serie A | Serie A 2026/27 | VINCENTE | Napoli
CASA VINCE A 0;NO;;;;NON_MAPPATO;famiglia non riconosciuta;273;204;360BET, DOMUSBET, MARATHON, SPORTBET, STANLEYBET, WILLIAMHILL;CALCIO | EUROPA - UEFA NATIONS LEAGUE | Danimarca - Galles | CASA VINCE A 0 | NO
VINCENTE;Palermo;;;;NON_MAPPATO;famiglia non riconosciuta;269;269;360BET, ADMIRAL, BBET, DOMUSBET, MARATHON, SPORTBET, STANLEYBET, STARCASINO, WILLIAMHILL;CALCIO | ITALIA - COPPA | Coppa Italia 2026/2027 | VINCENTE | Palermo
1X + GG/NG;1X + NG;;;;NON_MAPPATO;famiglia non riconosciuta;265;84;DOMUSBET;CALCIO | SPAGNA - II DIVISIONE | Leganes - Granada | 1X + GG/NG | 1X + NG
1X TEMPO INFO1;1X;;;;NON_MAPPATO;famiglia non riconosciuta;263;118;BBET, DOMUSBET, SPORTBET, STANLEYBET, STARCASINO, WILLIAMHILL;CALCIO | EUROPA - UEFA NATIONS LEAGUE | Georgia - Ucraina | 1X TEMPO INFO1 | 1X
U/O INFO1 CORNER INFO2°T;UNDER;;;;NON_MAPPATO;famiglia non riconosciuta;262;118;DOMUSBET;CALCIO | EUROPA - UEFA NATIONS LEAGUE | San Marino - Finlandia | U/O INFO1 CORNER INFO2°T | UNDER
2 O OV;SI;;;;NON_MAPPATO;famiglia non riconosciuta;261;137;360BET, BBET, DOMUSBET, MARATHON, SPORTBET, STANLEYBET, TOTOSI, WILLIAMHILL;CALCIO | EUROPA - UEFA NATIONS LEAGUE | Serbia - Olanda | 2 O OV | SI
DRAW NO BET;1;;;;NON_MAPPATO;famiglia non riconosciuta;261;107;360BET, BBET, DOMUSBET, MARATHON, SPORTBET, STANLEYBET, STARCASINO, TOTOSI, WILLIAMHILL;CALCIO | COLOMBIA - II DIVISIONE | Barranquilla - Real Cundinamarca | DRAW NO BET | 1
VINCENTE;Man City;;;;NON_MAPPATO;famiglia non riconosciuta;261;253;360BET, ADMIRAL, BBET, DOMUSBET, MARATHON, SPORTBET, STANLEYBET, STARCASINO, WILLIAMHILL;CALCIO | INGHILTERRA - I DIVISIONE | Premier League 26/27 | VINCENTE | Man City
12 + GG/NG;12 + GOAL;;;;NON_MAPPATO;famiglia non riconosciuta;260;94;BBET, MARATHON, SPORTBET, STANLEYBET, TOTOSI;CALCIO | EUROPA - UEFA NATIONS LEAGUE | Israele - Irlanda | 12 + GG/NG | 12 + GOAL
INFO1PIAZZATO NEI PRIMIINFO2;SI;;;;NON_MAPPATO;famiglia non riconosciuta;260;56;SPORTBET;CALCIO | FRANCIA - I DIVISIONE | Ligue 1 2026/2027 | INFO1PIAZZATO NEI PRIMIINFO2 | SI
U/O INFO2 FALLI SUBITI GIOCATORE INFO1;OVER;;;;NON_MAPPATO;famiglia non riconosciuta;260;158;DOMUSBET;CALCIO | EUROPA - UEFA NATIONS LEAGUE | Inghilterra - Spagna | U/O INFO2 FALLI SUBITI GIOCATORE INFO1 | OVER
PARZ/FIN;2-1;;;;NON_MAPPATO;famiglia non riconosciuta;258;152;DOMUSBET;CALCIO | EUROPA - UEFA NATIONS LEAGUE | Serbia - Grecia | PARZ/FIN | 2-1
SOMMA GOL INFO1°TEMPO;3+;;;;NON_MAPPATO;famiglia non riconosciuta;255;110;DOMUSBET;CALCIO | AFRICA - QUAL. COPPA D'AFRICA | Namibia - Congo | SOMMA GOL INFO1°TEMPO | 3+
GIOCATORE INFO1 CARTELLINO O ALMENO INFO2 FALLI;SI;;;;NON_MAPPATO;famiglia non riconosciuta;252;125;DOMUSBET;CALCIO | EUROPA - EUROPA LEAGUE | Besiktas - Marsiglia | GIOCATORE INFO1 CARTELLINO O ALMENO INFO2 FALLI | SI
MG INFO1-INFO2 CASA + MG INFO3-INFO4 OSP;Si;;;;NON_MAPPATO;famiglia non riconosciuta;247;131;STARCASINO;CALCIO | ITALIA - III DIVISIONE | Renate - Treviso | MG INFO1-INFO2 CASA + MG INFO3-INFO4 OSP | Si
U/O (INCL. OT);Over;;;;NON_MAPPATO;famiglia non riconosciuta;247;130;STARCASINO, WILLIAMHILL;BASKET | SPAGNA - I DIVISIONE | San Pablo Burgos - Baskonia Vitoria | U/O (INCL. OT) | Over
TIRI IN PORTA X E SOSTITUTO + PALI E TRAVERSE (INC.TS.);OVER;;;;NON_MAPPATO;famiglia non riconosciuta;244;89;SPORTBET;CALCIO | EUROPA - UEFA NATIONS LEAGUE | Serbia - Olanda | TIRI IN PORTA X E SOSTITUTO + PALI E TRAVERSE (INC.TS.) | OVER
SQUADRA X VINCE O VA IN VANTAGGIO DI Y GOAL NELLA PARTITA;SI;;;;NON_MAPPATO;famiglia non riconosciuta;241;153;BBET, MARATHON, STANLEYBET, WILLIAMHILL;CALCIO | EUROPA - CHAMPIONS LEAGUE | Inter - Club Bruges | SQUADRA X VINCE O VA IN VANTAGGIO DI Y GOAL NELLA PARTITA | SI
GIOCATORE INFO1 O SOSTITUTO ALMENO UN GOL E UN ASSIST (INC. TS);SI;;;;NON_MAPPATO;famiglia non riconosciuta;238;181;DOMUSBET;CALCIO | FRANCIA - I DIVISIONE | Marsiglia - PSG | GIOCATORE INFO1 O SOSTITUTO ALMENO UN GOL E UN ASSIST (INC. TS) | SI
U/O INFO1 TIRI TOTALI INCL.TS;UNDER;;;;NON_MAPPATO;famiglia non riconosciuta;237;156;DOMUSBET;CALCIO | EUROPA - EUROPA LEAGUE | SK Sturm Graz - Rennes | U/O INFO1 TIRI TOTALI INCL.TS | UNDER
X2 + U/O INFO1;X2 + UNDER;;;;NON_MAPPATO;famiglia non riconosciuta;236;198;MARATHON, STARCASINO, WILLIAMHILL;CALCIO | EUROPA - UEFA NATIONS LEAGUE | Repubblica Ceca - Croazia | X2 + U/O INFO1 | X2 + UNDER
1X+U/O INFO1 INFO2°T;1X + OV;;;;NON_MAPPATO;famiglia non riconosciuta;235;93;DOMUSBET;CALCIO | GERMANIA - I DIVISIONE | Bayern Monaco - Union Berlino | 1X+U/O INFO1 INFO2°T | 1X + OV
VINCENTE;Antonelli A.;;;;NON_MAPPATO;famiglia non riconosciuta;234;234;ADMIRAL, BBET, DOMUSBET, MARATHON, SPORTBET, STANLEYBET, STARCASINO, WILLIAMHILL;AUTOMOBILISMO | MONDO - CAMPIONATO FORMULA 1 | Formula 1 Mondiale Piloti 2026 | VINCENTE | Antonelli A.
T/T SET INFO1;2;;;;NON_MAPPATO;famiglia non riconosciuta;233;227;BBET, DOMUSBET, STANLEYBET;VOLLEY | USA - NCAA I DIVISIONE F. | Michigan Wolverines - Washington Huskies | T/T SET INFO1 | 2
U/O INFO2 PUNTI INFO1;OVER;;;;NON_MAPPATO;famiglia non riconosciuta;232;161;MARATHON;BASKET | ITALIA - I DIVISIONE | Maxima Roma - Napoli Basket | U/O INFO2 PUNTI INFO1 | OVER
GIOC. INFO1 DOPPIETTA O SOSTITUTO (INC.TS.);SI;;;;NON_MAPPATO;famiglia non riconosciuta;231;176;DOMUSBET;CALCIO | ITALIA - I DIVISIONE | Roma - Inter | GIOC. INFO1 DOPPIETTA O SOSTITUTO (INC.TS.) | SI
MULTIGOAL OSPITE;Si;;;;NON_MAPPATO;famiglia non riconosciuta;228;158;STARCASINO;CALCIO | ITALIA - III DIVISIONE | Vis Pesaro - Guidonia Montecelio | MULTIGOAL OSPITE | Si
TOTALE CORNER OSPITE;7+;;;;NON_MAPPATO;famiglia non riconosciuta;228;169;BBET, DOMUSBET, SPORTBET, STANLEYBET;CALCIO | EUROPA - UEFA NATIONS LEAGUE | Austria - Kosovo | TOTALE CORNER OSPITE | 7+
U/O INFO1 SQUADRA INFO2 INCL. T.S.;OVER;;;;NON_MAPPATO;famiglia non riconosciuta;228;197;DOMUSBET;BASKET | ISRAELE - COPPA DI LEGA | Bnei Herzliya Basket - Maccabi Rishon LeZion | U/O INFO1 SQUADRA INFO2 INCL. T.S. | OVER
PARZ/FIN;2-2;;;;NON_MAPPATO;famiglia non riconosciuta;223;197;DOMUSBET;CALCIO | EUROPA - UEFA NATIONS LEAGUE | San Marino - Finlandia | PARZ/FIN | 2-2
VINCENTE;Slavia Praga;;;;NON_MAPPATO;famiglia non riconosciuta;223;223;ADMIRAL, BBET, DOMUSBET, SPORTBET, STANLEYBET, STARCASINO, WILLIAMHILL;CALCIO | REP. CECA- I DIVISIONE | 1 Liga 2026/27 | VINCENTE | Slavia Praga
GIOC. INFO1 O SOSTITUTO SEGNA E CARTELLINO (INC T.S);SI;;;;NON_MAPPATO;famiglia non riconosciuta;222;177;DOMUSBET;CALCIO | ITALIA - I DIVISIONE | Roma - Inter | GIOC. INFO1 O SOSTITUTO SEGNA E CARTELLINO (INC T.S) | SI
U/O TEMPO;OVER;;;;NON_MAPPATO;famiglia non riconosciuta;221;68;MARATHON;CALCIO | EUROPA - UEFA NATIONS LEAGUE | Germania - Grecia | U/O TEMPO | OVER
RIS.ESATTO MULTIPLO;1-2 1-3 1-4;;;;NON_MAPPATO;famiglia non riconosciuta;220;158;BBET, DOMUSBET, SPORTBET, STANLEYBET, TOTOSI;CALCIO | EUROPA - UEFA NATIONS LEAGUE | Serbia - Olanda | RIS.ESATTO MULTIPLO | 1-2 1-3 1-4
U/O INFO1 SQUADRA INFO2;UNDER;;;;NON_MAPPATO;famiglia non riconosciuta;219;193;360BET, BBET, DOMUSBET, MARATHON, SPORTBET, STANLEYBET, TOTOSI;CALCIO | ARGENTINA - III DIVISIONE | Villa Dalmine - CD UAI Urquiza | U/O INFO1 SQUADRA INFO2 | UNDER
MULTIGOL 1°T + MULTIGOL 2°T;SI;;;;NON_MAPPATO;famiglia non riconosciuta;217;78;360BET, BBET, SPORTBET, STANLEYBET, TOTOSI;CALCIO | EUROPA - UEFA NATIONS LEAGUE | Norvegia - Portogallo | MULTIGOL 1°T + MULTIGOL 2°T | SI
X2 + GG/NG;X2 + GOAL;;;;NON_MAPPATO;famiglia non riconosciuta;213;177;BBET, MARATHON, SPORTBET, STANLEYBET, TOTOSI;CALCIO | ITALIA - III DIVISIONE | Delfino Pescara - Spezia Calcio | X2 + GG/NG | X2 + GOAL
1X + MULTIGOAL INFO1-INFO2;1X+ MULTIGOAL;;;;NON_MAPPATO;famiglia non riconosciuta;212;179;MARATHON, STARCASINO, WILLIAMHILL;CALCIO | EUROPA - UEFA NATIONS LEAGUE | Danimarca - Galles | 1X + MULTIGOAL INFO1-INFO2 | 1X+ MULTIGOAL
U/O  INFO1 - INFO2° TEMPO;Over;;;;NON_MAPPATO;famiglia non riconosciuta;210;71;WILLIAMHILL;CALCIO | ITALIA - I DIVISIONE | Lecce - Bologna FC | U/O INFO1 - INFO2° TEMPO | Over
MARCATORE INFO1;SI;;;;NON_MAPPATO;famiglia non riconosciuta;207;81;MARATHON, SPORTBET, STANLEYBET, WILLIAMHILL;CALCIO | EUROPA - UEFA NATIONS LEAGUE | Gibilterra - Andorra | MARCATORE INFO1 | SI
U/O INFO1 (OT&SO);OVER;;;;NON_MAPPATO;famiglia non riconosciuta;207;67;DOMUSBET;HOCKEY GHIACCIO | FINLANDIA - I DIVISIONE | HIFK Helsinki - Jukurit Mikkeli | U/O INFO1 (OT&SO) | OVER
OSPITE VINCE 1°T O PARTITA;SI;;;;NON_MAPPATO;famiglia non riconosciuta;204;137;360BET, BBET, DOMUSBET, MARATHON, STANLEYBET, WILLIAMHILL;CALCIO | EUROPA - UEFA NATIONS LEAGUE | Serbia - Olanda | OSPITE VINCE 1°T O PARTITA | SI
1X + MULTIGOL;SI;;;;NON_MAPPATO;famiglia non riconosciuta;201;149;BBET, SPORTBET, STANLEYBET, TOTOSI;CALCIO | EUROPA - UEFA NATIONS LEAGUE | Austria - Kosovo | 1X + MULTIGOL | SI
U/O INFO1 CORNER SQUADRA INFO2;Over;;;;NON_MAPPATO;famiglia non riconosciuta;200;151;STARCASINO, WILLIAMHILL;CALCIO | BRASILE - II DIVISIONE | America MG - Juventude RS | U/O INFO1 CORNER SQUADRA INFO2 | Over
OV INFO1 CASA + UN INFO2 OSPITE;SI;;;;NON_MAPPATO;famiglia non riconosciuta;197;156;DOMUSBET;CALCIO | GERMANIA - I DIVISIONE | Bayer Leverkusen - Lipsia | OV INFO1 CASA + UN INFO2 OSPITE | SI
CASA U/O INFO1 1°T + INFO2 2°T;OV + OV;;;;NON_MAPPATO;famiglia non riconosciuta;193;106;DOMUSBET;CALCIO | NORVEGIA - IV DIVISIONE | Viking FK 2 - Vaag IK | CASA U/O INFO1 1°T + INFO2 2°T | OV + OV
TOTALE CORNER SQUADRA INFO1 INFO2°T;>3;;;;NON_MAPPATO;famiglia non riconosciuta;189;70;DOMUSBET;CALCIO | ITALIA - I DIVISIONE | Milan - Lecce | TOTALE CORNER SQUADRA INFO1 INFO2°T | >3
GIOCATORE INFO1 SEGNA+RIS.ESATTO;Segna & 1-2;;;;NON_MAPPATO;famiglia non riconosciuta;188;171;DOMUSBET;CALCIO | EUROPA - UEFA NATIONS LEAGUE | Olanda - Germania | GIOCATORE INFO1 SEGNA+RIS.ESATTO | Segna & 1-2
PARZ/FIN;2-X;;;;NON_MAPPATO;famiglia non riconosciuta;188;105;DOMUSBET;CALCIO | ITALIA - II DIVISIONE | Cremonese - Virtus Entella | PARZ/FIN | 2-X
RIS.ESATTO MULTIPLO 5;1-3 2-3 1-4 2-4;;;;NON_MAPPATO;famiglia non riconosciuta;188;144;BBET, DOMUSBET, SPORTBET, STANLEYBET, TOTOSI;CALCIO | EUROPA - UEFA NATIONS LEAGUE | Serbia - Olanda | RIS.ESATTO MULTIPLO 5 | 1-3 2-3 1-4 2-4
VINCENTE;Club Bruges;;;;NON_MAPPATO;famiglia non riconosciuta;188;188;360BET, ADMIRAL, BBET, DOMUSBET, MARATHON, SPORTBET, STANLEYBET, STARCASINO, WILLIAMHILL;CALCIO | BELGIO - I DIVISIONE | Belgio Jupiler Pro League 2026/27 | VINCENTE | Club Bruges
GIOCATORE X O IL SUO SOSTITUTO SEGNA O FA ASSIST;SI;;;;NON_MAPPATO;famiglia non riconosciuta;186;59;BBET, MARATHON, WILLIAMHILL;CALCIO | EUROPA - UEFA NATIONS LEAGUE | Serbia - Olanda | GIOCATORE X O IL SUO SOSTITUTO SEGNA O FA ASSIST | SI
VINCENTE;Milan;;;;NON_MAPPATO;famiglia non riconosciuta;184;179;360BET, ADMIRAL, BBET, DOMUSBET, MARATHON, SPORTBET, STANLEYBET, STARCASINO, WILLIAMHILL;CALCIO | Serie A | Serie A 2026/27 | VINCENTE | Milan
GIOCATORE INFO1 SEGNA+RIS.ESATTO;Segna & 3-1;;;;NON_MAPPATO;famiglia non riconosciuta;182;178;DOMUSBET;CALCIO | ITALIA - I DIVISIONE | Roma - Inter | GIOCATORE INFO1 SEGNA+RIS.ESATTO | Segna & 3-1
PRIMA SOSTITUZIONE;TEMPO 2;;;;NON_MAPPATO;famiglia non riconosciuta;181;45;DOMUSBET, STANLEYBET;CALCIO | OLANDA - I DIVISIONE | Ajax - Excelsior Rotterdam | PRIMA SOSTITUZIONE | TEMPO 2
GIOCATORE INFO1 ASSIST (INC.TS.);SI;;;;NON_MAPPATO;famiglia non riconosciuta;180;162;DOMUSBET;CALCIO | SPAGNA - I DIVISIONE | Barcellona - Racing Santander | GIOCATORE INFO1 ASSIST (INC.TS.) | SI
VINCENTE;Porto;;;;NON_MAPPATO;famiglia non riconosciuta;178;178;360BET, ADMIRAL, BBET, DOMUSBET, MARATHON, SPORTBET, STANLEYBET, STARCASINO, WILLIAMHILL;CALCIO | PORTOGALLO - I DIVISIONE | Primera Liga 2026/27 | VINCENTE | Porto
GIOCATORE INFO1 SEGNA+RIS.ESATTO;Segna & 2-2;;;;NON_MAPPATO;famiglia non riconosciuta;177;158;DOMUSBET;CALCIO | EUROPA - EUROPA LEAGUE | Besiktas - Marsiglia | GIOCATORE INFO1 SEGNA+RIS.ESATTO | Segna & 2-2
PARI/DISPARI;PARI;;;;NON_MAPPATO;famiglia non riconosciuta;175;67;BBET, DOMUSBET, MARATHON, SPORTBET, STANLEYBET, TOTOSI;CALCIO | EUROPA - UEFA NATIONS LEAGUE | Inghilterra - Spagna | PARI/DISPARI | PARI
SOMMA GOL FINALE;>4;;;;NON_MAPPATO;famiglia non riconosciuta;173;42;DOMUSBET;CALCIO | SPAGNA - I DIVISIONE | Siviglia - Barcellona | SOMMA GOL FINALE | >4
VINCENTE;Bodo/Glimt;;;;NON_MAPPATO;famiglia non riconosciuta;173;173;ADMIRAL, BBET, DOMUSBET, MARATHON, SPORTBET, STANLEYBET, STARCASINO, WILLIAMHILL;CALCIO | NORVEGIA - I DIVISIONE | Eliteserien 2026 | VINCENTE | Bodo/Glimt
GIOC. INFO1 AMMONITO INFO3 TEMPO;SI;;;;NON_MAPPATO;famiglia non riconosciuta;171;82;DOMUSBET;CALCIO | SPAGNA - I DIVISIONE | Espanyol - Elche | GIOC. INFO1 AMMONITO INFO3 TEMPO | SI
GIOCATORE INFO1 SEGNA+RIS.ESATTO;Segna & 3-0;;;;NON_MAPPATO;famiglia non riconosciuta;171;165;DOMUSBET;CALCIO | ITALIA - I DIVISIONE | Milan - Lecce | GIOCATORE INFO1 SEGNA+RIS.ESATTO | Segna & 3-0
TOTALE CORNER (5 ESITI);12 - 14;;;;NON_MAPPATO;famiglia non riconosciuta;171;60;BBET, DOMUSBET;CALCIO | ITALIA - III DIVISIONE | S.S.D. Casarano Calcio - Monopoli | TOTALE CORNER (5 ESITI) | 12 - 14
COMBO GG/NG;GG/GG;;;;NON_MAPPATO;famiglia non riconosciuta;170;64;BBET, SPORTBET, TOTOSI;CALCIO | EUROPA - UEFA NATIONS LEAGUE | Belgio - Francia | COMBO GG/NG | GG/GG
RIS. ESATTO HT/FT;1-1 ALTRO;;;;NON_MAPPATO;famiglia non riconosciuta;170;66;BBET, DOMUSBET;CALCIO | ITALIA - III DIVISIONE | S.S.D. Casarano Calcio - Monopoli | RIS. ESATTO HT/FT | 1-1 ALTRO
GG/NG - INFO1°T;GOAL;;;;NON_MAPPATO;famiglia non riconosciuta;169;52;MARATHON, STARCASINO, WILLIAMHILL;CALCIO | ITALIA - III DIVISIONE | AlbinoLeffe - Alcione Milano | GG/NG - INFO1°T | GOAL
PARZIALE/FINALE;1-1;;;;NON_MAPPATO;famiglia non riconosciuta;168;108;360BET, BBET, DOMUSBET, MARATHON, SPORTBET, STANLEYBET, STARCASINO, TOTOSI, WILLIAMHILL;CALCIO | AMICHEVOLI SQUADRE NAZIONALI | Malta - Liechtenstein | PARZIALE/FINALE | 1-1
X ALMENO UN TEMPO;SI;;;;NON_MAPPATO;famiglia non riconosciuta;168;133;BBET, DOMUSBET, SPORTBET, STANLEYBET, TOTOSI;CALCIO | EUROPA - UEFA NATIONS LEAGUE | Gibilterra - Andorra | X ALMENO UN TEMPO | SI
T/T QUARTO INFO1;1;;;;NON_MAPPATO;famiglia non riconosciuta;165;140;DOMUSBET;BASKET | GIAPPONE - II DIVISIONE | Earthfriends Tokyo - Tachikawa Dice | T/T QUARTO INFO1 | 1
DRAW NO BET;2;;;;NON_MAPPATO;famiglia non riconosciuta;163;100;360BET, BBET, DOMUSBET, MARATHON, SPORTBET, STANLEYBET, STARCASINO, TOTOSI, WILLIAMHILL;CALCIO | SPAGNA - V DIVISIONE | Real Betis Balompie C - Xerez Deportivo FC | DRAW NO BET | 2
U/O INFO1 FALLI COMMESSI SQUADRA INFO2 INCL.TS;OVER;;;;NON_MAPPATO;famiglia non riconosciuta;163;157;DOMUSBET;CALCIO | EUROPA - EUROPA LEAGUE | Juventus - NEC Nimega | U/O INFO1 FALLI COMMESSI SQUADRA INFO2 INCL.TS | OVER
GIOCATORE INFO1 SEGNA+RIS.ESATTO;Segna & 2-0;;;;NON_MAPPATO;famiglia non riconosciuta;161;151;DOMUSBET;CALCIO | EUROPA - EUROPA LEAGUE | Milan - Benfica | GIOCATORE INFO1 SEGNA+RIS.ESATTO | Segna & 2-0
T/T HANDICAP;2;;;;NON_MAPPATO;famiglia non riconosciuta;160;110;360BET, BBET, SPORTBET, TOTOSI, WILLIAMHILL;BASKET | UNGHERIA - I DIVISIONE F. | Bkg-Prima - CSATA Tkk | T/T HANDICAP | 2
CLASSIFICATO SI/NO;SI;;;;NON_MAPPATO;famiglia non riconosciuta;158;22;DOMUSBET;AUTOMOBILISMO | MONDO - CAMPIONATO FORMULA 1 | GP Baku GARA | CLASSIFICATO SI/NO | SI
HANDICAP INFO1 CORNER;2;;;;NON_MAPPATO;famiglia non riconosciuta;158;155;DOMUSBET, STARCASINO, WILLIAMHILL;CALCIO | EUROPA - UEFA NATIONS LEAGUE | San Marino - Finlandia | HANDICAP INFO1 CORNER | 2
U/O INFO1 + GG/NG;GOAL + OVER;;;;NON_MAPPATO;famiglia non riconosciuta;158;97;MARATHON, STARCASINO;CALCIO | EUROPA - UEFA NATIONS LEAGUE | Norvegia - Portogallo | U/O INFO1 + GG/NG | GOAL + OVER
U/O GOAL NEL PERIODO;OVER;;;;NON_MAPPATO;famiglia non riconosciuta;157;55;DOMUSBET;HOCKEY GHIACCIO | GERMANIA - I DIVISIONE | EISBAREN BERLINO - Straubing Tigers | U/O GOAL NEL PERIODO | OVER
GG O OV;Si;;;;NON_MAPPATO;famiglia non riconosciuta;156;57;STARCASINO;CALCIO | EUROPA - UEFA NATIONS LEAGUE | Norvegia - Portogallo | GG O OV | Si
GIOC. INFO1 SEGNA ENTRAMBI I TEMPI;SI;;;;NON_MAPPATO;famiglia non riconosciuta;155;106;DOMUSBET;CALCIO | USA - I DIVISIONE | Inter Miami - San Diego FC | GIOC. INFO1 SEGNA ENTRAMBI I TEMPI | SI
GIOCATORE INFO1 SEGNA+RIS.ESATTO;Segna & 1-3;;;;NON_MAPPATO;famiglia non riconosciuta;151;147;DOMUSBET;CALCIO | ITALIA - I DIVISIONE | Monza - Sassuolo | GIOCATORE INFO1 SEGNA+RIS.ESATTO | Segna & 1-3
VINCENTE;Galatasaray;;;;NON_MAPPATO;famiglia non riconosciuta;150;150;360BET, ADMIRAL, BBET, DOMUSBET, MARATHON, SPORTBET, STANLEYBET, STARCASINO, WILLIAMHILL;CALCIO | TURCHIA - I DIVISIONE | Super Lig 2026/27 | VINCENTE | Galatasaray
X O UN;SI;;;;NON_MAPPATO;famiglia non riconosciuta;149;120;DOMUSBET, MARATHON, SPORTBET, STANLEYBET, WILLIAMHILL;CALCIO | ITALIA - I DIVISIONE | Parma - Genoa | X O UN | SI
12 + UNDER/OVER;12 + OV;;U/O Gol;;NON_MAPPATO;etichetta non riconosciuta per famiglia U/O Gol;148;74;BBET, SPORTBET, STANLEYBET, TOTOSI;CALCIO | EUROPA - CHAMPIONS LEAGUE | Feyenoord - Como | 12 + UNDER/OVER | 12 + OV
CASA SEGNA;Si;;;;NON_MAPPATO;famiglia non riconosciuta;148;71;STARCASINO;CALCIO | EUROPA - UEFA NATIONS LEAGUE | Austria - Kosovo | CASA SEGNA | Si
U/O INFO1 FUORIGIOCO INCL.TS;OVER;;;;NON_MAPPATO;famiglia non riconosciuta;148;139;DOMUSBET;CALCIO | EUROPA - UEFA NATIONS LEAGUE | Olanda - Germania | U/O INFO1 FUORIGIOCO INCL.TS | OVER
X2 + UNDER/OVER;X2 + UN;;;;NON_MAPPATO;famiglia non riconosciuta;148;105;BBET, SPORTBET, STANLEYBET, TOTOSI;CALCIO | EUROPA - UEFA NATIONS LEAGUE | Israele - Irlanda | X2 + UNDER/OVER | X2 + UN
12+MULTIGOL INFO1-INFO2;SI;;;;NON_MAPPATO;famiglia non riconosciuta;147;81;DOMUSBET;CALCIO | ITALIA - I DIVISIONE | Venezia - Lazio | 12+MULTIGOL INFO1-INFO2 | SI
TOTALE CORNER TEMPO;5-6;;;;NON_MAPPATO;famiglia non riconosciuta;146;31;DOMUSBET;CALCIO | EUROPA - EUROPA LEAGUE | Hapoel Beer Sheva FC - Dinamo Zagabria | TOTALE CORNER TEMPO | 5-6
X2 TEMPO INFO1;X2;;;;NON_MAPPATO;famiglia non riconosciuta;146;92;BBET, DOMUSBET, SPORTBET, STANLEYBET, STARCASINO, WILLIAMHILL;CALCIO | EUROPA - UEFA NATIONS LEAGUE | Gibilterra - Andorra | X2 TEMPO INFO1 | X2
RIS.ESATTO MULTIPLO 4;0-0 1-1 0-1 1-0;;;;NON_MAPPATO;famiglia non riconosciuta;145;92;BBET, DOMUSBET, SPORTBET, STANLEYBET;CALCIO | EUROPA - UEFA NATIONS LEAGUE | Serbia - Olanda | RIS.ESATTO MULTIPLO 4 | 0-0 1-1 0-1 1-0
ESONERATO/DIMISSIONARIO SI/NO INFO AGG (LEGABILE);SI;;;;NON_MAPPATO;famiglia non riconosciuta;144;64;360BET, BBET, MARATHON, SPORTBET, WILLIAMHILL;CALCIO | Serie A | Esonero O Dimissioni Al 25/12/2026 | ESONERATO/DIMISSIONARIO SI/NO INFO AGG (LEGABILE) | SI
RETROCESSA;SI;;;;NON_MAPPATO;famiglia non riconosciuta;144;90;360BET, ADMIRAL, BBET, SPORTBET, STANLEYBET, WILLIAMHILL;CALCIO | Serie A | Serie A 2026/27 | RETROCESSA | SI
U/O INFO1 PUNTI INFO2 TEMPO;OVER;;;;NON_MAPPATO;famiglia non riconosciuta;144;109;DOMUSBET;BASKET | EUROPA - CHAMPIONS LEAGUE | Promitheas Patras BC - Korfez Basket | U/O INFO1 PUNTI INFO2 TEMPO | OVER
GIOCATORE INFO1 ALMENO INFO2 TIRI TOTALI (INC.TS.);SI;;;;NON_MAPPATO;famiglia non riconosciuta;143;94;DOMUSBET;CALCIO | EUROPA - EUROPA LEAGUE | Milan - Benfica | GIOCATORE INFO1 ALMENO INFO2 TIRI TOTALI (INC.TS.) | SI
PARZIALE/FINALE;X-1;;;;NON_MAPPATO;famiglia non riconosciuta;143;102;BBET, MARATHON, SPORTBET, STANLEYBET, STARCASINO, TOTOSI, WILLIAMHILL;CALCIO | ITALIA - I DIVISIONE | Inter - Parma Calcio | PARZIALE/FINALE | X-1
RIS.ESATTO MULTIPLO 5;2-0 3-0 4-0;;;;NON_MAPPATO;famiglia non riconosciuta;143;109;DOMUSBET, SPORTBET, STANLEYBET;CALCIO | EUROPA - UEFA NATIONS LEAGUE | Slovacchia - Moldova | RIS.ESATTO MULTIPLO 5 | 2-0 3-0 4-0
U/O INFO1 GAMES;UNDER;;;;NON_MAPPATO;famiglia non riconosciuta;142;136;DOMUSBET, STANLEYBET;TENNIS | TORNEO DI SINGAPORE | Andreeva, Mirra - Sasnovich, Aliaksandra | U/O INFO1 GAMES | UNDER
VAR (ONFIELDREVIEW) INC. SUPPL;NO;;;;NON_MAPPATO;famiglia non riconosciuta;142;13;DOMUSBET;CALCIO | ITALIA - I DIVISIONE | Monza - Sassuolo | VAR (ONFIELDREVIEW) INC. SUPPL | NO
U/O CORNER T.R.;OVER;;;;NON_MAPPATO;famiglia non riconosciuta;140;60;SPORTBET;CALCIO | EUROPA - UEFA NATIONS LEAGUE | Norvegia - Portogallo | U/O CORNER T.R. | OVER
GIOCATORE INFO1 GOL O ASSIST O CARTELLINO (INC.TS.);SI;;;;NON_MAPPATO;famiglia non riconosciuta;137;63;DOMUSBET;CALCIO | ITALIA - I DIVISIONE | Roma - Inter | GIOCATORE INFO1 GOL O ASSIST O CARTELLINO (INC.TS.) | SI
RIS.ESATTO MULTIPLO 1;2-2 3-3 4-4;;;;NON_MAPPATO;famiglia non riconosciuta;135;35;BBET, DOMUSBET;CALCIO | EUROPA - UEFA NATIONS LEAGUE | Norvegia - Portogallo | RIS.ESATTO MULTIPLO 1 | 2-2 3-3 4-4
U/O INFO2 TIRI DA 3 REALIZZATI INFO1 INCL. T.S.;OVER;;;;NON_MAPPATO;famiglia non riconosciuta;135;97;DOMUSBET;BASKET | EUROPA - EUROLEGA | Dubai Basketball - Real Madrid | U/O INFO2 TIRI DA 3 REALIZZATI INFO1 INCL. T.S. | OVER
UN INFO1 1°T + UN INFO2 2°T;SI;;;;NON_MAPPATO;famiglia non riconosciuta;134;60;DOMUSBET;CALCIO | AFRICA - QUAL. COPPA D'AFRICA | Namibia - Congo | UN INFO1 1°T + UN INFO2 2°T | SI
GIOCATORE INFO1 SEGNA E ASSIST (INC.TS.);SI;;;;NON_MAPPATO;famiglia non riconosciuta;133;98;DOMUSBET;CALCIO | EUROPA - UEFA NATIONS LEAGUE | Norvegia - Portogallo | GIOCATORE INFO1 SEGNA E ASSIST (INC.TS.) | SI
VINCENTE;Bezzecchi M.;;;;NON_MAPPATO;famiglia non riconosciuta;133;133;360BET, ADMIRAL, BBET, DOMUSBET, MARATHON, SPORTBET, STANLEYBET, STARCASINO, WILLIAMHILL;MOTOCICLISMO | MONDO - MOTOMONDIALE | Mondiale Motogp 2026 | VINCENTE | Bezzecchi M.
VINCENTE;West Ham;;;;NON_MAPPATO;famiglia non riconosciuta;133;133;360BET, ADMIRAL, BBET, DOMUSBET, MARATHON, SPORTBET, STANLEYBET, STARCASINO, WILLIAMHILL;CALCIO | INGHILTERRA - II DIVISIONE | Championship 2026/27 | VINCENTE | West Ham
U/O INFO1 PUNTI SET INFO2;OVER;;;;NON_MAPPATO;famiglia non riconosciuta;129;121;BBET, DOMUSBET;VOLLEY | POLONIA - II DIVISIONE | Avia Swidnik - Uks Sparta Grodzisk Mazowiecki | U/O INFO1 PUNTI SET INFO2 | OVER
MULTIGOAL OSPITE;SI;;;;NON_MAPPATO;famiglia non riconosciuta;127;81;WILLIAMHILL;CALCIO | EUROPA - UEFA NATIONS LEAGUE | Gibilterra - Andorra | MULTIGOAL OSPITE | SI
SOMMA GOL CASA;>2;;;;NON_MAPPATO;famiglia non riconosciuta;127;110;DOMUSBET;CALCIO | EL SALVADOR - II DIVISIONE | Independiente FC - Neo Pipil San Juan Nonualco | SOMMA GOL CASA | >2
U/O INFO1 PUNTI;OVER;;;;NON_MAPPATO;famiglia non riconosciuta;127;117;DOMUSBET;VOLLEY | EUROPA - CAMP. EUROPEO | Francia - Romania | U/O INFO1 PUNTI | OVER
COMBO GG/NG 1°T/2°T;GG/NG;;;;NON_MAPPATO;famiglia non riconosciuta;126;52;DOMUSBET;CALCIO | GERMANIA - I DIVISIONE | Bayer Leverkusen - Lipsia | COMBO GG/NG 1°T/2°T | GG/NG
SOMMA GOL FINALE;4;;;;NON_MAPPATO;famiglia non riconosciuta;125;53;BBET, DOMUSBET, SPORTBET, STANLEYBET;CALCIO | EUROPA - UEFA NATIONS LEAGUE | Norvegia - Portogallo | SOMMA GOL FINALE | 4
INFO1 O SUO SOSTITUTO U/O INFO2 TIRI IN PORTA CON PALI/TRAVERSE;OVER;;;;NON_MAPPATO;famiglia non riconosciuta;124;41;MARATHON, STANLEYBET;CALCIO | EUROPA - UEFA NATIONS LEAGUE | Serbia - Olanda | INFO1 O SUO SOSTITUTO U/O INFO2 TIRI IN PORTA CON PALI/TRAVERSE | OVER
SQUADRA SEGNA ENTRAMBI I TEMPI;NO;;;;NON_MAPPATO;famiglia non riconosciuta;123;24;DOMUSBET;CALCIO | ITALIA - III DIVISIONE | Desenzano - Juventus Next Gen U23 | SQUADRA SEGNA ENTRAMBI I TEMPI | NO
RIS. ESATTO INFO1°SET;6-0;;;;NON_MAPPATO;famiglia non riconosciuta;122;122;DOMUSBET;TENNIS | BILLIE JEAN KING CUP | Noskova, Linda - Boulter, Katie | RIS. ESATTO INFO1°SET | 6-0
COMBO GG/NG;GOAL/GOAL;;;;NON_MAPPATO;famiglia non riconosciuta;121;44;360BET, MARATHON, STARCASINO, WILLIAMHILL;CALCIO | EUROPA - UEFA NATIONS LEAGUE | Austria - Kosovo | COMBO GG/NG | GOAL/GOAL
U/O INFO1 CARTELLINI;Over;;;;NON_MAPPATO;famiglia non riconosciuta;121;73;STARCASINO, WILLIAMHILL;CALCIO | EUROPA - UEFA NATIONS LEAGUE | Serbia - Olanda | U/O INFO1 CARTELLINI | Over
T/T QUARTO INFO1;2;;;;NON_MAPPATO;famiglia non riconosciuta;119;107;DOMUSBET;BASKET | GIAPPONE - I DIVISIONE | Sun Rockers Shibuya - Chiba Jets Funabashi | T/T QUARTO INFO1 | 2
VINCENTE;Palmeiras;;;;NON_MAPPATO;famiglia non riconosciuta;119;117;360BET, ADMIRAL, BBET, DOMUSBET, MARATHON, SPORTBET, STANLEYBET, STARCASINO;CALCIO | AMERICA - COPPA LIBERTADORES | Copa Libertadores 2026 | VINCENTE | Palmeiras
1X/1X;SI;;;;NON_MAPPATO;famiglia non riconosciuta;118;104;DOMUSBET;CALCIO | EUROPA - EUROPA LEAGUE | Celtic - Ferencvaros | 1X/1X | SI
QUALIFICATO;SI;;;;NON_MAPPATO;famiglia non riconosciuta;118;58;ADMIRAL, DOMUSBET, MARATHON, SPORTBET, WILLIAMHILL;CALCIO | MONDO - MONDIALI | Mondiale 2026 Gruppo K | QUALIFICATO | SI
TEMPO CON PIU GOL;1;;;;NON_MAPPATO;famiglia non riconosciuta;118;35;BBET, DOMUSBET;CALCIO | ITALIA - I DIVISIONE | Lecce - Bologna FC | TEMPO CON PIU GOL | 1
12 + U/O INFO1;12 + OVER;;;;NON_MAPPATO;famiglia non riconosciuta;117;50;MARATHON, STARCASINO, WILLIAMHILL;CALCIO | EUROPA - UEFA NATIONS LEAGUE | Norvegia - Portogallo | 12 + U/O INFO1 | 12 + OVER
U/O PUNTI (INCL. OT);OVER;;;;NON_MAPPATO;famiglia non riconosciuta;117;47;MARATHON, SPORTBET;BASKET | ITALIA - I DIVISIONE | Maxima Roma - Napoli Basket | U/O PUNTI (INCL. OT) | OVER
12 TEMPO INFO1;12;;;;NON_MAPPATO;famiglia non riconosciuta;115;56;BBET, DOMUSBET, STANLEYBET, WILLIAMHILL;CALCIO | EUROPA - UEFA NATIONS LEAGUE | Romania - Bosnia-Erzegovina | 12 TEMPO INFO1 | 12
U/O INFO1 INTERVALLO (INFO2 - INFO3);OVER;;;;NON_MAPPATO;famiglia non riconosciuta;115;75;DOMUSBET;CALCIO | EUROPA - EUROPA LEAGUE | Viktoria Plzen - Union Saint Gilloise | U/O INFO1 INTERVALLO (INFO2 - INFO3) | OVER
12/X;SI;;;;NON_MAPPATO;famiglia non riconosciuta;114;46;DOMUSBET;CALCIO | FRANCIA - I DIVISIONE | Lione - Rennes | 12/X | SI
COMBO GG/NG 1°T/2°T;NG/GG;;;;NON_MAPPATO;famiglia non riconosciuta;114;46;DOMUSBET;CALCIO | EUROPA - EUROPA LEAGUE | Real Sociedad - Bournemouth | COMBO GG/NG 1°T/2°T | NG/GG
GIOC. INFO1 ESPULSO (INC.TS.);SI;;;;NON_MAPPATO;famiglia non riconosciuta;114;107;DOMUSBET;CALCIO | EUROPA - UEFA NATIONS LEAGUE | Inghilterra - Spagna | GIOC. INFO1 ESPULSO (INC.TS.) | SI
RIS.ESATTO MULTIPLO;1-0 2-0 3-0;;;;NON_MAPPATO;famiglia non riconosciuta;114;73;BBET, DOMUSBET, SPORTBET, STANLEYBET;CALCIO | EUROPA - UEFA NATIONS LEAGUE | Germania - Grecia | RIS.ESATTO MULTIPLO | 1-0 2-0 3-0
PASSAGGIO TURNO;2;;;;NON_MAPPATO;famiglia non riconosciuta;113;95;ADMIRAL, BBET, DOMUSBET, STARCASINO, WILLIAMHILL;CALCIO | MONDO - MONDIALI | Olanda - Marocco | PASSAGGIO TURNO | 2
PIAZZATO NEI;SI;;;;NON_MAPPATO;famiglia non riconosciuta;113;90;BBET, DOMUSBET, SPORTBET;CICLISMO | MONDIALI SU STRADA | Montreal 2026 - Corsa In Linea Maschile Elite | PIAZZATO NEI | SI
RIS.ESATTO MULTIPLO 1;0-1 0-2 1-2;;;;NON_MAPPATO;famiglia non riconosciuta;112;87;BBET, DOMUSBET, SPORTBET, STANLEYBET;CALCIO | EUROPA - UEFA NATIONS LEAGUE | Austria - Kosovo | RIS.ESATTO MULTIPLO 1 | 0-1 0-2 1-2
VINCENTE;Martin J.;;;;NON_MAPPATO;famiglia non riconosciuta;112;112;ADMIRAL, BBET, DOMUSBET, MARATHON, SPORTBET, STANLEYBET, STARCASINO, WILLIAMHILL;MOTOCICLISMO | MONDO - MOTOMONDIALE | Mondiale Motogp 2026 | VINCENTE | Martin J.
PARI/DISPARI TEMPO INFO1;PARI;;;;NON_MAPPATO;famiglia non riconosciuta;111;26;DOMUSBET;CALCIO | FRANCIA - I DIVISIONE | Marsiglia - PSG | PARI/DISPARI TEMPO INFO1 | PARI
U/O INFO1 GAMES GIOCATORE INFO2;UNDER;;;;NON_MAPPATO;famiglia non riconosciuta;111;101;DOMUSBET;TENNIS | COPPA DAVIS | Budkov Kjaer, Nicolai - Cui, Jie | U/O INFO1 GAMES GIOCATORE INFO2 | UNDER
U/O PUNTI (INCL. T.S.);OVER;;;;NON_MAPPATO;famiglia non riconosciuta;111;48;360BET, BBET, TOTOSI;BASKET | ITALIA - II DIVISIONE | Basket Torino - Basket Mestre 1958 | U/O PUNTI (INCL. T.S.) | OVER
RIS. ESATTO HT/FT;0-0 1-1;;;;NON_MAPPATO;famiglia non riconosciuta;110;59;DOMUSBET;CALCIO | ITALIA - I DIVISIONE | Juventus - Atalanta | RIS. ESATTO HT/FT | 0-0 1-1
RIS.ESATTO MULTIPLO 1;3-0 3-1 3-2;;;;NON_MAPPATO;famiglia non riconosciuta;110;72;BBET, DOMUSBET, SPORTBET, STANLEYBET;CALCIO | EUROPA - UEFA NATIONS LEAGUE | Germania - Grecia | RIS.ESATTO MULTIPLO 1 | 3-0 3-1 3-2
VINCENTE;Marquez M.;;;;NON_MAPPATO;famiglia non riconosciuta;110;110;ADMIRAL, BBET, DOMUSBET, MARATHON, SPORTBET, STANLEYBET, STARCASINO, TOTOSI, WILLIAMHILL;MOTOCICLISMO | MONDO - MOTOMONDIALE | Mondiale Motogp 2026 | VINCENTE | Marquez M.
RIS. ESATTO HT/FT;1-0 1-1;;;;NON_MAPPATO;famiglia non riconosciuta;109;58;BBET, DOMUSBET;CALCIO | EUROPA - UEFA NATIONS LEAGUE | Norvegia - Portogallo | RIS. ESATTO HT/FT | 1-0 1-1
U/O INFO1 QUARTO INFO2;UNDER;;;;NON_MAPPATO;famiglia non riconosciuta;109;87;DOMUSBET;BASKET | EUROPA - EUROLEGA | KK Crvena zvezda Belgrade - Zalgiris Kaunas | U/O INFO1 QUARTO INFO2 | UNDER
VINCENTE;Hamilton L.;;;;NON_MAPPATO;famiglia non riconosciuta;109;109;ADMIRAL, BBET, DOMUSBET, MARATHON, SPORTBET, STANLEYBET, STARCASINO, TOTOSI, WILLIAMHILL;AUTOMOBILISMO | MONDO - CAMPIONATO FORMULA 1 | Formula 1 Mondiale Piloti 2026 | VINCENTE | Hamilton L.
ALLENATORE INFO1 AMMONITO;SI;;;;NON_MAPPATO;famiglia non riconosciuta;108;105;DOMUSBET;CALCIO | SPAGNA - I DIVISIONE | Atletico Madrid - Real Madrid | ALLENATORE INFO1 AMMONITO | SI
RIS. ESATTO HT/FT;0-1 1-1;;;;NON_MAPPATO;famiglia non riconosciuta;107;56;DOMUSBET;CALCIO | ITALIA - I DIVISIONE | Juventus - Atalanta | RIS. ESATTO HT/FT | 0-1 1-1
U/O INFO1 CARTELLINI;OVER;;;;NON_MAPPATO;famiglia non riconosciuta;107;87;MARATHON, TOTOSI;CALCIO | EUROPA - UEFA NATIONS LEAGUE | Israele - Irlanda | U/O INFO1 CARTELLINI | OVER
MG INFO1-INFO2 1T + MG INFO3-INFO4 2T;Si;;;;NON_MAPPATO;famiglia non riconosciuta;106;35;STARCASINO;CALCIO | EUROPA - UEFA NATIONS LEAGUE | Germania - Grecia | MG INFO1-INFO2 1T + MG INFO3-INFO4 2T | Si
RIS. ESATTO INFO1°SET;0-6;;;;NON_MAPPATO;famiglia non riconosciuta;106;106;DOMUSBET;TENNIS | COPPA DAVIS | Neumayer, Lukas - Bergs, Zizou | RIS. ESATTO INFO1°SET | 0-6
UN INFO1 CASA + OV OSPITE INFO2;SI;;;;NON_MAPPATO;famiglia non riconosciuta;106;78;DOMUSBET;CALCIO | EUROPA - UEFA NATIONS LEAGUE | San Marino - Albania | UN INFO1 CASA + OV OSPITE INFO2 | SI
T/T INFO1 HANDICAP;1;;;;NON_MAPPATO;famiglia non riconosciuta;104;74;MARATHON, STARCASINO;BASKET | EUROPA - EUROLEGA | Valencia - Baskonia Vitoria | T/T INFO1 HANDICAP | 1
TEMPO CON PIÙ GOAL;2;;;;NON_MAPPATO;famiglia non riconosciuta;104;30;MARATHON, STARCASINO, WILLIAMHILL;CALCIO | ITALIA - III DIVISIONE | Perugia - AC Reggiana 1919 | TEMPO CON PIÙ GOAL | 2
VINCENTE;Khvicha Kvaratskhelia;;;;NON_MAPPATO;famiglia non riconosciuta;104;104;360BET, ADMIRAL, BBET, DOMUSBET, MARATHON, SPORTBET, STANLEYBET, STARCASINO, WILLIAMHILL;CALCIO | PALLONE D'ORO FIFA | Pallone D oro 2026 | VINCENTE | Khvicha Kvaratskhelia
INFO1 MARCATORE XXL;Si;;;;NON_MAPPATO;famiglia non riconosciuta;103;41;STARCASINO;CALCIO | EUROPA - UEFA NATIONS LEAGUE | Norvegia - Portogallo | INFO1 MARCATORE XXL | Si
U/O INFO1;OVER;OVER;;;NON_MAPPATO;famiglia non riconosciuta;103;61;DOMUSBET;CALCIO | EGITTO - I DIVISIONE | El Gouna - Suez Petrojet | U/O INFO1 | OVER
MARCATORE (INC.TS.) INFO1;SI;;;;NON_MAPPATO;famiglia non riconosciuta;102;34;360BET, BBET, TOTOSI;CALCIO | EUROPA - UEFA NATIONS LEAGUE | Norvegia - Portogallo | MARCATORE (INC.TS.) INFO1 | SI
MG CASA + MG OSPITE;SI;;;;NON_MAPPATO;famiglia non riconosciuta;102;42;WILLIAMHILL;CALCIO | EUROPA - UEFA NATIONS LEAGUE | Germania - Grecia | MG CASA + MG OSPITE | SI
RIS. ESATTO INFO1°SET;1-6;;;;NON_MAPPATO;famiglia non riconosciuta;102;101;DOMUSBET;TENNIS | COPPA DAVIS | Neumayer, Lukas - Bergs, Zizou | RIS. ESATTO INFO1°SET | 1-6
U/O INFO1 CORNER NEI MINUTI INFO2 - INFO3;OVER;;;;NON_MAPPATO;famiglia non riconosciuta;102;30;DOMUSBET, SPORTBET;CALCIO | ITALIA - I DIVISIONE | Monza - Sassuolo | U/O INFO1 CORNER NEI MINUTI INFO2 - INFO3 | OVER
VINCENTE;PHI 76ers;;;;NON_MAPPATO;famiglia non riconosciuta;102;102;360BET, ADMIRAL, BBET, DOMUSBET, MARATHON, SPORTBET, STARCASINO, WILLIAMHILL;BASKET | USA - NBA | NBA 2026/27 Atlantic Division | VINCENTE | PHI 76ers
RIS.ESATTO MULTIPLO 2;1-1 2-1;;;;NON_MAPPATO;famiglia non riconosciuta;101;73;BBET, DOMUSBET, SPORTBET, STANLEYBET, TOTOSI;CALCIO | EUROPA - UEFA NATIONS LEAGUE | Austria - Kosovo | RIS.ESATTO MULTIPLO 2 | 1-1 2-1
SOMMA GOL OSPITE;>2;;;;NON_MAPPATO;famiglia non riconosciuta;101;88;DOMUSBET;CALCIO | EUROPA - UEFA NATIONS LEAGUE | Liechtenstein - Lituania | SOMMA GOL OSPITE | >2
SQUADRA INFO1 VINCE O VA IN VANTAGGIO DI INFO3 GOAL NELLA PARTITA;Si;;;;NON_MAPPATO;famiglia non riconosciuta;101;41;STARCASINO;CALCIO | EUROPA - UEFA NATIONS LEAGUE | Norvegia - Portogallo | SQUADRA INFO1 VINCE O VA IN VANTAGGIO DI INFO3 GOAL NELLA PARTITA | Si
1X+U/O INFO1 INFO2°T;1X + UN;;;;NON_MAPPATO;famiglia non riconosciuta;100;29;DOMUSBET;CALCIO | BRASILE - II DIVISIONE | Cuiaba MT - Nautico PE | 1X+U/O INFO1 INFO2°T | 1X + UN
MINUTO ULTIMO GOL;61 - 75;;;;NON_MAPPATO;famiglia non riconosciuta;100;20;DOMUSBET;CALCIO | OLANDA - COPPA | GVVV Veenendaal - SV Dvs 33 Ermelo | MINUTO ULTIMO GOL | 61 - 75
PARZIALE/FINALE;X-2;;;;NON_MAPPATO;famiglia non riconosciuta;100;77;BBET, MARATHON, SPORTBET, STANLEYBET, STARCASINO, TOTOSI, WILLIAMHILL;CALCIO | EUROPA - CHAMPIONS LEAGUE | Sabah Masazir - Slavia Praga | PARZIALE/FINALE | X-2
RIGORE;NO;;;;NON_MAPPATO;famiglia non riconosciuta;100;18;DOMUSBET, MARATHON, SPORTBET, WILLIAMHILL;CALCIO | ITALIA - I DIVISIONE | Roma - Inter | RIGORE | NO
X O OVER INFO1 O GG;SI;;;;NON_MAPPATO;famiglia non riconosciuta;100;24;MARATHON, WILLIAMHILL;CALCIO | ITALIA - III DIVISIONE | Foggia - Sorrento | X O OVER INFO1 O GG | SI
PARZIALE/FINALE;1-X;;;;NON_MAPPATO;famiglia non riconosciuta;99;55;BBET, MARATHON, SPORTBET, STANLEYBET, STARCASINO, WILLIAMHILL;CALCIO | ITALIA - I DIVISIONE | Genoa - Fiorentina | PARZIALE/FINALE | 1-X
RIS.ESATTO MULTIPLO 1;0-0 1-1;;;;NON_MAPPATO;famiglia non riconosciuta;99;40;DOMUSBET, SPORTBET, STANLEYBET;CALCIO | EUROPA - UEFA NATIONS LEAGUE | Israele - Irlanda | RIS.ESATTO MULTIPLO 1 | 0-0 1-1
VINCENTE;Ferrari;;;;NON_MAPPATO;famiglia non riconosciuta;99;99;360BET, ADMIRAL, BBET, DOMUSBET, MARATHON, SPORTBET, STANLEYBET, STARCASINO, TOTOSI, WILLIAMHILL;AUTOMOBILISMO | MONDO - CAMPIONATO FORMULA 1 | Formula 1 Mondiale Costruttori 2026 | VINCENTE | Ferrari
UNDER/OVER INFO1 CORNER SQUADRA  INFO2;OVER;;;;NON_MAPPATO;famiglia non riconosciuta;98;68;SPORTBET;CALCIO | EUROPA - UEFA NATIONS LEAGUE | Austria - Kosovo | UNDER/OVER INFO1 CORNER SQUADRA INFO2 | OVER
U/O INFO2 ASSIST INFO1 INCL. T.S.;OVER;;;;NON_MAPPATO;famiglia non riconosciuta;97;90;DOMUSBET;BASKET | USA - WNBA | Las Vegas Aces - Indiana Fever | U/O INFO2 ASSIST INFO1 INCL. T.S. | OVER
OSPITE SEGNA;Si;;;;NON_MAPPATO;famiglia non riconosciuta;96;58;STARCASINO;CALCIO | ITALIA - III DIVISIONE | Renate - Treviso | OSPITE SEGNA | Si
VINCENTE;Union Brescia;;;;NON_MAPPATO;famiglia non riconosciuta;95;95;ADMIRAL, BBET, DOMUSBET, MARATHON, SPORTBET, STANLEYBET, STARCASINO, WILLIAMHILL;CALCIO | ITALIA - III DIVISIONE | Serie C - Girone A | VINCENTE | Union Brescia
PARZ/FIN+UN/OV INFO1;2/2+OVER;;;;NON_MAPPATO;famiglia non riconosciuta;94;72;DOMUSBET;CALCIO | EUROPA - UEFA NATIONS LEAGUE | San Marino - Finlandia | PARZ/FIN+UN/OV INFO1 | 2/2+OVER
VINCENTE;AEK Atene;;;;NON_MAPPATO;famiglia non riconosciuta;94;94;ADMIRAL, DOMUSBET, SPORTBET, STANLEYBET, STARCASINO, WILLIAMHILL;CALCIO | GRECIA - I DIVISIONE | Super League 1 2026/27 | VINCENTE | AEK Atene
OVER INFO1 CASA + OVER INFO2 OSPITE;SI;;;;NON_MAPPATO;famiglia non riconosciuta;93;34;360BET, BBET, MARATHON, SPORTBET, STANLEYBET, TOTOSI, WILLIAMHILL;CALCIO | ITALIA - III DIVISIONE | Scafatese - Altamura | OVER INFO1 CASA + OVER INFO2 OSPITE | SI
T/T INFO1 HANDICAP;2;;;;NON_MAPPATO;famiglia non riconosciuta;92;57;MARATHON, STARCASINO;BASKET | ITALIA - II DIVISIONE | Libertas Livorno - AS Pistoia Basket 2000 | T/T INFO1 HANDICAP | 2
VINCENTE;Shamrock Rovers;;;;NON_MAPPATO;famiglia non riconosciuta;91;91;ADMIRAL, BBET, DOMUSBET, MARATHON, SPORTBET, STANLEYBET, STARCASINO, WILLIAMHILL;CALCIO | IRLANDA - I DIVISIONE | Premier Division 2026 | VINCENTE | Shamrock Rovers
VINCENTE;Sirius;;;;NON_MAPPATO;famiglia non riconosciuta;91;91;ADMIRAL, BBET, DOMUSBET, MARATHON, SPORTBET, STANLEYBET, STARCASINO, WILLIAMHILL;CALCIO | SVEZIA - I DIVISIONE | Allsvenskanliga 2026 | VINCENTE | Sirius
VINCENTE;Fiorentina;;;;NON_MAPPATO;famiglia non riconosciuta;90;90;360BET, ADMIRAL, BBET, DOMUSBET, MARATHON, SPORTBET, STANLEYBET, STARCASINO, WILLIAMHILL;CALCIO | ITALIA - COPPA | Coppa Italia 2026/2027 | VINCENTE | Fiorentina
U/O INFO1 CARTELLINI;Under;;;;NON_MAPPATO;famiglia non riconosciuta;89;54;STARCASINO, WILLIAMHILL;CALCIO | EUROPA - UEFA NATIONS LEAGUE | Lettonia - Cipro | U/O INFO1 CARTELLINI | Under
U/O INFO1 CORNER SQUADRA INFO2 T.R.;OVER;;;;NON_MAPPATO;famiglia non riconosciuta;89;61;360BET, BBET, MARATHON, TOTOSI;CALCIO | EUROPA - UEFA NATIONS LEAGUE | Danimarca - Galles | U/O INFO1 CORNER SQUADRA INFO2 T.R. | OVER
U/O INFO1 SQUADRA INFO2 INFO3°T;UNDER;;;;NON_MAPPATO;famiglia non riconosciuta;89;77;DOMUSBET;CALCIO | NORVEGIA - IV DIVISIONE | SK Brann 2 - Fyllingsdalen | U/O INFO1 SQUADRA INFO2 INFO3°T | UNDER
RIS. ESATTO INFO1°SET;2-6;;;;NON_MAPPATO;famiglia non riconosciuta;88;87;DOMUSBET;TENNIS | LAVER CUP | Cobolli, Flavio - Tien, Learner | RIS. ESATTO INFO1°SET | 2-6
RIS. ESATTO INFO1°SET;6-1;;;;NON_MAPPATO;famiglia non riconosciuta;88;87;DOMUSBET;TENNIS | TORNEO DI HANGZHOU | Safiullin, Roman - Bu, Yunchaokete | RIS. ESATTO INFO1°SET | 6-1
GG/NG TEMPO INFO1;NO GOAL;;;;NON_MAPPATO;famiglia non riconosciuta;86;50;BBET, DOMUSBET;CALCIO | EUROPA - CHAMPIONS LEAGUE | Viking FK - Bayern Monaco | GG/NG TEMPO INFO1 | NO GOAL
OSPITE VINCE A 0;NO;;;;NON_MAPPATO;famiglia non riconosciuta;86;56;360BET, BBET, DOMUSBET, MARATHON, SPORTBET, STANLEYBET;CALCIO | EUROPA - UEFA NATIONS LEAGUE | Germania - Grecia | OSPITE VINCE A 0 | NO
T/T HANDICAP;1;;;;NON_MAPPATO;famiglia non riconosciuta;86;67;360BET, BBET, SPORTBET, TOTOSI, WILLIAMHILL;BASKET | REPUBBLICA CECA - II DIVISIONE | Gba Fruko-Schulz Jindrichuv Hradec - Valecnici Decin | T/T HANDICAP | 1
U/O CARTELLINI INCONTRO;OVER;;;;NON_MAPPATO;famiglia non riconosciuta;86;49;360BET, SPORTBET, STANLEYBET;CALCIO | EUROPA - UEFA NATIONS LEAGUE | Serbia - Olanda | U/O CARTELLINI INCONTRO | OVER
U/O INFO1 TIRI TOTALI INCL TS;Over;;;;NON_MAPPATO;famiglia non riconosciuta;86;54;STARCASINO;CALCIO | EUROPA - UEFA NATIONS LEAGUE | Serbia - Olanda | U/O INFO1 TIRI TOTALI INCL TS | Over
DC IN;1X;;;;NON_MAPPATO;famiglia non riconosciuta;85;14;DOMUSBET, SPORTBET, STANLEYBET;HOCKEY GHIACCIO | ASIA - AHL | Tohoku Free Blades - Stars Kobe | DC IN | 1X
GIOCATORE INFO1 SEGNA+MULTIESITO;GOL + 1-0/2-0/2-1;;;;NON_MAPPATO;famiglia non riconosciuta;84;72;DOMUSBET;CALCIO | ITALIA - I DIVISIONE | Roma - Inter | GIOCATORE INFO1 SEGNA+MULTIESITO | GOL + 1-0/2-0/2-1
TOTALE SET;3;;;;NON_MAPPATO;famiglia non riconosciuta;84;45;DOMUSBET, MARATHON, STARCASINO, WILLIAMHILL;TENNIS | COPPA DAVIS | Mensik, Jakub - Tien, Learner | TOTALE SET | 3
U/O INFO1 CORNER SQUADRA INFO2;UNDER;;;;NON_MAPPATO;famiglia non riconosciuta;84;63;DOMUSBET, STANLEYBET;CALCIO | EUROPA - UEFA NATIONS LEAGUE | Inghilterra - Spagna | U/O INFO1 CORNER SQUADRA INFO2 | UNDER
HANDICAP INFO1 GAMES INFO2°SET;1;;;;NON_MAPPATO;famiglia non riconosciuta;83;78;DOMUSBET;TENNIS | TORNEO DI HANGZHOU | Hijikata, Rinky - Rublev, Andrey | HANDICAP INFO1 GAMES INFO2°SET | 1
METODO DEL INFO1° GOL T.R;RIGORE;;;;NON_MAPPATO;famiglia non riconosciuta;83;61;DOMUSBET;CALCIO | EUROPA - UEFA NATIONS LEAGUE | Polonia - Bosnia-Erzegovina | METODO DEL INFO1° GOL T.R | RIGORE
U/O INFO2 RIMBALZI INFO1 INCL. T.S.;OVER;;;;NON_MAPPATO;famiglia non riconosciuta;83;73;DOMUSBET;BASKET | USA - WNBA | Los Angeles Sparks - Portland Fire | U/O INFO2 RIMBALZI INFO1 INCL. T.S. | OVER
GIOCATORE INFO1 SEGNA+RIS.ESATTO;Segna & 0-2;;;;NON_MAPPATO;famiglia non riconosciuta;81;81;DOMUSBET;CALCIO | FRANCIA - I DIVISIONE | Marsiglia - PSG | GIOCATORE INFO1 SEGNA+RIS.ESATTO | Segna & 0-2
RIS. ESATTO INFO1°SET;3-6;;;;NON_MAPPATO;famiglia non riconosciuta;81;81;DOMUSBET;TENNIS | TORNEO DI CHENGDU | Brooksby, Jenson - Sonego, Lorenzo | RIS. ESATTO INFO1°SET | 3-6
U/O INFO1 ASSIST INFO2;OVER;;;;NON_MAPPATO;famiglia non riconosciuta;81;80;MARATHON;BASKET | ITALIA - I DIVISIONE | Maxima Roma - Napoli Basket | U/O INFO1 ASSIST INFO2 | OVER
U/O TIRI TOTALI TEAM1 INCL.TS;OVER;;;;NON_MAPPATO;famiglia non riconosciuta;81;64;BBET, MARATHON, SPORTBET, STANLEYBET;CALCIO | EUROPA - UEFA NATIONS LEAGUE | Norvegia - Portogallo | U/O TIRI TOTALI TEAM1 INCL.TS | OVER
CASA SEGNA - 1°T;SI;;;;NON_MAPPATO;famiglia non riconosciuta;80;77;MARATHON, WILLIAMHILL;CALCIO | EUROPA - UEFA NATIONS LEAGUE | Albania - Bielorussia | CASA SEGNA - 1°T | SI
OV 1°T + OV 2°T;Si;;;;NON_MAPPATO;famiglia non riconosciuta;80;24;STARCASINO;CALCIO | EUROPA - UEFA NATIONS LEAGUE | Norvegia - Portogallo | OV 1°T + OV 2°T | Si
X ALMENO UN TEMPO;NO;;;;NON_MAPPATO;famiglia non riconosciuta;80;40;BBET, DOMUSBET;CALCIO | ITALIA - III DIVISIONE | Scafatese - Altamura | X ALMENO UN TEMPO | NO
U/O INFO1 TIRI IN PORTA SQ. INFO2 INC TS;OVER;;;;NON_MAPPATO;famiglia non riconosciuta;79;78;DOMUSBET;CALCIO | ITALIA - I DIVISIONE | Frosinone - Como | U/O INFO1 TIRI IN PORTA SQ. INFO2 INC TS | OVER
VINCENTE;Atalanta;;;;NON_MAPPATO;famiglia non riconosciuta;79;75;ADMIRAL, BBET, DOMUSBET, MARATHON, SPORTBET, STANLEYBET, STARCASINO, WILLIAMHILL;CALCIO | ITALIA - I DIVISIONE | Serie A 2026/27 | VINCENTE | Atalanta
VINCENTE;Benfica;;;;NON_MAPPATO;famiglia non riconosciuta;79;79;ADMIRAL, BBET, DOMUSBET, MARATHON, SPORTBET, STANLEYBET, STARCASINO, WILLIAMHILL;CALCIO | PORTOGALLO - I DIVISIONE | Primera Liga 2026/27 | VINCENTE | Benfica
VINCENTE;FC Salisburgo;;;;NON_MAPPATO;famiglia non riconosciuta;79;79;ADMIRAL, BBET, DOMUSBET, MARATHON, SPORTBET, STANLEYBET, STARCASINO, WILLIAMHILL;CALCIO | AUSTRIA - I DIVISIONE | Bundesliga (AUT) 2026/27 | VINCENTE | FC Salisburgo
FASCIA 15 MINUTI 1°GOL;0 - 15;;;;NON_MAPPATO;famiglia non riconosciuta;78;31;DOMUSBET, SPORTBET, STANLEYBET, STARCASINO;CALCIO | SPAGNA - I DIVISIONE | Real Betis - Getafe | FASCIA 15 MINUTI 1°GOL | 0 - 15
PARI/DISPARI CASA;PARI;;;;NON_MAPPATO;famiglia non riconosciuta;78;49;DOMUSBET;CALCIO | RUSSIA - I DIVISIONE | FC Dynamo-Makhachkala - CSKA Mosca | PARI/DISPARI CASA | PARI
PARZIALE/FINALE;2-1;;;;NON_MAPPATO;famiglia non riconosciuta;78;44;BBET, MARATHON, SPORTBET, STANLEYBET, STARCASINO, TOTOSI, WILLIAMHILL;CALCIO | ITALIA - I DIVISIONE | Inter - Parma Calcio | PARZIALE/FINALE | 2-1
VINCENTE;Slovan Bratislava;;;;NON_MAPPATO;famiglia non riconosciuta;78;78;ADMIRAL, BBET, DOMUSBET, MARATHON, SPORTBET, STANLEYBET, STARCASINO, WILLIAMHILL;CALCIO | SLOVACCHIA - COPPA | Coppa Di Slovacchia 2026/2027 | VINCENTE | Slovan Bratislava
U/O + GG/NG;NG+UN;;;;NON_MAPPATO;famiglia non riconosciuta;76;37;BBET, DOMUSBET, SPORTBET, STANLEYBET;CALCIO | EUROPA - UEFA NATIONS LEAGUE | Gibilterra - Andorra | U/O + GG/NG | NG+UN
1X+GG/NG INFO1°T;1X + GG;;;;NON_MAPPATO;famiglia non riconosciuta;75;30;DOMUSBET;CALCIO | EUROPA - EUROPA LEAGUE | Anderlecht - Lione | 1X+GG/NG INFO1°T | 1X + GG
GIOCATORE X O SUO SOSTITUTO ALMENO UN CARTELLINO OPPURE IN TOTALE ALMENO Y FALLI COMMESSI;SI;;;;NON_MAPPATO;famiglia non riconosciuta;75;18;BBET, SPORTBET;CALCIO | EUROPA - UEFA NATIONS LEAGUE | Serbia - Olanda | GIOCATORE X O SUO SOSTITUTO ALMENO UN CARTELLINO OPPURE IN TOTALE ALMENO Y FALLI COMMESSI | SI
RIS. ESATTO HT/FT;1-1 1-2;;;;NON_MAPPATO;famiglia non riconosciuta;75;63;BBET, DOMUSBET;CALCIO | EUROPA - UEFA NATIONS LEAGUE | Germania - Grecia | RIS. ESATTO HT/FT | 1-1 1-2
G2 VINCE ALMENO 1 SET;NO;;;;NON_MAPPATO;famiglia non riconosciuta;74;73;DOMUSBET, MARATHON;TENNIS | TORNEO DI SEOUL | Korneeva, Alina - Astakhova, Darya | G2 VINCE ALMENO 1 SET | NO
PIAZZATO NEI PRIMI X;SI;;;;NON_MAPPATO;famiglia non riconosciuta;74;52;STANLEYBET, WILLIAMHILL;CALCIO | ITALIA - I DIVISIONE | Serie A 2026/27 | PIAZZATO NEI PRIMI X | SI
U/O INFO1 PUNTI COMPRESI EXTRA INNING;OVER;;;;NON_MAPPATO;famiglia non riconosciuta;74;9;MARATHON;BASEBALL | AMERICA - MAJOR LEAGUE | Athletics - Houston Astros | U/O INFO1 PUNTI COMPRESI EXTRA INNING | OVER
U/O TIRI TOTALI TEAM2 INCL.TS;OVER;;;;NON_MAPPATO;famiglia non riconosciuta;74;66;BBET, MARATHON, SPORTBET, STANLEYBET;CALCIO | EUROPA - UEFA NATIONS LEAGUE | Serbia - Olanda | U/O TIRI TOTALI TEAM2 INCL.TS | OVER
VINCENTE;Viking;;;;NON_MAPPATO;famiglia non riconosciuta;74;74;ADMIRAL, BBET, DOMUSBET, MARATHON, SPORTBET, STANLEYBET, STARCASINO;CALCIO | NORVEGIA - I DIVISIONE | Eliteserien 2026 | VINCENTE | Viking
HANDICAP INFO1 GAMES INFO2°SET;2;;;;NON_MAPPATO;famiglia non riconosciuta;73;71;DOMUSBET;TENNIS | CHALLENGER DI USA | Legout, Timo - Nakashima, Bryce Nakashima | HANDICAP INFO1 GAMES INFO2°SET | 2
MULTIGOL 2°T;SI;;;;NON_MAPPATO;famiglia non riconosciuta;73;33;BBET, SPORTBET, STANLEYBET, TOTOSI;CALCIO | EUROPA - UEFA NATIONS LEAGUE | Serbia - Olanda | MULTIGOL 2°T | SI
OSPITE U/O INFO1 1°T + INFO2 2°T;OV + OV;;;;NON_MAPPATO;famiglia non riconosciuta;73;50;DOMUSBET;CALCIO | NORVEGIA - COPPA | Vindbjart FK - Start | OSPITE U/O INFO1 1°T + INFO2 2°T | OV + OV
RIS. ESATTO HT/FT;1-0 1-0;;;;NON_MAPPATO;famiglia non riconosciuta;73;58;DOMUSBET;CALCIO | GERMANIA - I DIVISIONE | Werder Brema - Augsburg | RIS. ESATTO HT/FT | 1-0 1-0
1X/12;SI;;;;NON_MAPPATO;famiglia non riconosciuta;72;39;DOMUSBET;CALCIO | ITALIA - I DIVISIONE | Udinese - Cagliari | 1X/12 | SI
RIS. ESATTO INFO1°SET;6-3;;;;NON_MAPPATO;famiglia non riconosciuta;72;72;DOMUSBET;TENNIS | TORNEO DI HANGZHOU | Jacquet, Kyrian - Etcheverry, Tomas Martin | RIS. ESATTO INFO1°SET | 6-3
GIOCATORE O SUO SOSTITUTO CARTELLINO ANCHE IN PANCHINA E DOPO FISCHIO FINALE;SI;;;;NON_MAPPATO;famiglia non riconosciuta;71;23;STANLEYBET;CALCIO | EUROPA - UEFA NATIONS LEAGUE | Serbia - Olanda | GIOCATORE O SUO SOSTITUTO CARTELLINO ANCHE IN PANCHINA E DOPO FISCHIO FINALE | SI
QUARTO CON PIÙ PUNTI;4^ QUARTO;;;;NON_MAPPATO;famiglia non riconosciuta;71;7;STARCASINO, WILLIAMHILL;BASKET | FRANCIA - I DIVISIONE | Cholet Basket - Asvel Lyon Villeurbanne | QUARTO CON PIÙ PUNTI | 4^ QUARTO
RIS. ESATTO HT/FT;1-1 2-1;;;;NON_MAPPATO;famiglia non riconosciuta;71;59;DOMUSBET;CALCIO | EUROPA - UEFA NATIONS LEAGUE | Italia - Belgio | RIS. ESATTO HT/FT | 1-1 2-1
U/O TIRI TOTALI INCL.TS;OVER;;;;NON_MAPPATO;famiglia non riconosciuta;71;57;BBET, SPORTBET, STANLEYBET;CALCIO | EUROPA - UEFA NATIONS LEAGUE | Danimarca - Galles | U/O TIRI TOTALI INCL.TS | OVER
GARA A INFO1 CORNER;Giocatore 1;;;;NON_MAPPATO;famiglia non riconosciuta;70;52;DOMUSBET;CALCIO | GERMANIA - I DIVISIONE | Werder Brema - Augsburg | GARA A INFO1 CORNER | Giocatore 1
PARI/DISPARI;DISPARI;;;;NON_MAPPATO;famiglia non riconosciuta;70;32;BBET, DOMUSBET, MARATHON, SPORTBET, STANLEYBET, TOTOSI;CALCIO | ITALIA - III DIVISIONE | Carpi - Arzignano Valchiampo | PARI/DISPARI | DISPARI
RIS. ESATTO INFO1°SET;6-2;;;;NON_MAPPATO;famiglia non riconosciuta;70;69;DOMUSBET;TENNIS | TORNEO DI HANGZHOU | Safiullin, Roman - Bu, Yunchaokete | RIS. ESATTO INFO1°SET | 6-2
RIS.ESATTO MULTIPLO 2;3-1 3-2 2-2;;;;NON_MAPPATO;famiglia non riconosciuta;70;45;BBET, DOMUSBET, SPORTBET, STANLEYBET;CALCIO | EUROPA - UEFA NATIONS LEAGUE | Gibilterra - Andorra | RIS.ESATTO MULTIPLO 2 | 3-1 3-2 2-2
VINCENTE;St Etienne;;;;NON_MAPPATO;famiglia non riconosciuta;70;70;ADMIRAL, BBET, DOMUSBET, SPORTBET, STANLEYBET, STARCASINO, WILLIAMHILL;CALCIO | FRANCIA - II DIVISIONE | Ligue 2 2026/27 | VINCENTE | St Etienne
PARZIALE/FINALE;2-2;;;;NON_MAPPATO;famiglia non riconosciuta;69;57;BBET, DOMUSBET, MARATHON, SPORTBET, STANLEYBET, STARCASINO, TOTOSI, WILLIAMHILL;CALCIO | EUROPA - CHAMPIONS LEAGUE | Slovan Bratislava - Stoccarda | PARZIALE/FINALE | 2-2
PARZIALE/FINALE;X-X;;;;NON_MAPPATO;famiglia non riconosciuta;69;44;BBET, MARATHON, SPORTBET, STANLEYBET, STARCASINO, WILLIAMHILL;CALCIO | ITALIA - I DIVISIONE | Genoa - Fiorentina | PARZIALE/FINALE | X-X
RIS. ESATTO HT/FT;0-1 0-1;;;;NON_MAPPATO;famiglia non riconosciuta;69;57;DOMUSBET;CALCIO | GERMANIA - I DIVISIONE | Werder Brema - Augsburg | RIS. ESATTO HT/FT | 0-1 0-1
U/O INFO1 TEMPO INFO2;UNDER;;;;NON_MAPPATO;famiglia non riconosciuta;69;57;360BET, BBET, STANLEYBET, TOTOSI;CALCIO | EUROPA - UEFA NATIONS LEAGUE | Danimarca - Galles | U/O INFO1 TEMPO INFO2 | UNDER
U/O INFO1 TIRI TOTALI SQUADRA 2 INCL.TS;UNDER;;;;NON_MAPPATO;famiglia non riconosciuta;69;69;DOMUSBET;CALCIO | EUROPA - EUROPA LEAGUE | FC Ararat-Armenia - Sparta Praga | U/O INFO1 TIRI TOTALI SQUADRA 2 INCL.TS | UNDER
U/O PARATE TEAM INCL.TS;OVER;;;;NON_MAPPATO;famiglia non riconosciuta;69;52;BBET, SPORTBET;CALCIO | EUROPA - UEFA NATIONS LEAGUE | Serbia - Olanda | U/O PARATE TEAM INCL.TS | OVER
VINCENTE;Midtjylland;;;;NON_MAPPATO;famiglia non riconosciuta;69;69;ADMIRAL, DOMUSBET, MARATHON, SPORTBET, STANLEYBET, STARCASINO;CALCIO | DANIMARCA - I DIVISIONE | Superligaen 2026/27 | VINCENTE | Midtjylland
RIS. ESATTO HT/FT;1-0 2-1;;;;NON_MAPPATO;famiglia non riconosciuta;68;54;DOMUSBET;CALCIO | EUROPA - EUROPA LEAGUE | Juventus - NEC Nimega | RIS. ESATTO HT/FT | 1-0 2-1
RIS.ESATTO MULTIPLO 4;4-0 4-1 4-2 4-3;;;;NON_MAPPATO;famiglia non riconosciuta;68;56;BBET, DOMUSBET, SPORTBET, STANLEYBET;CALCIO | EUROPA - UEFA NATIONS LEAGUE | Germania - Grecia | RIS.ESATTO MULTIPLO 4 | 4-0 4-1 4-2 4-3
U/O CARTELLINI CASA INFO1+OSPITE INFO2;UNDER+UNDER;;;;NON_MAPPATO;famiglia non riconosciuta;68;27;DOMUSBET;CALCIO | EUROPA - UEFA NATIONS LEAGUE | Kosovo - Irlanda | U/O CARTELLINI CASA INFO1+OSPITE INFO2 | UNDER+UNDER
VINCENTE;Stella Rossa;;;;NON_MAPPATO;famiglia non riconosciuta;68;68;ADMIRAL, BBET, DOMUSBET, MARATHON, SPORTBET, STANLEYBET, STARCASINO, WILLIAMHILL;CALCIO | SERBIA - I DIVISIONE | Super Liga 2026/27 | VINCENTE | Stella Rossa
X2 + GG/NG;X2 + NG;;;;NON_MAPPATO;famiglia non riconosciuta;68;60;DOMUSBET;CALCIO | ITALIA - III DIVISIONE | AlbinoLeffe - Alcione Milano | X2 + GG/NG | X2 + NG
GIOCATORE INFO1 SEGNA+RIS.ESATTO;Segna & 1-1;;;;NON_MAPPATO;famiglia non riconosciuta;67;66;DOMUSBET;CALCIO | ITALIA - I DIVISIONE | Venezia - Lazio | GIOCATORE INFO1 SEGNA+RIS.ESATTO | Segna & 1-1
PARZIALE/FINALE;1-2;;;;NON_MAPPATO;famiglia non riconosciuta;67;38;BBET, MARATHON, SPORTBET, STANLEYBET, STARCASINO, WILLIAMHILL;CALCIO | EUROPA - UEFA NATIONS LEAGUE | Lituania - Azerbaigian | PARZIALE/FINALE | 1-2
VINCENTE;Fenerbahce;;;;NON_MAPPATO;famiglia non riconosciuta;67;67;ADMIRAL, BBET, DOMUSBET, MARATHON, SPORTBET, STANLEYBET, STARCASINO, WILLIAMHILL;BASKET | TURCHIA - I DIVISIONE | Turchia TBSL 25/26 | VINCENTE | Fenerbahce
CASA SEGNA ENTRAMBI TEMPI;SI;;;;NON_MAPPATO;famiglia non riconosciuta;66;34;SPORTBET;CALCIO | EUROPA - UEFA NATIONS LEAGUE | Danimarca - Galles | CASA SEGNA ENTRAMBI TEMPI | SI
FASCIA 15 MINUTI 1°GOL;16 - 30;;;;NON_MAPPATO;famiglia non riconosciuta;66;15;DOMUSBET;CALCIO | INGHILTERRA - COPPA | Manchester City - Norwich | FASCIA 15 MINUTI 1°GOL | 16 - 30
U/O INFO1 PUNTI INFO2 TEMPO;UNDER;;;;NON_MAPPATO;famiglia non riconosciuta;66;10;DOMUSBET;BASKET | EL SALVADOR - I DIVISIONE | Salvadorenos BC - CB Cojute | U/O INFO1 PUNTI INFO2 TEMPO | UNDER
VINCENTE;IFK Norrkoping;;;;NON_MAPPATO;famiglia non riconosciuta;66;66;ADMIRAL, DOMUSBET, SPORTBET, STANLEYBET, STARCASINO, WILLIAMHILL;CALCIO | SVEZIA - II DIVISIONE | Superettan 2026 | VINCENTE | IFK Norrkoping
VINCENTE;Young Boys;;;;NON_MAPPATO;famiglia non riconosciuta;66;66;ADMIRAL, BBET, DOMUSBET, MARATHON, SPORTBET, STANLEYBET, STARCASINO, WILLIAMHILL;CALCIO | SVIZZERA - I DIVISIONE | Super League 2026/27 | VINCENTE | Young Boys
X2 + MULTIGOAL INFO1-INFO2;X2+ MULTIGOAL;;;;NON_MAPPATO;famiglia non riconosciuta;66;61;MARATHON, STARCASINO;CALCIO | EUROPA - UEFA NATIONS LEAGUE | Serbia - Olanda | X2 + MULTIGOAL INFO1-INFO2 | X2+ MULTIGOAL
ENTRAMBE LE AUTO INFO1 PIAZZATE TRA I PRIMI INFO3;SI;;;;NON_MAPPATO;famiglia non riconosciuta;65;65;DOMUSBET;AUTOMOBILISMO | MONDO - CAMPIONATO FORMULA 1 | GP Baku GARA | ENTRAMBE LE AUTO INFO1 PIAZZATE TRA I PRIMI INFO3 | SI
GIOC. INFO1 TRIPLETTA (INC.TS.);SI;;;;NON_MAPPATO;famiglia non riconosciuta;65;61;DOMUSBET;CALCIO | USA - I DIVISIONE | Inter Miami - San Diego FC | GIOC. INFO1 TRIPLETTA (INC.TS.) | SI
SQUADRA X VINCE O VA IN VANTAGGIO DI INFO1 GOAL;SI;;;;NON_MAPPATO;famiglia non riconosciuta;65;36;SPORTBET;CALCIO | EUROPA - UEFA NATIONS LEAGUE | Serbia - Olanda | SQUADRA X VINCE O VA IN VANTAGGIO DI INFO1 GOAL | SI
U/O + GG/NG;GG+UN;;;;NON_MAPPATO;famiglia non riconosciuta;65;38;BBET, DOMUSBET, SPORTBET, STANLEYBET;CALCIO | EUROPA - UEFA NATIONS LEAGUE | Norvegia - Portogallo | U/O + GG/NG | GG+UN
U/O PUNTI GIOCATORE INCL T.S.;OVER;;;;NON_MAPPATO;famiglia non riconosciuta;65;40;BBET, SPORTBET, STANLEYBET;BASKET | ITALIA - I DIVISIONE | Pallacanestro Varese - Virtus Bologna | U/O PUNTI GIOCATORE INCL T.S. | OVER
VINCE 1°SET/MATCH;1/1;;;;NON_MAPPATO;famiglia non riconosciuta;65;58;DOMUSBET;TENNIS | LAVER CUP | Zverev, Alexander - de Minaur, Alex | VINCE 1°SET/MATCH | 1/1
VINCENTE;Manchester City;;;;NON_MAPPATO;famiglia non riconosciuta;65;65;ADMIRAL, BBET, DOMUSBET, MARATHON, SPORTBET, STANLEYBET, STARCASINO, WILLIAMHILL;CALCIO | INGHILTERRA - I DIVISIONE | Premier League 2026/27 - Prima Alla 5 giornata | VINCENTE | Manchester City
X2+U/O INFO1 INFO2°T;X2 + OV;;;;NON_MAPPATO;famiglia non riconosciuta;65;40;DOMUSBET;CALCIO | GERMANIA - I DIVISIONE | SC Paderborn - Hoffenheim | X2+U/O INFO1 INFO2°T | X2 + OV
GARA A INFO1 CORNER;Giocatore 2;;;;NON_MAPPATO;famiglia non riconosciuta;64;52;DOMUSBET;CALCIO | GERMANIA - I DIVISIONE | Werder Brema - Augsburg | GARA A INFO1 CORNER | Giocatore 2
GIOC. INFO1 O GIOC. INFO2 + SOST.  SEGNA O PALO/TRAV INCL. TS;SI;;;;NON_MAPPATO;famiglia non riconosciuta;64;50;DOMUSBET;CALCIO | ITALIA - I DIVISIONE | Roma - Inter | GIOC. INFO1 O GIOC. INFO2 + SOST. SEGNA O PALO/TRAV INCL. TS | SI
PIAZZATO NEI PRIMI X I.A. 38;SI;;;;NON_MAPPATO;famiglia non riconosciuta;64;45;360BET, BBET, DOMUSBET, MARATHON, STANLEYBET, WILLIAMHILL;CALCIO | Serie A | Serie A 2026/27 | PIAZZATO NEI PRIMI X I.A. 38 | SI
RIS.ESATTO MULTIPLO 1;0-3 1-3 2-3;;;;NON_MAPPATO;famiglia non riconosciuta;64;54;BBET, DOMUSBET, SPORTBET, STANLEYBET;CALCIO | EUROPA - UEFA NATIONS LEAGUE | Serbia - Olanda | RIS.ESATTO MULTIPLO 1 | 0-3 1-3 2-3
U/O TIRI IN PORTA TEAM 2 INC.TS;OVER;;;;NON_MAPPATO;famiglia non riconosciuta;64;64;BBET, MARATHON, SPORTBET;CALCIO | EUROPA - UEFA NATIONS LEAGUE | Germania - Grecia | U/O TIRI IN PORTA TEAM 2 INC.TS | OVER
VINCENTE;FC Copenhagen;;;;NON_MAPPATO;famiglia non riconosciuta;64;64;ADMIRAL, BBET, DOMUSBET, MARATHON, SPORTBET, STANLEYBET, STARCASINO, WILLIAMHILL;CALCIO | DANIMARCA - I DIVISIONE | Superligaen 2026/27 | VINCENTE | FC Copenhagen
VINCENTE;Mercedes;;;;NON_MAPPATO;famiglia non riconosciuta;64;64;ADMIRAL, BBET, DOMUSBET, MARATHON, SPORTBET, STARCASINO, WILLIAMHILL;AUTOMOBILISMO | MONDO - CAMPIONATO FORMULA 1 | Formula 1 Mondiale Costruttori 2026 | VINCENTE | Mercedes
RIS. ESATTO HT/FT;0-1 ALTRO;;;;NON_MAPPATO;famiglia non riconosciuta;63;59;DOMUSBET;CALCIO | EUROPA - UEFA NATIONS LEAGUE | Inghilterra - Spagna | RIS. ESATTO HT/FT | 0-1 ALTRO
SQUADRA X VINCE ALMENO UN TEMPO;SI;;;;NON_MAPPATO;famiglia non riconosciuta;63;39;360BET, BBET, SPORTBET, TOTOSI;CALCIO | EUROPA - UEFA NATIONS LEAGUE | Germania - Grecia | SQUADRA X VINCE ALMENO UN TEMPO | SI
U/O + GG/NG;GOAL + OVER;;;;NON_MAPPATO;famiglia non riconosciuta;63;35;360BET, STARCASINO, WILLIAMHILL;CALCIO | EUROPA - UEFA NATIONS LEAGUE | Norvegia - Portogallo | U/O + GG/NG | GOAL + OVER
U/O INFO1 CARTELLINI INFO2°T;OVER;;;;NON_MAPPATO;famiglia non riconosciuta;63;44;DOMUSBET;CALCIO | FRANCIA - I DIVISIONE | Marsiglia - PSG | U/O INFO1 CARTELLINI INFO2°T | OVER
VINCENTE;Russell G.;;;;NON_MAPPATO;famiglia non riconosciuta;62;62;ADMIRAL, BBET, DOMUSBET, MARATHON, SPORTBET, STANLEYBET, STARCASINO, TOTOSI, WILLIAMHILL;AUTOMOBILISMO | MONDO - CAMPIONATO FORMULA 1 | Formula 1 Mondiale Piloti 2026 | VINCENTE | Russell G.
X2 + MULTIGOL;SI;;;;NON_MAPPATO;famiglia non riconosciuta;62;53;BBET, SPORTBET, STANLEYBET, TOTOSI;CALCIO | EUROPA - UEFA NATIONS LEAGUE | Gibilterra - Andorra | X2 + MULTIGOL | SI
12 + UNDER/OVER;12 + UN;;U/O Gol;;NON_MAPPATO;etichetta non riconosciuta per famiglia U/O Gol;61;35;BBET, SPORTBET, STANLEYBET, TOTOSI;CALCIO | ITALIA - I DIVISIONE | Frosinone Calcio - Como | 12 + UNDER/OVER | 12 + UN
GIOCATORE INFO1 O SOSTITUTO PRIMO MARCATORE (INC. TS);SI;;;;NON_MAPPATO;famiglia non riconosciuta;61;46;DOMUSBET;CALCIO | EUROPA - UEFA NATIONS LEAGUE | Italia - Belgio | GIOCATORE INFO1 O SOSTITUTO PRIMO MARCATORE (INC. TS) | SI
RIS. ESATTO INFO1°SET;7-6;;;;NON_MAPPATO;famiglia non riconosciuta;61;60;DOMUSBET;TENNIS | TORNEO DI HANGZHOU | Zhang, Zhizhen - Wong, Coleman | RIS. ESATTO INFO1°SET | 7-6
RIS.ESATTO MULTIPLO 3;1-3 2-3 2-2;;;;NON_MAPPATO;famiglia non riconosciuta;61;48;BBET, DOMUSBET, SPORTBET, STANLEYBET;CALCIO | EUROPA - UEFA NATIONS LEAGUE | Serbia - Olanda | RIS.ESATTO MULTIPLO 3 | 1-3 2-3 2-2
VINCENTE INFO1 ° SET INFO2 ° GIOCO;1;;;;NON_MAPPATO;famiglia non riconosciuta;61;60;DOMUSBET;TENNIS | CHALLENGER DI ITALIA | Brancaccio, Nuria - Grabher, Julia | VINCENTE INFO1 ° SET INFO2 ° GIOCO | 1
CASA NO BET;2;;;;NON_MAPPATO;famiglia non riconosciuta;60;30;DOMUSBET, SPORTBET;CALCIO | EUROPA - CHAMPIONS LEAGUE F. | Arsenal WFC - HB Koege | CASA NO BET | 2
GIOC. INFO1 GOL E AMMONITO (INC.TS.);SI;;;;NON_MAPPATO;famiglia non riconosciuta;60;48;DOMUSBET;CALCIO | EUROPA - EUROPA LEAGUE | Besiktas - Marsiglia | GIOC. INFO1 GOL E AMMONITO (INC.TS.) | SI
INFO1 RETROCESSA;SI;;;;NON_MAPPATO;famiglia non riconosciuta;60;40;DOMUSBET;CALCIO | ITALIA - I DIVISIONE | Serie A 2026/27 | INFO1 RETROCESSA | SI
RIS. ESATTO HT/FT;1-0 ALTRO;;;;NON_MAPPATO;famiglia non riconosciuta;60;56;DOMUSBET;CALCIO | EUROPA - EUROPA LEAGUE | Juventus - NEC Nimega | RIS. ESATTO HT/FT | 1-0 ALTRO
RIS. ESATTO INFO1°SET;6-4;;;;NON_MAPPATO;famiglia non riconosciuta;60;60;DOMUSBET;TENNIS | TORNEO DI SINGAPORE | Sakkari, Maria - Hibino, Nao | RIS. ESATTO INFO1°SET | 6-4
SEGNA GOAL;TEAM 1;;;;NON_MAPPATO;famiglia non riconosciuta;60;42;MARATHON, STARCASINO, WILLIAMHILL;CALCIO | POLONIA - IV DIVISIONE | KSZO Ostrowiec Swietokrzyski - KS Hetman Zamosc | SEGNA GOAL | TEAM 1
VINCENTE;Flamengo;;;;NON_MAPPATO;famiglia non riconosciuta;60;59;360BET, ADMIRAL, BBET, DOMUSBET, SPORTBET, STANLEYBET, STARCASINO, WILLIAMHILL;CALCIO | AMERICA - COPPA LIBERTADORES | Copa Libertadores 2026 | VINCENTE | Flamengo
VINCENTE;Olympiakos;;;;NON_MAPPATO;famiglia non riconosciuta;60;60;ADMIRAL, BBET, DOMUSBET, MARATHON, SPORTBET, STANLEYBET, STARCASINO, WILLIAMHILL;CALCIO | GRECIA - I DIVISIONE | Super League 1 2026/27 | VINCENTE | Olympiakos
HANDICAP INFO1 CORNER  INFO2°T;2;;;;NON_MAPPATO;famiglia non riconosciuta;59;57;DOMUSBET;CALCIO | EUROPA - UEFA NATIONS LEAGUE | Macedonia del Nord - Svizzera | HANDICAP INFO1 CORNER INFO2°T | 2
PARZIALE/FINALE;2-X;;;;NON_MAPPATO;famiglia non riconosciuta;59;38;BBET, MARATHON, SPORTBET, STANLEYBET, STARCASINO, TOTOSI, WILLIAMHILL;CALCIO | EUROPA - UEFA NATIONS LEAGUE | Gibilterra - Andorra | PARZIALE/FINALE | 2-X
U/O INFO1 PUNTI INCL EX IN;OVER;;;;NON_MAPPATO;famiglia non riconosciuta;59;30;DOMUSBET;BASEBALL | GIAPPONE-NIPPON PROF. BASEBALL | Tokyo Yakult Swallows - Hanshin Tigers | U/O INFO1 PUNTI INCL EX IN | OVER
VINCENTE INFO1 ° SET INFO2 ° GIOCO;2;;;;NON_MAPPATO;famiglia non riconosciuta;59;56;DOMUSBET;TENNIS | CHALLENGER DI ITALIA | Urgesi, Federica - Selekhmeteva, Oksana | VINCENTE INFO1 ° SET INFO2 ° GIOCO | 2
ENTRAMBI VINCONO ALMENO UN SET;SI;;;;NON_MAPPATO;famiglia non riconosciuta;58;18;DOMUSBET;TENNIS | LAVER CUP | Alcaraz, Carlos - Fritz, Taylor | ENTRAMBI VINCONO ALMENO UN SET | SI
RIS. ESATTO HT/FT;ALTRO ALTRO;;;;NON_MAPPATO;famiglia non riconosciuta;58;56;DOMUSBET;CALCIO | EUROPA - UEFA NATIONS LEAGUE | San Marino - Finlandia | RIS. ESATTO HT/FT | ALTRO ALTRO
U/O INFO1 TIRI TOTALI SQUADRA 1 INCL.TS;UNDER;;;;NON_MAPPATO;famiglia non riconosciuta;58;57;DOMUSBET;CALCIO | INGHILTERRA - COPPA | Manchester United - Brighton | U/O INFO1 TIRI TOTALI SQUADRA 1 INCL.TS | UNDER
U/O PUNTI;Over;;;;NON_MAPPATO;famiglia non riconosciuta;58;33;STARCASINO, WILLIAMHILL;BASKET | ITALIA - I DIVISIONE | Maxima Roma - Napoli Basket | U/O PUNTI | Over
ASSIST GIOCATORE X O IL SUO SOSTITUTO (INC.TS.);SI;;;;NON_MAPPATO;famiglia non riconosciuta;57;35;SPORTBET;CALCIO | EUROPA - UEFA NATIONS LEAGUE | Serbia - Olanda | ASSIST GIOCATORE X O IL SUO SOSTITUTO (INC.TS.) | SI
GIOCATORE INFO1 SEGNA+RIS.ESATTO;Segna & 4-0;;;;NON_MAPPATO;famiglia non riconosciuta;57;55;DOMUSBET;CALCIO | EUROPA - EUROPA LEAGUE | Juventus - NEC Nimega | GIOCATORE INFO1 SEGNA+RIS.ESATTO | Segna & 4-0
OSPITE VINCE DI 1 O 2 GOL;SI;;;;NON_MAPPATO;famiglia non riconosciuta;57;40;BBET, DOMUSBET, SPORTBET, STANLEYBET;CALCIO | EUROPA - UEFA NATIONS LEAGUE | Serbia - Olanda | OSPITE VINCE DI 1 O 2 GOL | SI
RIS.ESATTO MULTIPLO 3;1-1 1-2;;;;NON_MAPPATO;famiglia non riconosciuta;57;46;DOMUSBET, SPORTBET, STANLEYBET, TOTOSI;CALCIO | EUROPA - UEFA NATIONS LEAGUE | Olanda - Germania | RIS.ESATTO MULTIPLO 3 | 1-1 1-2
U/O TEMPO;UNDER;;;;NON_MAPPATO;famiglia non riconosciuta;57;24;MARATHON;CALCIO | EUROPA - UEFA NATIONS LEAGUE | Norvegia - Portogallo | U/O TEMPO | UNDER
U/O TIRI IN PORTA TEAM 1 INC.TS;OVER;;;;NON_MAPPATO;famiglia non riconosciuta;57;53;BBET, MARATHON, SPORTBET;CALCIO | EUROPA - UEFA NATIONS LEAGUE | Austria - Kosovo | U/O TIRI IN PORTA TEAM 1 INC.TS | OVER
VINCENTE;Gonzalez M.;;;;NON_MAPPATO;famiglia non riconosciuta;57;57;ADMIRAL, BBET, DOMUSBET, MARATHON, SPORTBET, STANLEYBET, STARCASINO;MOTOCICLISMO | MONDO - MOTOMONDIALE | Mondiale Moto2 2026 | VINCENTE | Gonzalez M.
X O GG;Si;;;;NON_MAPPATO;famiglia non riconosciuta;57;39;STARCASINO;CALCIO | ITALIA - III DIVISIONE | AlbinoLeffe - Alcione Milano | X O GG | Si
GIOC. INFO1 DOPPIETTA 1°T;SI;;;;NON_MAPPATO;famiglia non riconosciuta;56;50;DOMUSBET;CALCIO | SPAGNA - I DIVISIONE | Barcellona - Racing Santander | GIOC. INFO1 DOPPIETTA 1°T | SI
SEGNA GOAL;TEAM 2;;;;NON_MAPPATO;famiglia non riconosciuta;56;36;MARATHON, STARCASINO, WILLIAMHILL;CALCIO | ASIA - COPPA NAZIONI DEL GOLFO | Yemen - Qatar | SEGNA GOAL | TEAM 2
TOTALE CORNER (5 ESITI);9 - 11;;;;NON_MAPPATO;famiglia non riconosciuta;56;21;BBET, DOMUSBET;CALCIO | ITALIA - III DIVISIONE | Renate - Treviso | TOTALE CORNER (5 ESITI) | 9 - 11
VINCENTE;Italia;;;;NON_MAPPATO;famiglia non riconosciuta;56;54;ADMIRAL, BBET, DOMUSBET, MARATHON, SPORTBET, STANLEYBET, STARCASINO, WILLIAMHILL;CALCIO | EUROPA - CAMPIONATI EUROPEI | Europei 2028 | VINCENTE | Italia
MIGLIORE IN CAMPO;Goncalo Ramos;;;;NON_MAPPATO;famiglia non riconosciuta;55;55;DOMUSBET;CALCIO | ITALIA - I DIVISIONE | Milan - Lecce | MIGLIORE IN CAMPO | Goncalo Ramos
RIGORE SQUADRA INFO1;SI;;;;NON_MAPPATO;famiglia non riconosciuta;55;42;DOMUSBET, STANLEYBET;CALCIO | ITALIA - I DIVISIONE | Roma - Inter | RIGORE SQUADRA INFO1 | SI
RIS.ESATTO MULTIPLO;0-1 0-2 0-3;;;;NON_MAPPATO;famiglia non riconosciuta;55;40;BBET, DOMUSBET;CALCIO | EUROPA - UEFA NATIONS LEAGUE | Germania - Grecia | RIS.ESATTO MULTIPLO | 0-1 0-2 0-3
VINCENTE;Wout Van Aert;;;;NON_MAPPATO;famiglia non riconosciuta;55;55;360BET, BBET, DOMUSBET, MARATHON, SPORTBET, STANLEYBET, STARCASINO, WILLIAMHILL;CICLISMO | MONDIALI SU STRADA | Montreal 2026 - Corsa In Linea Maschile Elite | VINCENTE | Wout Van Aert
GIOCATORE INFO1 O SUO SOSTITUTO IN ALMENO 1 ASSIST,ALMENO 1 GOL E ALMENO 1 CARTELLINO (INC.TS.);SI;;;;NON_MAPPATO;famiglia non riconosciuta;54;48;DOMUSBET;CALCIO | ITALIA - I DIVISIONE | Roma - Inter | GIOCATORE INFO1 O SUO SOSTITUTO IN ALMENO 1 ASSIST,ALMENO 1 GOL E ALMENO 1 CARTELLINO (INC.TS.) | SI
GIOCATORE INFO1 SEGNA+RIS.ESATTO;Segna & 3-2;;;;NON_MAPPATO;famiglia non riconosciuta;54;47;DOMUSBET;CALCIO | EUROPA - EUROPA LEAGUE | Real Sociedad - Bournemouth | GIOCATORE INFO1 SEGNA+RIS.ESATTO | Segna & 3-2
PARI/DISPARI TEMPO INFO1;DISPARI;;;;NON_MAPPATO;famiglia non riconosciuta;54;19;DOMUSBET;CALCIO | INGHILTERRA - IV DIVISIONE | Newport County - Grimsby Town | PARI/DISPARI TEMPO INFO1 | DISPARI
QUARTO SET SI/NO;SI;;;;NON_MAPPATO;famiglia non riconosciuta;54;44;DOMUSBET;VOLLEY | EUROPA - CAMP. EUROPEO | Danimarca - Serbia | QUARTO SET SI/NO | SI
U/O (INCL.TS&SO);Over;;;;NON_MAPPATO;famiglia non riconosciuta;54;19;STARCASINO, WILLIAMHILL;HOCKEY GHIACCIO | RUSSIA - MHL | Snezhnye Barsy Astana - Sibirskie Snaipery | U/O (INCL.TS&SO) | Over
12/1X;SI;;;;NON_MAPPATO;famiglia non riconosciuta;53;32;DOMUSBET;CALCIO | ITALIA - I DIVISIONE | Milan - Lecce | 12/1X | SI
MIGLIORE IN CAMPO;Randal Kolo Muani;;;;NON_MAPPATO;famiglia non riconosciuta;53;53;DOMUSBET;CALCIO | ITALIA - I DIVISIONE | Juventus - Atalanta | MIGLIORE IN CAMPO | Randal Kolo Muani
MULTIGOAL 2°T;Si;;;;NON_MAPPATO;famiglia non riconosciuta;53;18;STARCASINO;CALCIO | EUROPA - UEFA NATIONS LEAGUE | Austria - Kosovo | MULTIGOAL 2°T | Si
RIS. ESATTO HT/FT;0-0 0-0;;;;NON_MAPPATO;famiglia non riconosciuta;53;53;DOMUSBET;CALCIO | GERMANIA - I DIVISIONE | SC Paderborn - Hoffenheim | RIS. ESATTO HT/FT | 0-0 0-0
U/O INFO1 CARTELLINI SQUADRA INFO2;UNDER;;;;NON_MAPPATO;famiglia non riconosciuta;53;53;DOMUSBET;CALCIO | INGHILTERRA - COPPA | Manchester City - Norwich | U/O INFO1 CARTELLINI SQUADRA INFO2 | UNDER
U/O INFO1 FALLI COMMESSI INCL.TS;UNDER;;;;NON_MAPPATO;famiglia non riconosciuta;53;43;DOMUSBET, SPORTBET;CALCIO | ITALIA - I DIVISIONE | Udinese - Cagliari | U/O INFO1 FALLI COMMESSI INCL.TS | UNDER
U/O INFO2 PUNTI SQUADRA INFO1;OVER;;;;NON_MAPPATO;famiglia non riconosciuta;53;11;DOMUSBET;CALCIO | ITALIA - I DIVISIONE | Serie A 2026/27 | U/O INFO2 PUNTI SQUADRA INFO1 | OVER
VINCENTE;Ajax;;;;NON_MAPPATO;famiglia non riconosciuta;53;53;ADMIRAL, BBET, DOMUSBET, MARATHON, SPORTBET, STANLEYBET, STARCASINO, WILLIAMHILL;CALCIO | OLANDA - I DIVISIONE | Eredivisie 2026/27 | VINCENTE | Ajax
VINCENTE;Al Hilal Riyadh;;;;NON_MAPPATO;famiglia non riconosciuta;53;53;ADMIRAL, BBET, DOMUSBET, MARATHON, SPORTBET, STANLEYBET, STARCASINO, WILLIAMHILL;CALCIO | ARABIA S. - I DIVISIONE | Pro League 2026/27 | VINCENTE | Al Hilal Riyadh
X O OV INFO1 INFO2°T;SI;;;;NON_MAPPATO;famiglia non riconosciuta;53;17;DOMUSBET;CALCIO | EUROPA - EUROPA LEAGUE | Anderlecht - Lione | X O OV INFO1 INFO2°T | SI
ENTRAMBI ALLENATORI GIALLO;SI;;;;NON_MAPPATO;famiglia non riconosciuta;52;52;DOMUSBET;CALCIO | SPAGNA - I DIVISIONE | Atletico Madrid - Real Madrid | ENTRAMBI ALLENATORI GIALLO | SI
ESPULSIONE;SI;;;;NON_MAPPATO;famiglia non riconosciuta;52;27;BBET, DOMUSBET, MARATHON, WILLIAMHILL;CALCIO | EUROPA - UEFA NATIONS LEAGUE | Norvegia - Portogallo | ESPULSIONE | SI
GIOCATORE INFO1 GOL DA FUORI AREA (INC.TS.);SI;;;;NON_MAPPATO;famiglia non riconosciuta;52;46;DOMUSBET;CALCIO | ITALIA - I DIVISIONE | Roma - Inter | GIOCATORE INFO1 GOL DA FUORI AREA (INC.TS.) | SI
U/O CORNER;UNDER;;;;NON_MAPPATO;famiglia non riconosciuta;52;18;360BET, BBET, MARATHON, STANLEYBET;CALCIO | EUROPA - UEFA NATIONS LEAGUE | Israele - Irlanda | U/O CORNER | UNDER
U/O X PUNTI COMPRESI EXTRA INNING;OVER;;;;NON_MAPPATO;famiglia non riconosciuta;52;5;BBET;BASEBALL | AMERICA - MAJOR LEAGUE | San Francisco Giants - Los Angeles Dodgers | U/O X PUNTI COMPRESI EXTRA INNING | OVER
VINCENTE;KuPS Kuopio;;;;NON_MAPPATO;famiglia non riconosciuta;52;52;ADMIRAL, DOMUSBET, SPORTBET, STANLEYBET, STARCASINO;CALCIO | FINLANDIA - I DIVISIONE | Veikkausliiga 2026 | VINCENTE | KuPS Kuopio
VINCENTE;Mathieu Van Der Poel;;;;NON_MAPPATO;famiglia non riconosciuta;52;52;360BET, BBET, DOMUSBET, MARATHON, SPORTBET, STANLEYBET, STARCASINO, WILLIAMHILL;CICLISMO | MONDIALI SU STRADA | Montreal 2026 - Corsa In Linea Maschile Elite | VINCENTE | Mathieu Van Der Poel
AUTORETE;SI;;;;NON_MAPPATO;famiglia non riconosciuta;51;33;BBET, MARATHON, SPORTBET, STANLEYBET, WILLIAMHILL;CALCIO | EUROPA - UEFA NATIONS LEAGUE | Austria - Kosovo | AUTORETE | SI
U/O + GG/NG;NG+OV;;;;NON_MAPPATO;famiglia non riconosciuta;51;30;BBET, DOMUSBET, SPORTBET;CALCIO | EUROPA - UEFA NATIONS LEAGUE | Norvegia - Portogallo | U/O + GG/NG | NG+OV
VINCENTE;Levski Sofia;;;;NON_MAPPATO;famiglia non riconosciuta;51;51;DOMUSBET, SPORTBET, STANLEYBET, STARCASINO, WILLIAMHILL;CALCIO | BULGARIA - I DIVISIONE | Parva Liga 2026/27 | VINCENTE | Levski Sofia
GIOC. INFO1 PRIMO AMMONITO (INC.TS.);SI;;;;NON_MAPPATO;famiglia non riconosciuta;50;41;DOMUSBET;CALCIO | EUROPA - EUROPA LEAGUE | Real Sociedad - Bournemouth | GIOC. INFO1 PRIMO AMMONITO (INC.TS.) | SI
GOAL DI TESTA SI/NO;SI;;;;NON_MAPPATO;famiglia non riconosciuta;50;17;BBET, SPORTBET;CALCIO | EUROPA - UEFA NATIONS LEAGUE | Norvegia - Portogallo | GOAL DI TESTA SI/NO | SI
INFO1 TIRI IN PORTA E SOSTITUTO INCL PALI/TRAVERSA, INCL. T.S.: ALMENO INFO2;OVER;;;;NON_MAPPATO;famiglia non riconosciuta;50;20;BBET;CALCIO | EUROPA - UEFA NATIONS LEAGUE | Serbia - Olanda | INFO1 TIRI IN PORTA E SOSTITUTO INCL PALI/TRAVERSA, INCL. T.S.: ALMENO INFO2 | OVER
OSPITE SEGNA - 2°T;SI;;;;NON_MAPPATO;famiglia non riconosciuta;50;47;MARATHON, WILLIAMHILL;CALCIO | EUROPA - UEFA NATIONS LEAGUE | Inghilterra - Spagna | OSPITE SEGNA - 2°T | SI
SET INFO2 GAME INFO1 AI VANTAGGI;SI;;;;NON_MAPPATO;famiglia non riconosciuta;50;48;DOMUSBET;TENNIS | TORNEO DI HANGZHOU | Zhang, Zhizhen - Wong, Coleman | SET INFO2 GAME INFO1 AI VANTAGGI | SI
SOMMA GOL FINALE;2;;;;NON_MAPPATO;famiglia non riconosciuta;50;23;BBET, DOMUSBET, SPORTBET, STANLEYBET;CALCIO | INGHILTERRA - I DIVISIONE | Chelsea - Bournemouth | SOMMA GOL FINALE | 2
U/O INFO1 BREAK GIOCATORE INFO2;OVER;;;;NON_MAPPATO;famiglia non riconosciuta;50;48;DOMUSBET;TENNIS | TORNEO DI CHENGDU | Harris, Lloyd - Hurkacz, Hubert | U/O INFO1 BREAK GIOCATORE INFO2 | OVER
U/O INFO1 PUNTI SET INFO2;UNDER;;;;NON_MAPPATO;famiglia non riconosciuta;50;50;DOMUSBET;VOLLEY | EUROPA - CAMP. EUROPEO | Italia - Slovenia | U/O INFO1 PUNTI SET INFO2 | UNDER
UN 1°T + OV 2°T;SI;;;;NON_MAPPATO;famiglia non riconosciuta;50;15;MARATHON, SPORTBET, STANLEYBET, WILLIAMHILL;CALCIO | ITALIA - III DIVISIONE | Scafatese - Altamura | UN 1°T + OV 2°T | SI
VAR (ONFIELDREVIEW);NO;;;;NON_MAPPATO;famiglia non riconosciuta;50;13;MARATHON, TOTOSI, WILLIAMHILL;CALCIO | ITALIA - I DIVISIONE | Genoa - Fiorentina | VAR (ONFIELDREVIEW) | NO
GIOCATORE INFO1 PRIMO MARCATORE (INC.TS.);SI;;;;NON_MAPPATO;famiglia non riconosciuta;49;33;DOMUSBET;CALCIO | USA - I DIVISIONE | Philadelphia Union - Orlando City | GIOCATORE INFO1 PRIMO MARCATORE (INC.TS.) | SI
INFO1 ESONERATO/DIMISSIONARIO;SI;;;;NON_MAPPATO;famiglia non riconosciuta;49;27;DOMUSBET;CALCIO | ITALIA - I DIVISIONE | Esonero O Dimissioni Al 25/12/2026 | INFO1 ESONERATO/DIMISSIONARIO | SI
INFO1 O SOSTITUTO FA ASSIST;SI;;;;NON_MAPPATO;famiglia non riconosciuta;49;42;MARATHON;CALCIO | EUROPA - UEFA NATIONS LEAGUE | Danimarca - Galles | INFO1 O SOSTITUTO FA ASSIST | SI
T/T;TEAM 1;;;;NON_MAPPATO;famiglia non riconosciuta;49;22;360BET;AUTOMOBILISMO | MONDO - CAMPIONATO FORMULA 1 | Formula 1 Mondiale Piloti 2026 | T/T | TEAM 1
U/O INFO1 GOL INFO2 TEMPO;OVER;;;;NON_MAPPATO;famiglia non riconosciuta;49;48;DOMUSBET;PALLAMANO | GERMANIA - COPPA | Stoccarda - Erlangen | U/O INFO1 GOL INFO2 TEMPO | OVER
VINCENTE;Chelsea;;;;NON_MAPPATO;famiglia non riconosciuta;49;49;ADMIRAL, BBET, DOMUSBET, MARATHON, SPORTBET, STANLEYBET, STARCASINO, WILLIAMHILL;CALCIO | INGHILTERRA - I DIVISIONE | Premier League 2026/27 - Prima Alla 5 giornata | VINCENTE | Chelsea
VINCENTE;Fortitudo Bologna;;;;NON_MAPPATO;famiglia non riconosciuta;49;49;MARATHON, STARCASINO;BASKET | ITALIA - II DIVISIONE | Serie A2 2026/2027 - Regular Season | VINCENTE | Fortitudo Bologna
GIOCATORE INFO1 SEGNA+MULTIESITO;GOL + 0-3/1-3/2-3;;;;NON_MAPPATO;famiglia non riconosciuta;48;41;DOMUSBET;CALCIO | ITALIA - I DIVISIONE | Frosinone - Como | GIOCATORE INFO1 SEGNA+MULTIESITO | GOL + 0-3/1-3/2-3
VINCENTE;Inter Miami;;;;NON_MAPPATO;famiglia non riconosciuta;48;48;360BET, ADMIRAL, BBET, DOMUSBET, MARATHON, SPORTBET, STANLEYBET, STARCASINO, WILLIAMHILL;CALCIO | USA - I DIVISIONE | MLS 2026 | VINCENTE | Inter Miami
VINCENTE;Remco Evenepoel;;;;NON_MAPPATO;famiglia non riconosciuta;48;48;360BET, BBET, DOMUSBET, MARATHON, SPORTBET, STANLEYBET, STARCASINO, WILLIAMHILL;CICLISMO | MONDIALI SU STRADA | Montreal 2026 - Corsa In Linea Maschile Elite | VINCENTE | Remco Evenepoel
X PRIMO TEMPO O X FINALE SI/NO;SI;;;;NON_MAPPATO;famiglia non riconosciuta;48;47;MARATHON;CALCIO | EUROPA - UEFA NATIONS LEAGUE | Repubblica Ceca - Croazia | X PRIMO TEMPO O X FINALE SI/NO | SI
1 O OV 2.5 O GG;SI;;;;NON_MAPPATO;famiglia non riconosciuta;47;12;BBET, STANLEYBET;CALCIO | ITALIA - III DIVISIONE | S.S.D. Casarano Calcio - Monopoli | 1 O OV 2.5 O GG | SI
GIOCATORE INFO1 SEGNA+MULTIESITO;GOL + 3-0/3-1/3-2;;;;NON_MAPPATO;famiglia non riconosciuta;47;41;DOMUSBET;CALCIO | ITALIA - I DIVISIONE | Roma - Inter | GIOCATORE INFO1 SEGNA+MULTIESITO | GOL + 3-0/3-1/3-2
INFO1 MARCATORE;Si;;;;NON_MAPPATO;famiglia non riconosciuta;47;26;STARCASINO;CALCIO | EUROPA - UEFA NATIONS LEAGUE | Norvegia - Portogallo | INFO1 MARCATORE | Si
PARI/DISPARI;Pari;;;;NON_MAPPATO;famiglia non riconosciuta;47;33;STARCASINO, WILLIAMHILL;CALCIO | EUROPA - UEFA NATIONS LEAGUE | Norvegia - Portogallo | PARI/DISPARI | Pari
RIS. ESATTO HT/FT;0-2 ALTRO;;;;NON_MAPPATO;famiglia non riconosciuta;47;47;DOMUSBET;CALCIO | FRANCIA - I DIVISIONE | Marsiglia - PSG | RIS. ESATTO HT/FT | 0-2 ALTRO
VINCENTE;Lorenzo Finn;;;;NON_MAPPATO;famiglia non riconosciuta;47;47;BBET, DOMUSBET, MARATHON, SPORTBET, STANLEYBET, STARCASINO, WILLIAMHILL;CICLISMO | MONDIALI SU STRADA | Montreal 2026 - Corsa In Linea Maschile Elite | VINCENTE | Lorenzo Finn
CAPOCANNONIERE;Donyell Malen;;;;NON_MAPPATO;famiglia non riconosciuta;46;46;ADMIRAL, BBET, DOMUSBET, SPORTBET, STANLEYBET;CALCIO | ITALIA - I DIVISIONE | Serie A 2026/27 | CAPOCANNONIERE | Donyell Malen
GG/NG;Goal;Goal;;;NON_MAPPATO;famiglia non riconosciuta;46;37;STARCASINO;CALCIO | GERMANIA - I DIVISIONE | SC Paderborn - Hoffenheim | GG/NG | Goal
MULTIGOAL 2°T;SI;;;;NON_MAPPATO;famiglia non riconosciuta;46;21;WILLIAMHILL;CALCIO | EUROPA - UEFA NATIONS LEAGUE | Norvegia - Portogallo | MULTIGOAL 2°T | SI
SOMMA GOL INFO1°TEMPO;1;;;;NON_MAPPATO;famiglia non riconosciuta;46;12;DOMUSBET;CALCIO | INGHILTERRA - COPPA | Coventry City - Aston Villa | SOMMA GOL INFO1°TEMPO | 1
12 + U/O INFO1;12 + UNDER;;;;NON_MAPPATO;famiglia non riconosciuta;45;20;MARATHON, STARCASINO, WILLIAMHILL;CALCIO | ITALIA - III DIVISIONE | Foggia - Sorrento | 12 + U/O INFO1 | 12 + UNDER
GIOCATORE INFO1 MARCATORE+1X;MARCATORE + 1X;;;;NON_MAPPATO;famiglia non riconosciuta;45;37;DOMUSBET;CALCIO | ITALIA - I DIVISIONE | Bologna - Torino | GIOCATORE INFO1 MARCATORE+1X | MARCATORE + 1X
RIS.ESATTO MULTIPLO;3-2 4-2 4-3 5-1;;;;NON_MAPPATO;famiglia non riconosciuta;45;34;BBET, DOMUSBET, STANLEYBET;CALCIO | EUROPA - UEFA NATIONS LEAGUE | Germania - Grecia | RIS.ESATTO MULTIPLO | 3-2 4-2 4-3 5-1
TOTALE CARTELLINI;>11;;;;NON_MAPPATO;famiglia non riconosciuta;45;41;DOMUSBET;CALCIO | INGHILTERRA - II DIVISIONE | Millwall - West Ham | TOTALE CARTELLINI | >11
X2/X2;SI;;;;NON_MAPPATO;famiglia non riconosciuta;45;32;DOMUSBET;CALCIO | ITALIA - I DIVISIONE | Monza - Sassuolo | X2/X2 | SI
MARCATORE PLUS;SI;;;;NON_MAPPATO;famiglia non riconosciuta;44;14;WILLIAMHILL;CALCIO | EUROPA - UEFA NATIONS LEAGUE | Serbia - Olanda | MARCATORE PLUS | SI
PARI/DISPARI GAMES;DISPARI;;;;NON_MAPPATO;famiglia non riconosciuta;44;42;DOMUSBET;TENNIS | TORNEO DI HANGZHOU | Wong, Coleman - Vallejo, Adolfo Daniel | PARI/DISPARI GAMES | DISPARI
SQUADRA VINCE IN RIMONTA T.R;SI;;;;NON_MAPPATO;famiglia non riconosciuta;44;16;DOMUSBET;CALCIO | ITALIA - I DIVISIONE | Roma - Inter | SQUADRA VINCE IN RIMONTA T.R | SI
SQUADRA X SEGNA ENTRAMBI I TEMPI;SI;;;;NON_MAPPATO;famiglia non riconosciuta;44;13;BBET, TOTOSI;CALCIO | PORTOGALLO - I DIVISIONE F. | S.C.U. Torreense - CS Maritimo F | SQUADRA X SEGNA ENTRAMBI I TEMPI | SI
VINCENTE;Liverpool;;;;NON_MAPPATO;famiglia non riconosciuta;44;44;ADMIRAL, BBET, DOMUSBET, MARATHON, SPORTBET, STANLEYBET, STARCASINO, WILLIAMHILL;CALCIO | INGHILTERRA - I DIVISIONE | Premier League 2026/27 - Prima Alla 5 giornata | VINCENTE | Liverpool
12+U/O INFO1 INFO2°T;12 + OV;;;;NON_MAPPATO;famiglia non riconosciuta;43;15;DOMUSBET;CALCIO | INGHILTERRA - I DIVISIONE | Fulham - Manchester United | 12+U/O INFO1 INFO2°T | 12 + OV
GIOCATORE INFO1 SEGNA SU RIGORE (INC.TS.);SI;;;;NON_MAPPATO;famiglia non riconosciuta;43;42;DOMUSBET;CALCIO | ITALIA - I DIVISIONE | Monza - Sassuolo | GIOCATORE INFO1 SEGNA SU RIGORE (INC.TS.) | SI
PARI/DISPARI;Dispari;;;;NON_MAPPATO;famiglia non riconosciuta;43;28;STARCASINO, WILLIAMHILL;CALCIO | URUGUAY - I DIVISIONE | Juventud de Las Piedras - Cerro | PARI/DISPARI | Dispari
RIS. ESATTO INFO1°SET;4-6;;;;NON_MAPPATO;famiglia non riconosciuta;43;43;DOMUSBET;TENNIS | TORNEO DI CHENGDU | Tabilo, Alejandro - Mannarino, Adrian | RIS. ESATTO INFO1°SET | 4-6
SOMMA GOL CASA;2;;;;NON_MAPPATO;famiglia non riconosciuta;43;36;BBET, DOMUSBET;CALCIO | AMICHEVOLI SQUADRE NAZIONALI | Malta - Liechtenstein | SOMMA GOL CASA | 2
U/O INFO1 PARATE TEAM INFO2;OVER;;;;NON_MAPPATO;famiglia non riconosciuta;43;43;MARATHON;CALCIO | EUROPA - UEFA NATIONS LEAGUE | Norvegia - Portogallo | U/O INFO1 PARATE TEAM INFO2 | OVER
VINCENTE;A ja Wilson;;;;NON_MAPPATO;famiglia non riconosciuta;43;43;MARATHON;BASKET | USA - WNBA | Miglior realizzatrice stagione WNBA | VINCENTE | A ja Wilson
COMBO GG/NG 1°T - 2°T;GG/GG;;;;NON_MAPPATO;famiglia non riconosciuta;42;16;STANLEYBET;CALCIO | EUROPA - UEFA NATIONS LEAGUE | Norvegia - Portogallo | COMBO GG/NG 1°T - 2°T | GG/GG
NG O UN 2.5;SI;;;;NON_MAPPATO;famiglia non riconosciuta;42;24;DOMUSBET;CALCIO | EGITTO - I DIVISIONE | El Gouna - Suez Petrojet | NG O UN 2.5 | SI
RIS.ESATTO MULTIPLO 3;3-0 2-1;;;;NON_MAPPATO;famiglia non riconosciuta;42;25;BBET, DOMUSBET, SPORTBET, STANLEYBET;CALCIO | EUROPA - UEFA NATIONS LEAGUE | Danimarca - Galles | RIS.ESATTO MULTIPLO 3 | 3-0 2-1
SOMMA GOL FINALE;5 o più;;;;NON_MAPPATO;famiglia non riconosciuta;42;11;BBET, SPORTBET, STANLEYBET;CALCIO | COLOMBIA - I DIVISIONE | Jaguares de Cordoba - Alianza FC Valledupar | SOMMA GOL FINALE | 5 o più
U/O INFO1 PUNTI;UNDER;;;;NON_MAPPATO;famiglia non riconosciuta;42;38;DOMUSBET;VOLLEY | AFRICA - CAMP. PER NAZIONI | Kenya - Ghana | U/O INFO1 PUNTI | UNDER
VINCENTE;SPAGNA;;;;NON_MAPPATO;famiglia non riconosciuta;42;42;ADMIRAL, BBET, DOMUSBET, SPORTBET, STANLEYBET, STARCASINO;CALCIO | MONDO - MONDIALI | Mondiali 2026 | VINCENTE | SPAGNA
12/12;SI;;;;NON_MAPPATO;famiglia non riconosciuta;41;23;DOMUSBET;CALCIO | EUROPA - UEFA NATIONS LEAGUE | Macedonia del Nord - Svizzera | 12/12 | SI
MIGLIORE DEL GRUPPO;Hadjar I.;;;;NON_MAPPATO;famiglia non riconosciuta;41;41;DOMUSBET;AUTOMOBILISMO | MONDO - CAMPIONATO FORMULA 1 | GP Baku GARA | MIGLIORE DEL GRUPPO | Hadjar I.
SEGNA O ASSIST (INC.TS.);SI;;;;NON_MAPPATO;famiglia non riconosciuta;41;15;360BET, BBET, SPORTBET, TOTOSI;CALCIO | EUROPA - UEFA NATIONS LEAGUE | Spagna - Croazia | SEGNA O ASSIST (INC.TS.) | SI
U/O INFO1 SQ. INFO2 - INFO3°T;Over;;;;NON_MAPPATO;famiglia non riconosciuta;41;16;STARCASINO, WILLIAMHILL;CALCIO | EUROPA - UEFA NATIONS LEAGUE | Israele - Irlanda | U/O INFO1 SQ. INFO2 - INFO3°T | Over
VINCENTE;Bulega N.;;;;NON_MAPPATO;famiglia non riconosciuta;41;41;ADMIRAL, BBET, DOMUSBET, SPORTBET, STARCASINO, WILLIAMHILL;MOTOCICLISMO | MONDO - MONDIALE SUPERBIKE | Superbike - Vincente Mondiale 2026 | VINCENTE | Bulega N.
VINCENTE;Quiles M.;;;;NON_MAPPATO;famiglia non riconosciuta;41;41;ADMIRAL, BBET, DOMUSBET, MARATHON, SPORTBET, STARCASINO, WILLIAMHILL;MOTOCICLISMO | MONDO - MOTOMONDIALE | Mondiale Moto3 2026 | VINCENTE | Quiles M.
G1 VINCE SET INFO1 IN RIMONTA;SI;;;;NON_MAPPATO;famiglia non riconosciuta;40;17;DOMUSBET;TENNIS | TORNEO DI SINGAPORE | Prozorova, Tatiana - Eala, Alexandra | G1 VINCE SET INFO1 IN RIMONTA | SI
G2 VINCE SET INFO1 IN RIMONTA;SI;;;;NON_MAPPATO;famiglia non riconosciuta;40;17;DOMUSBET;TENNIS | TORNEO DI SINGAPORE | Prozorova, Tatiana - Eala, Alexandra | G2 VINCE SET INFO1 IN RIMONTA | SI
VINCE 1°SET/MATCH;2/2;;;;NON_MAPPATO;famiglia non riconosciuta;40;35;DOMUSBET;TENNIS | COPPA DAVIS | Tabilo, Alejandro - Jodar, Rafael | VINCE 1°SET/MATCH | 2/2
2 O OV 2.5 O GG;SI;;;;NON_MAPPATO;famiglia non riconosciuta;39;7;BBET, SPORTBET, STANLEYBET;CALCIO | ARGENTINA - COPPA | Racing - Boca Juniors | 2 O OV 2.5 O GG | SI
SQUADRA INFO1 VINCE ENTRAMBI I TEMPI;NO;;;;NON_MAPPATO;famiglia non riconosciuta;39;28;DOMUSBET;CALCIO | SPAGNA - I DIVISIONE | Siviglia - Barcellona | SQUADRA INFO1 VINCE ENTRAMBI I TEMPI | NO
TESTA A TESTA;1;;;;NON_MAPPATO;famiglia non riconosciuta;39;21;STARCASINO, WILLIAMHILL;VOLLEY | ASIA - GIOCHI ASIATICI | Cina - Cina Taipei | TESTA A TESTA | 1
U/O INFO1 PUNTI SQUADRA INFO2 INCL. EX IN;OVER;;;;NON_MAPPATO;famiglia non riconosciuta;39;24;DOMUSBET;BASEBALL | AMERICA - MAJOR LEAGUE | Athletics - Houston Astros | U/O INFO1 PUNTI SQUADRA INFO2 INCL. EX IN | OVER
CAPOCANNONIERE;Erling Haaland;;;;NON_MAPPATO;famiglia non riconosciuta;38;38;ADMIRAL, BBET, DOMUSBET, SPORTBET, STANLEYBET;CALCIO | INGHILTERRA - I DIVISIONE | Premier League 26/27 | CAPOCANNONIERE | Erling Haaland
GIOC. INFO1 SEGNA O CARTELLINO (INC T.S);SI;;;;NON_MAPPATO;famiglia non riconosciuta;38;30;DOMUSBET;CALCIO | EUROPA - UEFA NATIONS LEAGUE | Inghilterra - Spagna | GIOC. INFO1 SEGNA O CARTELLINO (INC T.S) | SI
MIGLIORE IN CAMPO;Paulo Dybala;;;;NON_MAPPATO;famiglia non riconosciuta;38;38;DOMUSBET;CALCIO | ITALIA - I DIVISIONE | Roma - Inter | MIGLIORE IN CAMPO | Paulo Dybala
PARI/DISPARI GAMES;PARI;;;;NON_MAPPATO;famiglia non riconosciuta;38;36;DOMUSBET;TENNIS | ITF SVEZIA | Jonathan Ivarsson / Michael Minasyan - John Gabelic / Erik Johansson | PARI/DISPARI GAMES | PARI
RIS. ESATTO INFO1°SET;7-5;;;;NON_MAPPATO;famiglia non riconosciuta;38;38;DOMUSBET;TENNIS | TORNEO DI CHENGDU | Tabilo, Alejandro - Mannarino, Adrian | RIS. ESATTO INFO1°SET | 7-5
U/O INFO1 GOL PLUS;OVER;;;;NON_MAPPATO;famiglia non riconosciuta;38;38;DOMUSBET;CALCIO | FRANCIA - I DIVISIONE | Marsiglia - PSG | U/O INFO1 GOL PLUS | OVER
VINCENTE;Lugano;;;;NON_MAPPATO;famiglia non riconosciuta;38;38;ADMIRAL, DOMUSBET, SPORTBET, STANLEYBET, STARCASINO, WILLIAMHILL;CALCIO | SVIZZERA - I DIVISIONE | Super League 2026/27 | VINCENTE | Lugano
VINCENTE;Verstappen M.;;;;NON_MAPPATO;famiglia non riconosciuta;38;38;ADMIRAL, BBET, DOMUSBET, MARATHON, SPORTBET, STANLEYBET, STARCASINO, WILLIAMHILL;AUTOMOBILISMO | MONDO - CAMPIONATO FORMULA 1 | Formula 1 Mondiale Piloti 2026 | VINCENTE | Verstappen M.
GIOCATORE INFO1 SEGNA+RIS.ESATTO;Segna & 0-3;;;;NON_MAPPATO;famiglia non riconosciuta;37;35;DOMUSBET;CALCIO | EUROPA - UEFA NATIONS LEAGUE | Turchia - Francia | GIOCATORE INFO1 SEGNA+RIS.ESATTO | Segna & 0-3
TUTTE OVER;SI;;;;NON_MAPPATO;famiglia non riconosciuta;37;37;BBET, MARATHON, SPORTBET;CALCIO | SPECIALI CALCIO | Austria / Kosovo 27/09 / Gibilterra / Andorra 27/09 / Lituania / Azerbaigian 27/09 | TUTTE OVER | SI
U/O INFO1 - SQ. INFO2;Under;;;;NON_MAPPATO;famiglia non riconosciuta;37;20;STARCASINO, WILLIAMHILL;CALCIO | REP. CECA - I DIVISIONE F. | Viktoria Plzen - Slovacko | U/O INFO1 - SQ. INFO2 | Under
VINCENTE SENZA SQUADRE X Y I.A. 5;Atletico Madrid;;;;NON_MAPPATO;famiglia non riconosciuta;37;37;ADMIRAL, STARCASINO, WILLIAMHILL;CALCIO | SPAGNA - I DIVISIONE | Liga 2026/27 Senza Real Madrid e Barcellona | VINCENTE SENZA SQUADRE X Y I.A. 5 | Atletico Madrid
GIOCATORE INFO1 MARCATORE+X2;MARCATORE + X2;;;;NON_MAPPATO;famiglia non riconosciuta;36;31;DOMUSBET;CALCIO | GERMANIA - I DIVISIONE | Stoccarda - Borussia Dortmund | GIOCATORE INFO1 MARCATORE+X2 | MARCATORE + X2
GIOCATORE INFO1 SEGNA+MULTIESITO;GOL + 0-1/0-2/1-2;;;;NON_MAPPATO;famiglia non riconosciuta;36;32;DOMUSBET;CALCIO | ITALIA - I DIVISIONE | Roma - Inter | GIOCATORE INFO1 SEGNA+MULTIESITO | GOL + 0-1/0-2/1-2
GIOCATORE INFO1 SEGNA+RIS.ESATTO;Segna & 2-3;;;;NON_MAPPATO;famiglia non riconosciuta;36;35;DOMUSBET;CALCIO | ITALIA - I DIVISIONE | Roma - Inter | GIOCATORE INFO1 SEGNA+RIS.ESATTO | Segna & 2-3
MULTIGOL 1°T;SI;;;;NON_MAPPATO;famiglia non riconosciuta;36;10;BBET, SPORTBET, STANLEYBET, TOTOSI;CALCIO | EUROPA - CONFERENCE LEAGUE | Brighton - FK Kauno Zalgiris | MULTIGOL 1°T | SI
PARI/DISPARI CASA;DISPARI;;;;NON_MAPPATO;famiglia non riconosciuta;36;12;DOMUSBET;CALCIO | EUROPA - UEFA NATIONS LEAGUE | Inghilterra - Spagna | PARI/DISPARI CASA | DISPARI
SOMMA GOL CASA;1;;;;NON_MAPPATO;famiglia non riconosciuta;36;30;DOMUSBET, SPORTBET;CALCIO | EUROPA - UEFA NATIONS LEAGUE | Italia - Belgio | SOMMA GOL CASA | 1
SOMMA GOL OSPITE;1;;;;NON_MAPPATO;famiglia non riconosciuta;36;35;DOMUSBET;CALCIO | ITALIA - I DIVISIONE | Monza - Sassuolo | SOMMA GOL OSPITE | 1
SQUADRA X SEGNA NEI 2 TEMPI SI/NO;SI;;;;NON_MAPPATO;famiglia non riconosciuta;36;10;STANLEYBET;CALCIO | EUROPA - UEFA NATIONS LEAGUE | Germania - Grecia | SQUADRA X SEGNA NEI 2 TEMPI SI/NO | SI
T/T;TEAM 2;;;;NON_MAPPATO;famiglia non riconosciuta;36;23;360BET;CICLISMO | MONDIALI SU STRADA | Montreal 2026 - Corsa In Linea Maschile Elite | T/T | TEAM 2
U/O CORNER;Under;;;;NON_MAPPATO;famiglia non riconosciuta;36;21;STARCASINO, WILLIAMHILL;CALCIO | EUROPA - UEFA NATIONS LEAGUE | Lituania - Azerbaigian | U/O CORNER | Under
U/O INFO1 GOL;OVER;;;;NON_MAPPATO;famiglia non riconosciuta;36;26;DOMUSBET;PALLAMANO | GERMANIA - COPPA | Longericher - Eintracht Hagen | U/O INFO1 GOL | OVER
U/O PUNTI (INCL. TS);OVER;;;;NON_MAPPATO;famiglia non riconosciuta;36;14;STANLEYBET;BASKET | GRECIA - SUPERCOPPA | Olympiacos - PAOK BC | U/O PUNTI (INCL. TS) | OVER
VINCE 1°SET/MATCH;2/1;;;;NON_MAPPATO;famiglia non riconosciuta;36;19;DOMUSBET;TENNIS | CHALLENGER DI FRANCIA | Goffin, David - Lajal, Mark | VINCE 1°SET/MATCH | 2/1
VINCENTE;Leicester;;;;NON_MAPPATO;famiglia non riconosciuta;36;36;ADMIRAL, BBET, DOMUSBET, STANLEYBET, STARCASINO, WILLIAMHILL;CALCIO | INGHILTERRA - III DIVISIONE | League One 2026/2027 | VINCENTE | Leicester
VINCENTE;Wolfsburg;;;;NON_MAPPATO;famiglia non riconosciuta;36;36;ADMIRAL, BBET, DOMUSBET, SPORTBET, STANLEYBET, STARCASINO, WILLIAMHILL;CALCIO | GERMANIA - II DIVISIONE | Bundesliga II 2026/27 | VINCENTE | Wolfsburg
GG PLUS;SI;;;;NON_MAPPATO;famiglia non riconosciuta;35;16;DOMUSBET, MARATHON, SPORTBET;CALCIO | EUROPA - EUROPA LEAGUE | Milan - Benfica | GG PLUS | SI
RIS.ESATTO MULTIPLO;4-0 5-0 6-0;;;;NON_MAPPATO;famiglia non riconosciuta;35;27;DOMUSBET, STANLEYBET;CALCIO | GERMANIA - I DIVISIONE | Bayern Monaco - Union Berlino | RIS.ESATTO MULTIPLO | 4-0 5-0 6-0
VINCENTE;Colo Colo;;;;NON_MAPPATO;famiglia non riconosciuta;35;35;ADMIRAL, BBET, DOMUSBET, SPORTBET, STARCASINO, WILLIAMHILL;CALCIO | CILE - I DIVISIONE | Liga de Primera 2026 | VINCENTE | Colo Colo
VINCENTE;MIA Heat;;;;NON_MAPPATO;famiglia non riconosciuta;35;35;360BET, ADMIRAL, DOMUSBET, MARATHON, SPORTBET, STARCASINO, WILLIAMHILL;BASKET | USA - NBA | NBA - Eastern Conference 2026/27 | VINCENTE | MIA Heat
12 + GG/NG;12 + NG;;;;NON_MAPPATO;famiglia non riconosciuta;34;18;DOMUSBET;CALCIO | AUSTRIA - I DIVISIONE | Austria Lustenau - SCR Altach | 12 + GG/NG | 12 + NG
ALLENATORE INFO1 ESPULSO;SI;;;;NON_MAPPATO;famiglia non riconosciuta;34;30;DOMUSBET;CALCIO | EUROPA - EUROPA LEAGUE | Juventus - NEC Nimega | ALLENATORE INFO1 ESPULSO | SI
ESONERATO/DIMISSIONARIO;Si;;;;NON_MAPPATO;famiglia non riconosciuta;34;15;STARCASINO;CALCIO | ITALIA - I DIVISIONE | Esonero O Dimissioni Al 25/12/2026 | ESONERATO/DIMISSIONARIO | Si
GIOCATORE INFO1 SEGNA+RIS.ESATTO;Segna & 0-4;;;;NON_MAPPATO;famiglia non riconosciuta;34;34;DOMUSBET;CALCIO | FRANCIA - I DIVISIONE | Marsiglia - PSG | GIOCATORE INFO1 SEGNA+RIS.ESATTO | Segna & 0-4
OSPITE U/O INFO1 1°T + INFO2 2°T;UN + OV;;;;NON_MAPPATO;famiglia non riconosciuta;34;27;DOMUSBET;CALCIO | EGITTO - I DIVISIONE | Ghazl El Mahallah - Zamalek SC | OSPITE U/O INFO1 1°T + INFO2 2°T | UN + OV
RETROCESSA;Si;;;;NON_MAPPATO;famiglia non riconosciuta;34;17;STARCASINO;CALCIO | INGHILTERRA - I DIVISIONE | Premier League 26/27 | RETROCESSA | Si
RIS. ESATTO INFO1°SET;6-7;;;;NON_MAPPATO;famiglia non riconosciuta;34;34;DOMUSBET;TENNIS | CHALLENGER DI USA | Shick, Braden - Wolf, Jeffrey John | RIS. ESATTO INFO1°SET | 6-7
SQUADRA INFO1 VINCE ALMENO UN TEMPO;Si;;;;NON_MAPPATO;famiglia non riconosciuta;34;31;STARCASINO;CALCIO | EUROPA - UEFA NATIONS LEAGUE | Germania - Grecia | SQUADRA INFO1 VINCE ALMENO UN TEMPO | Si
U/O;Over;Over;;;NON_MAPPATO;famiglia non riconosciuta;34;23;STARCASINO, WILLIAMHILL;CALCIO | GERMANIA - III DIVISIONE | Wehen Wiesbaden - Duisburg | U/O | Over
U/O INFO1 CORNER 1T + U/O INFO2 CORNER FINALE;OVER+OVER;;;;NON_MAPPATO;famiglia non riconosciuta;34;7;MARATHON;CALCIO | EUROPA - UEFA NATIONS LEAGUE | Norvegia - Portogallo | U/O INFO1 CORNER 1T + U/O INFO2 CORNER FINALE | OVER+OVER
U/O INFO1 TIRI IN PORTA INCL TS;Over;;;;NON_MAPPATO;famiglia non riconosciuta;34;25;STARCASINO;CALCIO | EUROPA - UEFA NATIONS LEAGUE | Norvegia - Portogallo | U/O INFO1 TIRI IN PORTA INCL TS | Over
U/O NUMERO CARTELLINI TEAM X (I.A.33);Over;;;;NON_MAPPATO;famiglia non riconosciuta;34;18;STARCASINO;CALCIO | EUROPA - UEFA NATIONS LEAGUE | Gibilterra - Andorra | U/O NUMERO CARTELLINI TEAM X (I.A.33) | Over
VINCENTE;Harry Kane;;;;NON_MAPPATO;famiglia non riconosciuta;34;34;ADMIRAL, DOMUSBET, MARATHON, SPORTBET, STANLEYBET, STARCASINO, WILLIAMHILL;CALCIO | PALLONE D'ORO FIFA | Pallone D oro 2026 | VINCENTE | Harry Kane
GIOCATORE O IL SUO SOSTITUTO SEGNA (INC.TS.);SI;;;;NON_MAPPATO;famiglia non riconosciuta;33;17;BBET, SPORTBET, TOTOSI;CALCIO | EUROPA - UEFA NATIONS LEAGUE | Serbia - Olanda | GIOCATORE O IL SUO SOSTITUTO SEGNA (INC.TS.) | SI
HANDICAP INFO1 SET;1;;;;NON_MAPPATO;famiglia non riconosciuta;33;31;DOMUSBET;VOLLEY | EUROPA - CAMP. EUROPEO | Italia - Finlandia | HANDICAP INFO1 SET | 1
INFO1 TIRI IN PORTA XXL INFO2;Over;;;;NON_MAPPATO;famiglia non riconosciuta;33;11;STARCASINO;CALCIO | EUROPA - UEFA NATIONS LEAGUE | Germania - Grecia | INFO1 TIRI IN PORTA XXL INFO2 | Over
TIRI TOTALI X E SOSTITUTO (INC.TS.);OVER;;;;NON_MAPPATO;famiglia non riconosciuta;33;16;SPORTBET;CALCIO | EUROPA - UEFA NATIONS LEAGUE | Danimarca - Galles | TIRI TOTALI X E SOSTITUTO (INC.TS.) | OVER
VINCENTE;BK Hacken;;;;NON_MAPPATO;famiglia non riconosciuta;33;33;DOMUSBET, SPORTBET, STARCASINO;CALCIO | SVEZIA - I DIVISIONE F. | Damallsvenskan 2026 | VINCENTE | BK Hacken
VINCENTE;Borussia Dortmund;;;;NON_MAPPATO;famiglia non riconosciuta;33;33;ADMIRAL, BBET, DOMUSBET, SPORTBET, STANLEYBET, STARCASINO, WILLIAMHILL;CALCIO | GERMANIA - I DIVISIONE | Bundesliga 2026/2027 | VINCENTE | Borussia Dortmund
VINCENTE;Ludogorets Razgrad;;;;NON_MAPPATO;famiglia non riconosciuta;33;33;BBET, DOMUSBET, SPORTBET, STANLEYBET, STARCASINO, WILLIAMHILL;CALCIO | BULGARIA - I DIVISIONE | Parva Liga 2026/27 | VINCENTE | Ludogorets Razgrad
VINCENTE;Man Utd;;;;NON_MAPPATO;famiglia non riconosciuta;33;31;ADMIRAL, BBET, DOMUSBET, MARATHON, SPORTBET, STANLEYBET, STARCASINO, WILLIAMHILL;CALCIO | INGHILTERRA - I DIVISIONE | Premier League 26/27 | VINCENTE | Man Utd
VINCENTE;Spagna;;;;NON_MAPPATO;famiglia non riconosciuta;33;31;ADMIRAL, BBET, DOMUSBET, SPORTBET, STANLEYBET, STARCASINO, WILLIAMHILL;CALCIO | EUROPA - UEFA NATIONS LEAGUE | Europa Nations League 2026/2027 | VINCENTE | Spagna
MARCATORE 1°T;SI;;;;NON_MAPPATO;famiglia non riconosciuta;32;20;360BET, BBET, SPORTBET, STANLEYBET, WILLIAMHILL;CALCIO | EUROPA - UEFA NATIONS LEAGUE | Norvegia - Portogallo | MARCATORE 1°T | SI
MULTIGOAL 1°T;Si;;;;NON_MAPPATO;famiglia non riconosciuta;32;11;STARCASINO;CALCIO | EUROPA - UEFA NATIONS LEAGUE | Germania - Grecia | MULTIGOAL 1°T | Si
SET INFO1 GIOCO INFO2 PUNTO INFO3;1;;;;NON_MAPPATO;famiglia non riconosciuta;32;31;DOMUSBET;TENNIS | CHALLENGER DI CINA | Tomic, Bernard - Delaney, Jake | SET INFO1 GIOCO INFO2 PUNTO INFO3 | 1
SOMMA GOL OSPITE;2;;;;NON_MAPPATO;famiglia non riconosciuta;32;32;DOMUSBET;CALCIO | EUROPA - UEFA NATIONS LEAGUE | Norvegia - Portogallo | SOMMA GOL OSPITE | 2
U/O (INCL. OT);Under;;;;NON_MAPPATO;famiglia non riconosciuta;32;26;STARCASINO, WILLIAMHILL;BASKET | GERMANIA - I DIVISIONE | Ulm Basketball - Wurzburg Baskets | U/O (INCL. OT) | Under
U/O INFO1 SQUADRA INFO2 TEMPO INFO3;OVER;;;;NON_MAPPATO;famiglia non riconosciuta;32;13;BBET, SPORTBET, STANLEYBET, TOTOSI;CALCIO | EUROPA - UEFA NATIONS LEAGUE | Danimarca - Galles | U/O INFO1 SQUADRA INFO2 TEMPO INFO3 | OVER
VINCE 1°SET/MATCH;1/2;;;;NON_MAPPATO;famiglia non riconosciuta;32;14;DOMUSBET;TENNIS | TORNEO DI HANGZHOU | Cui, Jie - Vallejo, Adolfo Daniel | VINCE 1°SET/MATCH | 1/2
VINCENTE;Lech Poznan;;;;NON_MAPPATO;famiglia non riconosciuta;32;32;ADMIRAL, BBET, DOMUSBET, MARATHON, SPORTBET, STANLEYBET, STARCASINO;CALCIO | POLONIA - I DIVISIONE | Ekstraklasa 2026/27 | VINCENTE | Lech Poznan
VINCENTE;Monaco;;;;NON_MAPPATO;famiglia non riconosciuta;32;32;ADMIRAL, BBET, DOMUSBET, MARATHON, SPORTBET, STANLEYBET, STARCASINO, WILLIAMHILL;BASKET | FRANCIA - I DIVISIONE | LNB Pro A 2025/26 | VINCENTE | Monaco
1X2 QUARTO + U/O INFO1 INFO2 QUARTO;TEAM1 - OVER N;;1X2;;NON_MAPPATO;etichetta non riconosciuta per famiglia 1X2;31;15;DOMUSBET;BASKET | ITALIA - I DIVISIONE | Olimpia Milano - Pallacanestro Trieste 2004 | 1X2 QUARTO + U/O INFO1 INFO2 QUARTO | TEAM1 - OVER N
T/T + U/O INFO1 GAMES;1+Ov;;;;NON_MAPPATO;famiglia non riconosciuta;31;26;DOMUSBET;TENNIS | TORNEO DI SINGAPORE | Sakkari, Maria - Fruhvirtova, Linda | T/T + U/O INFO1 GAMES | 1+Ov
U/O INFO1 BREAK MATCH;OVER;;;;NON_MAPPATO;famiglia non riconosciuta;31;31;DOMUSBET;TENNIS | TORNEO DI SINGAPORE | Fernandez, Leylah Annie - Gibson, Talia | U/O INFO1 BREAK MATCH | OVER
U/O INFO1 TIRI TOTALI;OVER;;;;NON_MAPPATO;famiglia non riconosciuta;31;22;MARATHON;CALCIO | EUROPA - UEFA NATIONS LEAGUE | Germania - Grecia | U/O INFO1 TIRI TOTALI | OVER
VINCENTE;Fabian Ruiz;;;;NON_MAPPATO;famiglia non riconosciuta;31;31;360BET, ADMIRAL, BBET, DOMUSBET, MARATHON, SPORTBET, STANLEYBET, STARCASINO;CALCIO | PALLONE D'ORO FIFA | Pallone D oro 2026 | VINCENTE | Fabian Ruiz
VINCENTE;Hellas Verona;;;;NON_MAPPATO;famiglia non riconosciuta;31;31;ADMIRAL, BBET, DOMUSBET, MARATHON, SPORTBET, STANLEYBET, STARCASINO, WILLIAMHILL;CALCIO | ITALIA - II DIVISIONE | Serie B 2026 - 2027 | VINCENTE | Hellas Verona
VINCENTE;Union Saint Gilloise;;;;NON_MAPPATO;famiglia non riconosciuta;31;31;ADMIRAL, BBET, DOMUSBET, SPORTBET, STANLEYBET, STARCASINO, WILLIAMHILL;CALCIO | BELGIO - I DIVISIONE | Belgio Jupiler Pro League 2026/27 | VINCENTE | Union Saint Gilloise
DC OUT;X2;;;;NON_MAPPATO;famiglia non riconosciuta;30;10;DOMUSBET, SPORTBET;HOCKEY GHIACCIO | EUROPA - KHL | Amur Khabarovsk - Dinamo Mosca | DC OUT | X2
DNB TEMPO X;1;;;;NON_MAPPATO;famiglia non riconosciuta;30;14;DOMUSBET;CALCIO | ITALIA - I DIVISIONE | Venezia - Lazio | DNB TEMPO X | 1
GIOCATORE INFO1 SEGNA+MULTIESITO;GOL + 1-1/2-2/3-3/4-4;;;;NON_MAPPATO;famiglia non riconosciuta;30;28;DOMUSBET;CALCIO | ITALIA - I DIVISIONE | Roma - Inter | GIOCATORE INFO1 SEGNA+MULTIESITO | GOL + 1-1/2-2/3-3/4-4
GIOCATORE INFO1 SEGNA+RIS.ESATTO;Segna & 4-1;;;;NON_MAPPATO;famiglia non riconosciuta;30;29;DOMUSBET;CALCIO | ITALIA - I DIVISIONE | Milan - Lecce | GIOCATORE INFO1 SEGNA+RIS.ESATTO | Segna & 4-1
HT/FT 12/1X;SI;;;;NON_MAPPATO;famiglia non riconosciuta;30;5;MARATHON, WILLIAMHILL;CALCIO | EUROPA - UEFA NATIONS LEAGUE | Danimarca - Galles | HT/FT 12/1X | SI
RIS. ESATTO HT/FT;0-1 1-2;;;;NON_MAPPATO;famiglia non riconosciuta;30;27;DOMUSBET;CALCIO | GERMANIA - I DIVISIONE | Stoccarda - Borussia Dortmund | RIS. ESATTO HT/FT | 0-1 1-2
RIS. ESATTO HT/FT;2-0 ALTRO;;;;NON_MAPPATO;famiglia non riconosciuta;30;24;DOMUSBET;CALCIO | ITALIA - I DIVISIONE | Milan - Lecce | RIS. ESATTO HT/FT | 2-0 ALTRO
U/O INFO1 SQ. INFO2 - INFO3°T;OVER;;;;NON_MAPPATO;famiglia non riconosciuta;30;6;MARATHON;CALCIO | AMICHEVOLI SQUADRE NAZIONALI | Haiti - Tunisia | U/O INFO1 SQ. INFO2 - INFO3°T | OVER
U/O NUMERO CARTELLINI TEAM X (I.A.33);OVER;;;;NON_MAPPATO;famiglia non riconosciuta;30;21;MARATHON, SPORTBET;CALCIO | EUROPA - UEFA NATIONS LEAGUE | Austria - Kosovo | U/O NUMERO CARTELLINI TEAM X (I.A.33) | OVER
U/O TIRI IN PORTA TEAM 2 INC.TS;Over;;;;NON_MAPPATO;famiglia non riconosciuta;30;24;STARCASINO;CALCIO | EUROPA - UEFA NATIONS LEAGUE | Serbia - Olanda | U/O TIRI IN PORTA TEAM 2 INC.TS | Over
U/O X PUNTI X TEMPO;OVER;;;;NON_MAPPATO;famiglia non riconosciuta;30;2;SPORTBET;FOOTBALL AMERICANO | USA - CAMPIONATO NFL | Denver Broncos - Los Angeles Rams | U/O X PUNTI X TEMPO | OVER
VINCENTE;Antonelli K.;;;;NON_MAPPATO;famiglia non riconosciuta;30;30;DOMUSBET, WILLIAMHILL;AUTOMOBILISMO | MONDO - CAMPIONATO FORMULA 1 | GP Baku GARA | VINCENTE | Antonelli K.
VINCENTE;Polonia;;;;NON_MAPPATO;famiglia non riconosciuta;30;30;DOMUSBET, STANLEYBET;VOLLEY | EUROPA - CAMP. EUROPEO | Campionato Europeo Maschile 2026 | VINCENTE | Polonia
VINCENTE;The New Saints;;;;NON_MAPPATO;famiglia non riconosciuta;30;30;ADMIRAL, DOMUSBET, SPORTBET, STANLEYBET, STARCASINO;CALCIO | GALLES - I DIVISIONE | Premier League 2026/27 | VINCENTE | The New Saints
X O UNDER INFO1 O NG;SI;;;;NON_MAPPATO;famiglia non riconosciuta;30;19;MARATHON;CALCIO | EUROPA - UEFA NATIONS LEAGUE | Norvegia - Portogallo | X O UNDER INFO1 O NG | SI
1X/X2;SI;;;;NON_MAPPATO;famiglia non riconosciuta;29;22;DOMUSBET;CALCIO | ITALIA - I DIVISIONE | Fiorentina - Napoli | 1X/X2 | SI
GG/NG - INFO1°T;NO GOAL;;;;NON_MAPPATO;famiglia non riconosciuta;29;4;STARCASINO, WILLIAMHILL;CALCIO | PORTOGALLO - I DIVISIONE F. | S.C.U. Torreense - CS Maritimo F | GG/NG - INFO1°T | NO GOAL
GIOCATORE O SUO SOSTITUTO SEGNA;SI;;;;NON_MAPPATO;famiglia non riconosciuta;29;23;MARATHON, STANLEYBET, WILLIAMHILL;CALCIO | EUROPA - UEFA NATIONS LEAGUE | Serbia - Olanda | GIOCATORE O SUO SOSTITUTO SEGNA | SI
OSPITE SEGNA 1°T;NO;;;;NON_MAPPATO;famiglia non riconosciuta;29;11;DOMUSBET;CALCIO | DANIMARCA - I DIVISIONE | Odense Boldklub - FC Midtjylland | OSPITE SEGNA 1°T | NO
RIS. ESATTO INFO1°SET;5-7;;;;NON_MAPPATO;famiglia non riconosciuta;29;29;DOMUSBET;TENNIS | TORNEO DI CHENGDU | Tabilo, Alejandro - Mannarino, Adrian | RIS. ESATTO INFO1°SET | 5-7
RIS.ESATTO MULTIPLO;2-3 2-4 3-4 1-5;;;;NON_MAPPATO;famiglia non riconosciuta;29;24;BBET, DOMUSBET, STANLEYBET, TOTOSI;CALCIO | EUROPA - UEFA NATIONS LEAGUE | Norvegia - Portogallo | RIS.ESATTO MULTIPLO | 2-3 2-4 3-4 1-5
SOMMA GOL INFO1°TEMPO;2;;;;NON_MAPPATO;famiglia non riconosciuta;29;10;DOMUSBET;CALCIO | INGHILTERRA - COPPA | Fleetwood Town - Sheffield United FC | SOMMA GOL INFO1°TEMPO | 2
T/T HANDICAP INFO1 INFO2 QUARTO;2;;;;NON_MAPPATO;famiglia non riconosciuta;29;26;DOMUSBET;BASKET | COREA DEL SUD - KUBL | Myongji University - Sungkyunkwan University | T/T HANDICAP INFO1 INFO2 QUARTO | 2
TEMPO CON PIÙ GOAL SQUADRA INFO1;2;;;;NON_MAPPATO;famiglia non riconosciuta;29;4;MARATHON, STARCASINO;CALCIO | EUROPA - CHAMPIONS LEAGUE | Galatasaray - Barcellona | TEMPO CON PIÙ GOAL SQUADRA INFO1 | 2
U/O PUNTI + T/T;1 + OVER;;;;NON_MAPPATO;famiglia non riconosciuta;29;29;BBET, SPORTBET;BASKET | ITALIA - I DIVISIONE | APU Udine - Basket Scafati 1969 | U/O PUNTI + T/T | 1 + OVER
UN INFO1 CASA + UN INFO2 OSPITE;SI;;;;NON_MAPPATO;famiglia non riconosciuta;29;27;DOMUSBET;CALCIO | INGHILTERRA - COPPA FA | Chippenham Town FC - Yate Town | UN INFO1 CASA + UN INFO2 OSPITE | SI
VINCENTE;BUF Bills;;;;NON_MAPPATO;famiglia non riconosciuta;29;29;ADMIRAL, BBET, DOMUSBET, STARCASINO, WILLIAMHILL;FOOTBALL AMERICANO | USA - CAMPIONATO NFL | Afc East 2026/27 | VINCENTE | BUF Bills
X2/12;SI;;;;NON_MAPPATO;famiglia non riconosciuta;29;19;DOMUSBET;CALCIO | ITALIA - I DIVISIONE | Fiorentina - Napoli | X2/12 | SI
GIOCATORE INFO1 SEGNA+RIS.ESATTO;Segna & 1-0;;;;NON_MAPPATO;famiglia non riconosciuta;28;24;DOMUSBET;CALCIO | EUROPA - UEFA NATIONS LEAGUE | Georgia - Irlanda del Nord | GIOCATORE INFO1 SEGNA+RIS.ESATTO | Segna & 1-0
GOL DI TESTA;Si;;;;NON_MAPPATO;famiglia non riconosciuta;28;11;STARCASINO;CALCIO | EUROPA - UEFA NATIONS LEAGUE | Norvegia - Portogallo | GOL DI TESTA | Si
MIGLIORE DEL GRUPPO;Lindblad A.;;;;NON_MAPPATO;famiglia non riconosciuta;28;28;DOMUSBET;AUTOMOBILISMO | MONDO - CAMPIONATO FORMULA 1 | GP Baku GARA | MIGLIORE DEL GRUPPO | Lindblad A.
OVER INFO1 CASA + UNDER INFO2 OSPITE;SI;;;;NON_MAPPATO;famiglia non riconosciuta;28;20;BBET, MARATHON, SPORTBET, STANLEYBET, WILLIAMHILL;CALCIO | EUROPA - UEFA NATIONS LEAGUE | Danimarca - Galles | OVER INFO1 CASA + UNDER INFO2 OSPITE | SI
RIS. ESATTO HT/FT;0-0 1-0;;;;NON_MAPPATO;famiglia non riconosciuta;28;15;DOMUSBET;CALCIO | SPAGNA - I DIVISIONE | Getafe - Malaga CF | RIS. ESATTO HT/FT | 0-0 1-0
RIS.ESATTO MULTIPLO 2;2-0 3-0;;;;NON_MAPPATO;famiglia non riconosciuta;28;23;BBET, DOMUSBET, STANLEYBET;CALCIO | EUROPA - UEFA NATIONS LEAGUE | Danimarca - Galles | RIS.ESATTO MULTIPLO 2 | 2-0 3-0
SOSTITUZIONE 1°T;NO;;;;NON_MAPPATO;famiglia non riconosciuta;28;3;BBET, DOMUSBET;CALCIO | EUROPA - UEFA NATIONS LEAGUE | Inghilterra - Spagna | SOSTITUZIONE 1°T | NO
TUTTE VINCONO;SI;;;;NON_MAPPATO;famiglia non riconosciuta;28;27;BBET, DOMUSBET;CALCIO | SPECIALI CALCIO | Danimarca 27/09 / Olanda 27/09 / Portogallo 27/09 | TUTTE VINCONO | SI
U/O INFO1 TEMPI SUPPL;OVER;;;;NON_MAPPATO;famiglia non riconosciuta;28;28;DOMUSBET;CALCIO | OLANDA - COPPA | JOS Watergraafsmeer - Tec | U/O INFO1 TEMPI SUPPL | OVER
VINCENTE;Bari;;;;NON_MAPPATO;famiglia non riconosciuta;28;28;360BET, ADMIRAL, BBET, DOMUSBET, MARATHON, STANLEYBET, STARCASINO;CALCIO | ITALIA - III DIVISIONE | Serie C Girone C | VINCENTE | Bari
VINCENTE;Lazio;;;;NON_MAPPATO;famiglia non riconosciuta;28;28;360BET, ADMIRAL, BBET, DOMUSBET, MARATHON, SPORTBET, STANLEYBET, STARCASINO, WILLIAMHILL;CALCIO | Serie A | Serie A 2026/27 | VINCENTE | Lazio
VINCENTE;Spezia Calcio;;;;NON_MAPPATO;famiglia non riconosciuta;28;28;ADMIRAL, BBET, DOMUSBET, MARATHON, STANLEYBET, STARCASINO, WILLIAMHILL;CALCIO | ITALIA - III DIVISIONE | Italia - Serie C Girone B | VINCENTE | Spezia Calcio
CAPOCANNONIERE TORNEO;Donyell Malen;;;;NON_MAPPATO;famiglia non riconosciuta;27;27;WILLIAMHILL;CALCIO | ITALIA - I DIVISIONE | Serie A 2026/27 | CAPOCANNONIERE TORNEO | Donyell Malen
MIGLIORE DEL GRUPPO;Verstappen M.;;;;NON_MAPPATO;famiglia non riconosciuta;27;27;DOMUSBET;AUTOMOBILISMO | MONDO - CAMPIONATO FORMULA 1 | GP Baku QUALIFICHE | MIGLIORE DEL GRUPPO | Verstappen M.
MULTIGOAL INFO1-INFO2 - 2°T;SI;;;;NON_MAPPATO;famiglia non riconosciuta;27;12;MARATHON;CALCIO | EUROPA - UEFA NATIONS LEAGUE | Serbia - Olanda | MULTIGOAL INFO1-INFO2 - 2°T | SI
RIS.ESATTO MULTIPLO 5;0-2 0-3 0-4;;;;NON_MAPPATO;famiglia non riconosciuta;27;26;BBET, DOMUSBET, SPORTBET, STANLEYBET;CALCIO | EUROPA - UEFA NATIONS LEAGUE | Serbia - Olanda | RIS.ESATTO MULTIPLO 5 | 0-2 0-3 0-4
SOMMA GOL TEMPO X;>2;;;;NON_MAPPATO;famiglia non riconosciuta;27;10;BBET;CALCIO | ITALIA - III DIVISIONE | S.S.D. Casarano Calcio - Monopoli | SOMMA GOL TEMPO X | >2
TOTALE CORNER (5 ESITI);> DI 14;;;;NON_MAPPATO;famiglia non riconosciuta;27;7;MARATHON, STARCASINO, WILLIAMHILL;CALCIO | EUROPA - UEFA NATIONS LEAGUE | Danimarca - Galles | TOTALE CORNER (5 ESITI) | > DI 14
U/O INFO1 CASA INTERVALLO (INFO2 - INFO3);OVER;;;;NON_MAPPATO;famiglia non riconosciuta;27;24;DOMUSBET;CALCIO | SPAGNA - I DIVISIONE | Barcellona - Racing Santander | U/O INFO1 CASA INTERVALLO (INFO2 - INFO3) | OVER
U/O INFO1 SQUADRA INFO2 INCL. T.S.;UNDER;;;;NON_MAPPATO;famiglia non riconosciuta;27;27;DOMUSBET;BASKET | GERMANIA - I DIVISIONE | Bayern Monaco - Bamberg Baskets | U/O INFO1 SQUADRA INFO2 INCL. T.S. | UNDER
VINCENTE;Francia;;;;NON_MAPPATO;famiglia non riconosciuta;27;27;ADMIRAL, BBET, DOMUSBET, STANLEYBET, STARCASINO;CALCIO | EUROPA - UEFA NATIONS LEAGUE | Europa Nations League 2026/2027 | VINCENTE | Francia
VINCENTE;Giulio Ciccone;;;;NON_MAPPATO;famiglia non riconosciuta;27;27;BBET, DOMUSBET, SPORTBET, STANLEYBET, STARCASINO, WILLIAMHILL;CICLISMO | MONDIALI SU STRADA | Montreal 2026 - Corsa In Linea Maschile Elite | VINCENTE | Giulio Ciccone
VINCENTE;Lionel Messi;;;;NON_MAPPATO;famiglia non riconosciuta;27;27;ADMIRAL, BBET, DOMUSBET, MARATHON, SPORTBET, STANLEYBET, STARCASINO, WILLIAMHILL;CALCIO | PALLONE D'ORO FIFA | Pallone D oro 2026 | VINCENTE | Lionel Messi
VINCENTE;Wolverhampton;;;;NON_MAPPATO;famiglia non riconosciuta;27;27;ADMIRAL, BBET, DOMUSBET, STANLEYBET, WILLIAMHILL;CALCIO | INGHILTERRA - II DIVISIONE | Championship 2026/27 | VINCENTE | Wolverhampton
12+U/O INFO1 INFO2°T;12 + UN;;;;NON_MAPPATO;famiglia non riconosciuta;26;5;DOMUSBET;CALCIO | ITALIA - III DIVISIONE | Grosseto - Campobasso | 12+U/O INFO1 INFO2°T | 12 + UN
PAREGGIO 1°T O PARTITA;SI;;;;NON_MAPPATO;famiglia non riconosciuta;26;6;STANLEYBET, WILLIAMHILL;CALCIO | EUROPA - UEFA NATIONS LEAGUE | Israele - Irlanda | PAREGGIO 1°T O PARTITA | SI
RIS. ESATTO SET INFO1 GIOCO INFO2;G2 VINCE A 30;;;;NON_MAPPATO;famiglia non riconosciuta;26;26;DOMUSBET;TENNIS | BILLIE JEAN KING CUP | Paolini, Jasmine - Zheng, Qinwen | RIS. ESATTO SET INFO1 GIOCO INFO2 | G2 VINCE A 30
U/O INFO1 SET MATCH;OVER;;;;NON_MAPPATO;famiglia non riconosciuta;26;22;DOMUSBET;TENNIS | COPPA DAVIS | Mensik, Jakub - Tien, Learner | U/O INFO1 SET MATCH | OVER
UN 1°T + UN 2°T;SI;;;;NON_MAPPATO;famiglia non riconosciuta;26;19;MARATHON, SPORTBET, STANLEYBET;CALCIO | EUROPA - UEFA NATIONS LEAGUE | Gibilterra - Andorra | UN 1°T + UN 2°T | SI
VINCENTE;Tottenham;;;;NON_MAPPATO;famiglia non riconosciuta;26;26;ADMIRAL, DOMUSBET, STANLEYBET, STARCASINO, WILLIAMHILL;CALCIO | INGHILTERRA - I DIVISIONE | Premier League 26/27 | VINCENTE | Tottenham
VINCENTE SENZA SQUADRA X I.A.5;Borussia Dortmund;;;;NON_MAPPATO;famiglia non riconosciuta;26;26;ADMIRAL, MARATHON, STARCASINO;CALCIO | GERMANIA - I DIVISIONE | Bundesliga 2026/2027 Senza Bayern Monaco | VINCENTE SENZA SQUADRA X I.A.5 | Borussia Dortmund
X O OV;Si;;;;NON_MAPPATO;famiglia non riconosciuta;26;17;STARCASINO;CALCIO | EUROPA - UEFA NATIONS LEAGUE | Norvegia - Portogallo | X O OV | Si
GG 1 TEMPO OR GG 2 TEMPO SI/NO;Si;;;;NON_MAPPATO;famiglia non riconosciuta;25;3;STARCASINO;CALCIO | ITALIA - I DIVISIONE | Torino - Udinese | GG 1 TEMPO OR GG 2 TEMPO SI/NO | Si
GIOCATORE INFO1 SEGNA+RIS.ESATTO;Segna & 1-4;;;;NON_MAPPATO;famiglia non riconosciuta;25;21;DOMUSBET;CALCIO | ITALIA - I DIVISIONE | Venezia - Lazio | GIOCATORE INFO1 SEGNA+RIS.ESATTO | Segna & 1-4
GOL DA FUORI AREA;SI;;;;NON_MAPPATO;famiglia non riconosciuta;25;9;MARATHON, STANLEYBET, WILLIAMHILL;CALCIO | EUROPA - CHAMPIONS LEAGUE | LASK Linz - Liverpool | GOL DA FUORI AREA | SI
RIGORE SQUADRA X;SI;;;;NON_MAPPATO;famiglia non riconosciuta;25;5;BBET, MARATHON, SPORTBET, WILLIAMHILL;CALCIO | ITALIA - III DIVISIONE | Delfino Pescara - Spezia Calcio | RIGORE SQUADRA X | SI
RIS. ESATTO SET INFO1 GIOCO INFO2;G1 VINCE A 30;;;;NON_MAPPATO;famiglia non riconosciuta;25;25;DOMUSBET;TENNIS | BILLIE JEAN KING CUP | Paolini, Jasmine - Zheng, Qinwen | RIS. ESATTO SET INFO1 GIOCO INFO2 | G1 VINCE A 30
RIS.ESATTO MULTIPLO 2;4-0 4-1;;;;NON_MAPPATO;famiglia non riconosciuta;25;20;BBET, DOMUSBET, STANLEYBET;CALCIO | EUROPA - UEFA NATIONS LEAGUE | Danimarca - Galles | RIS.ESATTO MULTIPLO 2 | 4-0 4-1
SQUADRA VINCE ENTRAMBI TEMPI;SI;;;;NON_MAPPATO;famiglia non riconosciuta;25;13;SPORTBET;CALCIO | EUROPA - UEFA NATIONS LEAGUE | San Marino - Albania | SQUADRA VINCE ENTRAMBI TEMPI | SI
TESTA A TESTA;2;;;;NON_MAPPATO;famiglia non riconosciuta;25;22;STARCASINO, WILLIAMHILL;VOLLEY | EUROPA - CAMP. EUROPEO | Belgio - Slovenia | TESTA A TESTA | 2
U/O (OT&SO);OVER;;;;NON_MAPPATO;famiglia non riconosciuta;25;7;BBET, SPORTBET, TOTOSI;HOCKEY GHIACCIO | CANADA - OHL U20 | Brantford Bulldogs - Sudbury Wolves | U/O (OT&SO) | OVER
VINCENTE;Heracles;;;;NON_MAPPATO;famiglia non riconosciuta;25;25;DOMUSBET, SPORTBET, STANLEYBET, STARCASINO, WILLIAMHILL;CALCIO | OLANDA - II DIVISIONE | Eerste Divisie 2026/27 | VINCENTE | Heracles
VINCENTE;Sporting Lisbona;;;;NON_MAPPATO;famiglia non riconosciuta;25;25;ADMIRAL, BBET, DOMUSBET, SPORTBET, STANLEYBET, STARCASINO, WILLIAMHILL;CALCIO | PORTOGALLO - I DIVISIONE | Primera Liga 2026/27 | VINCENTE | Sporting Lisbona
VINCENTE INFO AGG;Como;;;;NON_MAPPATO;famiglia non riconosciuta;25;25;WILLIAMHILL;CALCIO | ITALIA - I DIVISIONE | Serie A 2026/27 | VINCENTE INFO AGG | Como
1 O OV TEMPO;SI;;;;NON_MAPPATO;famiglia non riconosciuta;24;7;BBET, STANLEYBET;CALCIO | ITALIA - III DIVISIONE | Delfino Pescara - Spezia Calcio | 1 O OV TEMPO | SI
12 + UNDER/OVER;12 + OVER;;U/O Gol;Over 12.5;NON_MAPPATO;coppia famiglia/esito non presente nel catalogo: U/O Gol / Over 12.5;24;7;360BET;CALCIO | EUROPA - UEFA NATIONS LEAGUE | Germania - Grecia | 12 + UNDER/OVER | 12 + OVER
GIOCATORE INFO1 SEGNA+RIS.ESATTO;Segna & 3-3;;;;NON_MAPPATO;famiglia non riconosciuta;24;20;DOMUSBET;CALCIO | ITALIA - I DIVISIONE | Roma - Inter | GIOCATORE INFO1 SEGNA+RIS.ESATTO | Segna & 3-3
MAGGIOR NUMERI DI 180 NELL'INC;X;;;;NON_MAPPATO;famiglia non riconosciuta;24;8;DOMUSBET;FRECCETTE | MONDO - MODUS ICONS OF DARTS LEAGUE | Robertson, Scott - Winder, Scott | MAGGIOR NUMERI DI 180 NELL'INC | X
MIGLIORE DEL GRUPPO;Lawson L.;;;;NON_MAPPATO;famiglia non riconosciuta;24;24;DOMUSBET;AUTOMOBILISMO | MONDO - CAMPIONATO FORMULA 1 | GP Baku GARA | MIGLIORE DEL GRUPPO | Lawson L.
RIS. ESATTO SET INFO1 GIOCO INFO2;G2 VINCE A 0;;;;NON_MAPPATO;famiglia non riconosciuta;24;24;DOMUSBET;TENNIS | TORNEO DI SINGAPORE | Wang, Xinyu - Prozorova, Tatiana | RIS. ESATTO SET INFO1 GIOCO INFO2 | G2 VINCE A 0
SQUADRA INFO1 SEGNA IN ENTRAMBI I TEMPI;Si;;;;NON_MAPPATO;famiglia non riconosciuta;24;16;STARCASINO;CALCIO | EUROPA - UEFA NATIONS LEAGUE | Danimarca - Galles | SQUADRA INFO1 SEGNA IN ENTRAMBI I TEMPI | Si
T/T SET (ESCL. RITIRO);1;;;;NON_MAPPATO;famiglia non riconosciuta;24;21;MARATHON, STARCASINO, WILLIAMHILL;TENNIS | CHALLENGER DI USA | Hance, Keaton - Antonius, Michael | T/T SET (ESCL. RITIRO) | 1
U/O ASSIST;Over;;;;NON_MAPPATO;famiglia non riconosciuta;24;7;STARCASINO, WILLIAMHILL;BASKET | ITALIA - I DIVISIONE | Olimpia Milano - Pallacanestro Trieste 2004 | U/O ASSIST | Over
U/O PUNTI (INCL. OT);UNDER;;;;NON_MAPPATO;famiglia non riconosciuta;24;13;MARATHON, SPORTBET;BASKET | ITALIA - II DIVISIONE | Libertas Livorno - AS Pistoia Basket 2000 | U/O PUNTI (INCL. OT) | UNDER
U/O PUNTI (INCL. T.S.);UNDER;;;;NON_MAPPATO;famiglia non riconosciuta;24;18;360BET, BBET, TOTOSI;BASKET | ITALIA - II DIVISIONE | Benedetto Xiv Cento - US Victoria Libertas | U/O PUNTI (INCL. T.S.) | UNDER
VINCENTE;LA Rams;;;;NON_MAPPATO;famiglia non riconosciuta;24;24;ADMIRAL, DOMUSBET, SPORTBET, STARCASINO, WILLIAMHILL;FOOTBALL AMERICANO | USA - CAMPIONATO NFL | NFL - NFC Conference 2026/27 | VINCENTE | LA Rams
VINCENTE;Marsiglia;;;;NON_MAPPATO;famiglia non riconosciuta;24;24;ADMIRAL, BBET, DOMUSBET, MARATHON, SPORTBET, STANLEYBET, STARCASINO, WILLIAMHILL;CALCIO | FRANCIA - COPPA | Coppa Di Francia 2026/27 | VINCENTE | Marsiglia
1 O UN;SI;;;;NON_MAPPATO;famiglia non riconosciuta;23;17;DOMUSBET, SPORTBET;CALCIO | EUROPA - EUROPA LEAGUE | Milan - Benfica | 1 O UN | SI
2 O OV;Si;;;;NON_MAPPATO;famiglia non riconosciuta;23;7;STARCASINO;CALCIO | EUROPA - UEFA NATIONS LEAGUE | Romania - Bosnia-Erzegovina | 2 O OV | Si
MIGLIORE DEL GRUPPO;Hamilton L.;;;;NON_MAPPATO;famiglia non riconosciuta;23;23;DOMUSBET;AUTOMOBILISMO | MONDO - CAMPIONATO FORMULA 1 | GP Baku GARA | MIGLIORE DEL GRUPPO | Hamilton L.
OSPITE SEGNA;NO;;;;NON_MAPPATO;famiglia non riconosciuta;23;22;360BET, DOMUSBET, WILLIAMHILL;CALCIO | AMICHEVOLI SQUADRE NAZIONALI | Malta - Liechtenstein | OSPITE SEGNA | NO
PARI/DISPARI INFO1 TEMPO;PARI;;;;NON_MAPPATO;famiglia non riconosciuta;23;5;BBET, SPORTBET;CALCIO | ITALIA - III DIVISIONE | S.S.D. Casarano Calcio - Monopoli | PARI/DISPARI INFO1 TEMPO | PARI
PARI/DISPARI OSPITE;PARI;;;;NON_MAPPATO;famiglia non riconosciuta;23;10;DOMUSBET;CALCIO | FRANCIA - I DIVISIONE | Lione - Rennes | PARI/DISPARI OSPITE | PARI
RIS. ESATTO HT/FT;0-0 0-1;;;;NON_MAPPATO;famiglia non riconosciuta;23;11;DOMUSBET;CALCIO | ITALIA - I DIVISIONE | Juventus - Atalanta | RIS. ESATTO HT/FT | 0-0 0-1
RIS.ESATTO MULTIPLO 1;4-1 4-2 4-3;;;;NON_MAPPATO;famiglia non riconosciuta;23;15;BBET, DOMUSBET, STANLEYBET;CALCIO | EUROPA - UEFA NATIONS LEAGUE | Norvegia - Portogallo | RIS.ESATTO MULTIPLO 1 | 4-1 4-2 4-3
U/O CARTELLINI 1°TEMPO;OVER;;;;NON_MAPPATO;famiglia non riconosciuta;23;4;360BET, SPORTBET, STANLEYBET;CALCIO | BRASILE - II DIVISIONE | Fortaleza CE - Athletic Club Sjdr MG | U/O CARTELLINI 1°TEMPO | OVER
U/O GAME;Over;;;;NON_MAPPATO;famiglia non riconosciuta;23;16;STARCASINO;TENNIS | LAVER CUP | Jodar, Rafael - Fritz, Taylor | U/O GAME | Over
U/O INFO1 (OT&SO);UNDER;;;;NON_MAPPATO;famiglia non riconosciuta;23;7;DOMUSBET;HOCKEY GHIACCIO | AMERICA - NHL | Philadelphia Flyers - Boston Bruins | U/O INFO1 (OT&SO) | UNDER
U/O INFO1 TIRI TOTALI (INCL. TS.);Over;;;;NON_MAPPATO;famiglia non riconosciuta;23;16;WILLIAMHILL;CALCIO | EUROPA - UEFA NATIONS LEAGUE | Serbia - Olanda | U/O INFO1 TIRI TOTALI (INCL. TS.) | Over
U/O TIRI TOTALI TEAM1 INCL.TS;Over;;;;NON_MAPPATO;famiglia non riconosciuta;23;22;STARCASINO;CALCIO | EUROPA - UEFA NATIONS LEAGUE | Serbia - Olanda | U/O TIRI TOTALI TEAM1 INCL.TS | Over
VINCENTE;Lamine Yamal;;;;NON_MAPPATO;famiglia non riconosciuta;23;23;ADMIRAL, BBET, DOMUSBET, SPORTBET, STANLEYBET, STARCASINO, WILLIAMHILL;CALCIO | PALLONE D'ORO FIFA | Pallone D oro 2026 | VINCENTE | Lamine Yamal
VINCENTE;OKC Thunder;;;;NON_MAPPATO;famiglia non riconosciuta;23;23;ADMIRAL, DOMUSBET, STARCASINO, WILLIAMHILL;BASKET | USA - NBA | NBA Cup 2026/27 | VINCENTE | OKC Thunder
VINCENTE INFO AGG;Napoli;;;;NON_MAPPATO;famiglia non riconosciuta;23;19;WILLIAMHILL;CALCIO | ITALIA - I DIVISIONE | Serie A 2026/27 | VINCENTE INFO AGG | Napoli
CAPOCANNONIERE TORNEO;Kylian Mbappe;;;;NON_MAPPATO;famiglia non riconosciuta;22;22;WILLIAMHILL;CALCIO | MONDO - MONDIALI | Mondiali 2026 | CAPOCANNONIERE TORNEO | Kylian Mbappe
RIGORE + ESPULSIONE T.R;NO+NO;;;;NON_MAPPATO;famiglia non riconosciuta;22;4;DOMUSBET;CALCIO | EUROPA - EUROPA LEAGUE | FC Ararat-Armenia - Sparta Praga | RIGORE + ESPULSIONE T.R | NO+NO
RIS.ESATTO MULTIPLO 2;1-2 0-3;;;;NON_MAPPATO;famiglia non riconosciuta;22;17;BBET, DOMUSBET, STANLEYBET;CALCIO | EUROPA - UEFA NATIONS LEAGUE | Serbia - Olanda | RIS.ESATTO MULTIPLO 2 | 1-2 0-3
RIS.ESATTO MULTIPLO 5;0-0 1-0 0-1;;;;NON_MAPPATO;famiglia non riconosciuta;22;18;BBET, DOMUSBET, STANLEYBET;CALCIO | ITALIA - III DIVISIONE | S.S.D. Casarano Calcio - Monopoli | RIS.ESATTO MULTIPLO 5 | 0-0 1-0 0-1
U/O INFO1 CARTELLINI;UNDER;;;;NON_MAPPATO;famiglia non riconosciuta;22;10;MARATHON, TOTOSI;CALCIO | EUROPA - UEFA NATIONS LEAGUE | Lituania - Azerbaigian | U/O INFO1 CARTELLINI | UNDER
U/O INFO1 CARTELLINI SQUADRA INFO2;Over;;;;NON_MAPPATO;famiglia non riconosciuta;22;22;WILLIAMHILL;CALCIO | EUROPA - UEFA NATIONS LEAGUE | Israele - Irlanda | U/O INFO1 CARTELLINI SQUADRA INFO2 | Over
UNDER/OVER;OVER;;;;NON_MAPPATO;famiglia non riconosciuta;22;11;DOMUSBET;RUGBY | NUOVA ZELANDA - I DIVISIONE | North Harbour - Otago | UNDER/OVER | OVER
VINCENTE;Atletico Madrid;;;;NON_MAPPATO;famiglia non riconosciuta;22;22;ADMIRAL, BBET, DOMUSBET, SPORTBET, STANLEYBET, WILLIAMHILL;CALCIO | EUROPA - CHAMPIONS LEAGUE | UEFA Champions League 26/27 | VINCENTE | Atletico Madrid
VINCENTE;Catania;;;;NON_MAPPATO;famiglia non riconosciuta;22;22;ADMIRAL, BBET, DOMUSBET, MARATHON, SPORTBET, STANLEYBET, STARCASINO, WILLIAMHILL;CALCIO | ITALIA - III DIVISIONE | Serie C Girone C | VINCENTE | Catania
VINCENTE;Jannik Sinner;;;;NON_MAPPATO;famiglia non riconosciuta;22;22;ADMIRAL, BBET, DOMUSBET, MARATHON, SPORTBET, STARCASINO, WILLIAMHILL;TENNIS | AUSTRALIAN OPEN | Australian Open Maschile 2027 | VINCENTE | Jannik Sinner
VINCENTE;LASK Linz;;;;NON_MAPPATO;famiglia non riconosciuta;22;22;ADMIRAL, BBET, DOMUSBET, SPORTBET, STANLEYBET, STARCASINO, WILLIAMHILL;CALCIO | AUSTRIA - I DIVISIONE | Bundesliga (AUT) 2026/27 | VINCENTE | LASK Linz
VINCENTE INFO AGG;Roma;;;;NON_MAPPATO;famiglia non riconosciuta;22;22;WILLIAMHILL;CALCIO | ITALIA - I DIVISIONE | Serie A 2026/27 | VINCENTE INFO AGG | Roma
2/1X;SI;;;;NON_MAPPATO;famiglia non riconosciuta;21;9;DOMUSBET;CALCIO | EUROPA - EUROPA LEAGUE | Besiktas - Marsiglia | 2/1X | SI
CASA NO BET;X;;;;NON_MAPPATO;famiglia non riconosciuta;21;16;DOMUSBET;CALCIO | INGHILTERRA - COPPA | Peterborough United - Barnsley | CASA NO BET | X
ESONERATO/DIMISSIONARIO;SI;;;;NON_MAPPATO;famiglia non riconosciuta;21;10;ADMIRAL, STANLEYBET;CALCIO | ITALIA - I DIVISIONE | Esonero O Dimissioni Al 25/12/2026 | ESONERATO/DIMISSIONARIO | SI
G2 VINCE ALMENO 1 SET;Si;;;;NON_MAPPATO;famiglia non riconosciuta;21;15;STARCASINO;TENNIS | TORNEO DI HANGZHOU | Medvedev, Daniil - Wong, Coleman | G2 VINCE ALMENO 1 SET | Si
GIOCATORE INFO1 SEGNA , ASSIST E CARTELLINO (INC.TS.);SI;;;;NON_MAPPATO;famiglia non riconosciuta;21;17;DOMUSBET;CALCIO | ITALIA - I DIVISIONE | Roma - Inter | GIOCATORE INFO1 SEGNA , ASSIST E CARTELLINO (INC.TS.) | SI
GOL DA FUORI AREA;Si;;;;NON_MAPPATO;famiglia non riconosciuta;21;12;STARCASINO;CALCIO | EUROPA - UEFA NATIONS LEAGUE | Danimarca - Galles | GOL DA FUORI AREA | Si
MIGLIORE DEL GRUPPO;Leclerc C.;;;;NON_MAPPATO;famiglia non riconosciuta;21;21;DOMUSBET;AUTOMOBILISMO | MONDO - CAMPIONATO FORMULA 1 | GP Baku GARA | MIGLIORE DEL GRUPPO | Leclerc C.
PARZ/FIN+U/O INFO1 INFO2°T;1/1 + OVER;;;;NON_MAPPATO;famiglia non riconosciuta;21;19;DOMUSBET;CALCIO | EUROPA - EUROPA LEAGUE | Bayer Leverkusen - NK Celje | PARZ/FIN+U/O INFO1 INFO2°T | 1/1 + OVER
RIS.ESATTO MULTIPLO;1 ALTRO;;;;NON_MAPPATO;famiglia non riconosciuta;21;14;BBET, DOMUSBET;CALCIO | EUROPA - UEFA NATIONS LEAGUE | Germania - Grecia | RIS.ESATTO MULTIPLO | 1 ALTRO
RIS.ESATTO MULTIPLO 3;3-1 3-2;;;;NON_MAPPATO;famiglia non riconosciuta;21;14;BBET, DOMUSBET, STANLEYBET;CALCIO | ITALIA - III DIVISIONE | Perugia - AC Reggiana 1919 | RIS.ESATTO MULTIPLO 3 | 3-1 3-2
RISULTATO ESATTO TEMPO;Altro;;Risultato Esatto;;NON_MAPPATO;etichetta non riconosciuta per famiglia Risultato Esatto;21;6;STARCASINO, WILLIAMHILL;CALCIO | EUROPA - UEFA NATIONS LEAGUE | Inghilterra - Spagna | RISULTATO ESATTO TEMPO | Altro
T/T + U/O INFO1 INCL. T.S.;TEAM 1 + OVER;;;;NON_MAPPATO;famiglia non riconosciuta;21;9;DOMUSBET;BASKET | EUROPA - EUROLEGA | KK Partizan Belgrade - Olimpia Milano | T/T + U/O INFO1 INCL. T.S. | TEAM 1 + OVER
TOTALE CORNER (5 ESITI);6 - 8;;;;NON_MAPPATO;famiglia non riconosciuta;21;7;BBET, DOMUSBET;CALCIO | ITALIA - III DIVISIONE | Perugia - AC Reggiana 1919 | TOTALE CORNER (5 ESITI) | 6 - 8
U/O INFO1 FALLI COMMESSI INCL TS;Over;;;;NON_MAPPATO;famiglia non riconosciuta;21;19;STARCASINO;CALCIO | EUROPA - UEFA NATIONS LEAGUE | Norvegia - Portogallo | U/O INFO1 FALLI COMMESSI INCL TS | Over
U/O INFO1 SQUADRA INFO2 RT;UNDER;;;;NON_MAPPATO;famiglia non riconosciuta;21;8;DOMUSBET;HOCKEY GHIACCIO | FINLANDIA - I DIVISIONE | Tappara Tampere - Karpat Oulu | U/O INFO1 SQUADRA INFO2 RT | UNDER
U/O INFO1 TIRI IN PORTA INCL.TS;UNDER;;;;NON_MAPPATO;famiglia non riconosciuta;21;19;DOMUSBET;CALCIO | EUROPA - UEFA NATIONS LEAGUE | Turchia - Francia | U/O INFO1 TIRI IN PORTA INCL.TS | UNDER
VINCENTE;Brighton;;;;NON_MAPPATO;famiglia non riconosciuta;21;20;BBET, DOMUSBET, SPORTBET, STANLEYBET, STARCASINO, WILLIAMHILL;CALCIO | EUROPA - CONFERENCE LEAGUE | Conference League 2026/27 | VINCENTE | Brighton
VINCENTE;Hammarby;;;;NON_MAPPATO;famiglia non riconosciuta;21;21;ADMIRAL, BBET, DOMUSBET, MARATHON, SPORTBET, STANLEYBET, STARCASINO, WILLIAMHILL;CALCIO | SVEZIA - I DIVISIONE | Allsvenskanliga 2026 | VINCENTE | Hammarby
VINCENTE;Kylian Mbappe;;;;NON_MAPPATO;famiglia non riconosciuta;21;21;ADMIRAL, BBET, DOMUSBET, MARATHON, SPORTBET, STANLEYBET, STARCASINO, WILLIAMHILL;CALCIO | PALLONE D'ORO FIFA | Pallone D oro 2026 | VINCENTE | Kylian Mbappe
VINCERANNO TUTTI;Si;;;;NON_MAPPATO;famiglia non riconosciuta;21;21;STARCASINO;CALCIO | SPECIALI CALCIO | Olanda 27/09 / Norvegia 27/09 / Danimarca 27/09 | VINCERANNO TUTTI | Si
1/X2;SI;;;;NON_MAPPATO;famiglia non riconosciuta;20;9;DOMUSBET;CALCIO | EUROPA - EUROPA LEAGUE | Besiktas - Marsiglia | 1/X2 | SI
GIOC. INFO1 SEGNA+U/O INFO2;SEGNA + OVER;;;;NON_MAPPATO;famiglia non riconosciuta;20;15;DOMUSBET;CALCIO | EUROPA - UEFA NATIONS LEAGUE | Germania - Grecia | GIOC. INFO1 SEGNA+U/O INFO2 | SEGNA + OVER
INFO1 MARCATORE + 1X;MARCATORE + 1X;;;;NON_MAPPATO;famiglia non riconosciuta;20;19;STARCASINO;CALCIO | EUROPA - UEFA NATIONS LEAGUE | Danimarca - Galles | INFO1 MARCATORE + 1X | MARCATORE + 1X
METODO DEL GOL;TIRO;;;;NON_MAPPATO;famiglia non riconosciuta;20;6;360BET, BBET, SPORTBET, STANLEYBET;CALCIO | EUROPA - UEFA NATIONS LEAGUE | Germania - Grecia | METODO DEL GOL | TIRO
MINUTO ULTIMO GOL;46 - 60;;;;NON_MAPPATO;famiglia non riconosciuta;20;20;DOMUSBET;CALCIO | OLANDA - COPPA | KONINKLIJKE HFC - Dovo Veenendaal | MINUTO ULTIMO GOL | 46 - 60
OSPITE NO BET;1;;;;NON_MAPPATO;famiglia non riconosciuta;20;12;SPORTBET;CALCIO | EUROPA - UEFA NATIONS LEAGUE | Islanda - Estonia | OSPITE NO BET | 1
PAREGGIO 1°T O PARTITA;Si;;;;NON_MAPPATO;famiglia non riconosciuta;20;14;STARCASINO;CALCIO | EUROPA - UEFA NATIONS LEAGUE | Israele - Irlanda | PAREGGIO 1°T O PARTITA | Si
RISULTATO ESATTO;Altro;;Risultato Esatto;;NON_MAPPATO;etichetta non riconosciuta per famiglia Risultato Esatto;20;13;STARCASINO, WILLIAMHILL;CALCIO | EUROPA - UEFA NATIONS LEAGUE | Austria - Kosovo | RISULTATO ESATTO | Altro
SEGNA O FA ASSIST GIOCATORE X O IL SUO SOSTITUTO;SI;;;;NON_MAPPATO;famiglia non riconosciuta;20;7;STANLEYBET;CALCIO | EUROPA - UEFA NATIONS LEAGUE | Israele - Irlanda | SEGNA O FA ASSIST GIOCATORE X O IL SUO SOSTITUTO | SI
T/T HANDICAP GAMES;2;;;;NON_MAPPATO;famiglia non riconosciuta;20;20;MARATHON, STARCASINO, WILLIAMHILL;TENNIS | LAVER CUP | Alcaraz, Carlos - de Minaur, Alex | T/T HANDICAP GAMES | 2
T/T SET (ESCL. RITIRO);2;;;;NON_MAPPATO;famiglia non riconosciuta;20;17;MARATHON, STARCASINO, WILLIAMHILL;TENNIS | CHALLENGER DI USA | Hance, Keaton - Antonius, Michael | T/T SET (ESCL. RITIRO) | 2
T/T TEMPO INFO1;1;;;;NON_MAPPATO;famiglia non riconosciuta;20;20;DOMUSBET;BASKET | SPAGNA - I DIVISIONE | Real Madrid - Malaga | T/T TEMPO INFO1 | 1
U/O  INFO1 - INFO2° TEMPO;Under;;;;NON_MAPPATO;famiglia non riconosciuta;20;16;STARCASINO, WILLIAMHILL;CALCIO | TRINIDAD E TOBAGO - I DIV. | Defence Force - Port Of Spagna | U/O INFO1 - INFO2° TEMPO | Under
U/O FALLI COMMESSI INCL.TS;OVER;;;;NON_MAPPATO;famiglia non riconosciuta;20;10;360BET, BBET;CALCIO | EUROPA - UEFA NATIONS LEAGUE | Gibilterra - Andorra | U/O FALLI COMMESSI INCL.TS | OVER
U/O INFO1 INFO2 TEMPO;OVER;OVER;;;NON_MAPPATO;famiglia non riconosciuta;20;16;DOMUSBET;CALCIO | REP. CECA - COPPA | FK Varnsdorf - Slavia Praga | U/O INFO1 INFO2 TEMPO | OVER
VAR (ONFIELDREVIEW) INC. SUPPL;SI;;;;NON_MAPPATO;famiglia non riconosciuta;20;16;DOMUSBET;CALCIO | FRANCIA - I DIVISIONE | Marsiglia - PSG | VAR (ONFIELDREVIEW) INC. SUPPL | SI
VINCENTE;Alexander Zverev;;;;NON_MAPPATO;famiglia non riconosciuta;20;19;ADMIRAL, DOMUSBET, MARATHON, SPORTBET, STANLEYBET, STARCASINO, WILLIAMHILL;TENNIS | ROLAND GARROS | Roland Garros 2026 | VINCENTE | Alexander Zverev
VINCENTE;Alonso D.;;;;NON_MAPPATO;famiglia non riconosciuta;20;20;ADMIRAL, BBET, DOMUSBET, STANLEYBET, TOTOSI, WILLIAMHILL;MOTOCICLISMO | MONDO - MOTOMONDIALE | Mondiale Moto2 2026 | VINCENTE | Alonso D.
VINCENTE;Armani Olimpia Milano;;;;NON_MAPPATO;famiglia non riconosciuta;20;20;ADMIRAL, DOMUSBET, MARATHON, SPORTBET, STARCASINO, WILLIAMHILL;BASKET | ITALIA - I DIVISIONE | Lba 2026/27 | VINCENTE | Armani Olimpia Milano
VINCENTE;Bayer Leverkusen;;;;NON_MAPPATO;famiglia non riconosciuta;20;20;ADMIRAL, BBET, DOMUSBET, MARATHON, SPORTBET, STANLEYBET, STARCASINO, WILLIAMHILL;CALCIO | GERMANIA - I DIVISIONE | Bundesliga 2026/2027 | VINCENTE | Bayer Leverkusen
VINCENTE;Hertha Berlino;;;;NON_MAPPATO;famiglia non riconosciuta;20;20;DOMUSBET, STANLEYBET, STARCASINO, WILLIAMHILL;CALCIO | GERMANIA - II DIVISIONE | Bundesliga II 2026/27 | VINCENTE | Hertha Berlino
VINCENTE;Norris L.;;;;NON_MAPPATO;famiglia non riconosciuta;20;20;ADMIRAL, DOMUSBET, MARATHON, STARCASINO, WILLIAMHILL;AUTOMOBILISMO | MONDO - CAMPIONATO FORMULA 1 | Formula 1 Mondiale Piloti 2026 | VINCENTE | Norris L.
1 O OV;Si;;;;NON_MAPPATO;famiglia non riconosciuta;19;5;STARCASINO;CALCIO | EUROPA - UEFA NATIONS LEAGUE | Israele - Kosovo | 1 O OV | Si
1X + U/O INFO1 - INFO2°T;1X + UNDER;;;;NON_MAPPATO;famiglia non riconosciuta;19;3;STARCASINO, WILLIAMHILL;CALCIO | EUROPA - UEFA NATIONS LEAGUE | Gibilterra - Andorra | 1X + U/O INFO1 - INFO2°T | 1X + UNDER
AMMONITO XXL;SI;;;;NON_MAPPATO;famiglia non riconosciuta;19;13;WILLIAMHILL;CALCIO | EUROPA - UEFA NATIONS LEAGUE | Norvegia - Portogallo | AMMONITO XXL | SI
CASA U/O INFO1 1°T + INFO2 2°T;UN + OV;;;;NON_MAPPATO;famiglia non riconosciuta;19;13;DOMUSBET;CALCIO | EUROPA - UEFA NATIONS LEAGUE | Polonia - Bosnia-Erzegovina | CASA U/O INFO1 1°T + INFO2 2°T | UN + OV
GIOC. INFO1 MARCATORE 0-15°;SI;;;;NON_MAPPATO;famiglia non riconosciuta;19;18;DOMUSBET;CALCIO | ITALIA - I DIVISIONE | Roma - Inter | GIOC. INFO1 MARCATORE 0-15° | SI
GIOC. INFO1 O GIOC. INFO2 + SOST. ASSIST INCL. TS;SI;;;;NON_MAPPATO;famiglia non riconosciuta;19;19;DOMUSBET;CALCIO | ITALIA - I DIVISIONE | Juventus - Atalanta | GIOC. INFO1 O GIOC. INFO2 + SOST. ASSIST INCL. TS | SI
GOL INFO1 INFO2°TEMPO;NESSUNO;;;;NON_MAPPATO;famiglia non riconosciuta;19;18;DOMUSBET;CALCIO | ITALIA - I DIVISIONE | Milan - Lecce | GOL INFO1 INFO2°TEMPO | NESSUNO
HANDICAP INFO1 CORNER - INFO2°T;SQUADRA CASA;;;;NON_MAPPATO;famiglia non riconosciuta;19;19;STARCASINO, WILLIAMHILL;CALCIO | EUROPA - UEFA NATIONS LEAGUE | Danimarca - Galles | HANDICAP INFO1 CORNER - INFO2°T | SQUADRA CASA
INFO1 TIRI IN PORTA: ALMENO INFO2;SI;;;;NON_MAPPATO;famiglia non riconosciuta;19;9;MARATHON, WILLIAMHILL;CALCIO | EUROPA - UEFA NATIONS LEAGUE | Danimarca - Galles | INFO1 TIRI IN PORTA: ALMENO INFO2 | SI
MIGLIORE DEL GRUPPO;Ocon E.;;;;NON_MAPPATO;famiglia non riconosciuta;19;19;DOMUSBET;AUTOMOBILISMO | MONDO - CAMPIONATO FORMULA 1 | GP Baku GARA | MIGLIORE DEL GRUPPO | Ocon E.
RIS.ESATTO MULTIPLO 4;0-4 1-4 2-4 3-4;;;;NON_MAPPATO;famiglia non riconosciuta;19;15;BBET, DOMUSBET, SPORTBET;CALCIO | EUROPA - UEFA NATIONS LEAGUE | Serbia - Olanda | RIS.ESATTO MULTIPLO 4 | 0-4 1-4 2-4 3-4
SQUADRA CHE VA IN VANTAGGIO;ENTRAMBE;;;;NON_MAPPATO;famiglia non riconosciuta;19;6;DOMUSBET, STANLEYBET;CALCIO | EUROPA - EUROPA LEAGUE | Milan - Benfica | SQUADRA CHE VA IN VANTAGGIO | ENTRAMBE
TIE BREAK NEL SET;NO;;;;NON_MAPPATO;famiglia non riconosciuta;19;9;DOMUSBET;TENNIS | COPPA DAVIS | Mensik, Jakub - Tien, Learner | TIE BREAK NEL SET | NO
U/O (INCL. TS&SO);OVER;;;;NON_MAPPATO;famiglia non riconosciuta;19;4;STANLEYBET;hockey ghiaccio | SLOVACCHIA - I DIVISIONE | Mhk 32 Liptovsky Mikulas - HC Presov | U/O (INCL. TS&SO) | OVER
U/O INFO1 PARATE SQUADRA INFO2 INCL. T.S;Over;;;;NON_MAPPATO;famiglia non riconosciuta;19;13;STARCASINO;CALCIO | EUROPA - UEFA NATIONS LEAGUE | Serbia - Olanda | U/O INFO1 PARATE SQUADRA INFO2 INCL. T.S | Over
U/O INFO2 PUNTI+RIMBALZI+ASSIST INFO1 INCL. T.S.;OVER;;;;NON_MAPPATO;famiglia non riconosciuta;19;11;DOMUSBET;BASKET | USA - WNBA | Dallas Wings - Los Angeles Sparks | U/O INFO2 PUNTI+RIMBALZI+ASSIST INFO1 INCL. T.S. | OVER
UNA VINCE ENTRAMBI TEMPI;Si;;;;NON_MAPPATO;famiglia non riconosciuta;19;4;STARCASINO;CALCIO | EUROPA - UEFA NATIONS LEAGUE | Serbia - Olanda | UNA VINCE ENTRAMBI TEMPI | Si
VINCENTE;Basilea;;;;NON_MAPPATO;famiglia non riconosciuta;19;19;ADMIRAL, MARATHON, SPORTBET, STANLEYBET, STARCASINO;CALCIO | SVIZZERA - I DIVISIONE | Super League 2026/27 | VINCENTE | Basilea
VINCENTE;Feyenoord;;;;NON_MAPPATO;famiglia non riconosciuta;19;19;ADMIRAL, BBET, DOMUSBET, SPORTBET, STANLEYBET, STARCASINO, WILLIAMHILL;CALCIO | OLANDA - I DIVISIONE | Eredivisie 2026/27 | VINCENTE | Feyenoord
VINCENTE;Philippe E.;;;;NON_MAPPATO;famiglia non riconosciuta;19;19;BBET, DOMUSBET, STANLEYBET, STARCASINO;ELEZIONI POLITICHE | ELEZIONI PRESIDENZIALI FRANCIA | Elezioni Presidenziali Francia 2027 | VINCENTE | Philippe E.
VINCENTE;Piastri O.;;;;NON_MAPPATO;famiglia non riconosciuta;19;19;ADMIRAL, BBET, DOMUSBET, MARATHON, SPORTBET, TOTOSI, WILLIAMHILL;AUTOMOBILISMO | MONDO - CAMPIONATO FORMULA 1 | Formula 1 Mondiale Piloti 2026 | VINCENTE | Piastri O.
VINCENTE;Tom Pidcock;;;;NON_MAPPATO;famiglia non riconosciuta;19;19;360BET, DOMUSBET, MARATHON, SPORTBET, STANLEYBET, STARCASINO, WILLIAMHILL;CICLISMO | MONDIALI SU STRADA | Montreal 2026 - Corsa In Linea Maschile Elite | VINCENTE | Tom Pidcock
X2+U/O INFO1 INFO2°T;X2 + UN;;;;NON_MAPPATO;famiglia non riconosciuta;19;17;DOMUSBET;CALCIO | ITALIA - I DIVISIONE | Monza - Sassuolo | X2+U/O INFO1 INFO2°T | X2 + UN
1X+GG/NG INFO1°T;1X + NG;;;;NON_MAPPATO;famiglia non riconosciuta;18;14;DOMUSBET;CALCIO | FRANCIA - I DIVISIONE | Lione - Rennes | 1X+GG/NG INFO1°T | 1X + NG
2 O NG;SI;;;;NON_MAPPATO;famiglia non riconosciuta;18;13;360BET, DOMUSBET, SPORTBET;CALCIO | EUROPA - UEFA NATIONS LEAGUE | Serbia - Olanda | 2 O NG | SI
COPPA IN MANO;1;;;;NON_MAPPATO;famiglia non riconosciuta;18;14;BBET, STANLEYBET, WILLIAMHILL;CALCIO | MONDO - MONDIALI | Spagna - Argentina | COPPA IN MANO | 1
DC IN/OUT;12;;;;NON_MAPPATO;famiglia non riconosciuta;18;2;DOMUSBET, TOTOSI;HOCKEY GHIACCIO | SVEZIA - I DIVISIONE | Linkopings HC - Brynas IF | DC IN/OUT | 12
FASCIA 15 MINUTI 1°GOL;31 - FINE PRIMO TEMPO;;;;NON_MAPPATO;famiglia non riconosciuta;18;9;DOMUSBET;CALCIO | EUROPA - EUROPA LEAGUE | Real Sociedad - Bournemouth | FASCIA 15 MINUTI 1°GOL | 31 - FINE PRIMO TEMPO
GARA A INFO1 GAME NEL SET INFO2;2;;;;NON_MAPPATO;famiglia non riconosciuta;18;18;DOMUSBET;TENNIS | TORNEO DI GUADALAJARA | Sonmez, Zeynep - Jovic, Iva | GARA A INFO1 GAME NEL SET INFO2 | 2
GG O OV 2.5;NO;;;;NON_MAPPATO;famiglia non riconosciuta;18;8;DOMUSBET;CALCIO | ITALIA - III DIVISIONE | Guidonia Montecelio 1937 FC - Livorno | GG O OV 2.5 | NO
GG/NG;GG;GG;;;NON_MAPPATO;famiglia non riconosciuta;18;12;DOMUSBET;CALCIO | SPAGNA - I DIVISIONE | Villarreal - Real Betis | GG/NG | GG
GIOC. INFO1 MARCATORE 16°-30°;SI;;;;NON_MAPPATO;famiglia non riconosciuta;18;17;DOMUSBET;CALCIO | GERMANIA - I DIVISIONE | Bayern Monaco - Union Berlino | GIOC. INFO1 MARCATORE 16°-30° | SI
GIOCATORE INFO1 SEGNA+RIS.ESATTO;Segna & 2-4;;;;NON_MAPPATO;famiglia non riconosciuta;18;15;DOMUSBET;CALCIO | ITALIA - I DIVISIONE | Venezia - Lazio | GIOCATORE INFO1 SEGNA+RIS.ESATTO | Segna & 2-4
INFO1 CARTELLINO;Si;;;;NON_MAPPATO;famiglia non riconosciuta;18;8;STARCASINO;CALCIO | EUROPA - UEFA NATIONS LEAGUE | Serbia - Olanda | INFO1 CARTELLINO | Si
INFO1 MARCATORE XL;Si;;;;NON_MAPPATO;famiglia non riconosciuta;18;11;STARCASINO;CALCIO | SPAGNA - II DIVISIONE | Girona - Albacete | INFO1 MARCATORE XL | Si
INFO1 O SUO SOSTITUTO U/O INFO2 TIRI TOTALI;OVER;;;;NON_MAPPATO;famiglia non riconosciuta;18;13;MARATHON, STANLEYBET;CALCIO | EUROPA - UEFA NATIONS LEAGUE | Serbia - Olanda | INFO1 O SUO SOSTITUTO U/O INFO2 TIRI TOTALI | OVER
OV 1°T + UN 2°T;SI;;;;NON_MAPPATO;famiglia non riconosciuta;18;2;WILLIAMHILL;CALCIO | INGHILTERRA - II DIVISIONE | Southampton - Portsmouth | OV 1°T + UN 2°T | SI
PARI/DISPARI OSPITE;DISPARI;;;;NON_MAPPATO;famiglia non riconosciuta;18;13;DOMUSBET;CALCIO | ITALIA - II DIVISIONE | Ascoli - Avellino | PARI/DISPARI OSPITE | DISPARI
SOSTITUTO SEGNA T.R;SI;;;;NON_MAPPATO;famiglia non riconosciuta;18;6;DOMUSBET;CALCIO | GERMANIA - I DIVISIONE | Schalke 04 - SV 07 Elversberg | SOSTITUTO SEGNA T.R | SI
TOTALE CARTELLINI INFO1°T;0;;;;NON_MAPPATO;famiglia non riconosciuta;18;6;DOMUSBET;CALCIO | GERMANIA - I DIVISIONE | Bayer Leverkusen - Lipsia | TOTALE CARTELLINI INFO1°T | 0
TOTALE CORNER (3 ESITI);- DI 9;;;;NON_MAPPATO;famiglia non riconosciuta;18;3;DOMUSBET;CALCIO | AUSTRIA - I DIVISIONE | SK Rapid - WSG Tirol | TOTALE CORNER (3 ESITI) | - DI 9
U/O CARTELLINI CASA + U/O CARTELLINI OSPITE;OVER+OVER;;;;NON_MAPPATO;famiglia non riconosciuta;18;4;STANLEYBET;CALCIO | EUROPA - UEFA NATIONS LEAGUE | Norvegia - Portogallo | U/O CARTELLINI CASA + U/O CARTELLINI OSPITE | OVER+OVER
U/O INFO1 CORNER CASA+U/O INFO2 CORNER OSPITE;UN+OV;;;;NON_MAPPATO;famiglia non riconosciuta;18;13;DOMUSBET;CALCIO | EUROPA - EUROPA LEAGUE | FC Ararat-Armenia - Sparta Praga | U/O INFO1 CORNER CASA+U/O INFO2 CORNER OSPITE | UN+OV
U/O TIRI IN PORTA TEAM 1 INC.TS;Over;;;;NON_MAPPATO;famiglia non riconosciuta;18;13;STARCASINO;CALCIO | EUROPA - UEFA NATIONS LEAGUE | Germania - Grecia | U/O TIRI IN PORTA TEAM 1 INC.TS | Over
VINCENTE;Bagnaia F.;;;;NON_MAPPATO;famiglia non riconosciuta;18;18;ADMIRAL, DOMUSBET, MARATHON, STANLEYBET, STARCASINO, WILLIAMHILL;MOTOCICLISMO | MONDO - MOTOMONDIALE | Mondiale Motogp 2026 | VINCENTE | Bagnaia F.
VINCENTE;Boca Juniors;;;;NON_MAPPATO;famiglia non riconosciuta;18;16;360BET, ADMIRAL, BBET, SPORTBET, STANLEYBET, STARCASINO, TOTOSI;CALCIO | ARGENTINA - I DIVISIONE | Liga Profesional 2026 - Clausura | VINCENTE | Boca Juniors
VINCENTE;Isaac Del Toro;;;;NON_MAPPATO;famiglia non riconosciuta;18;18;BBET, DOMUSBET, MARATHON, STANLEYBET, STARCASINO, WILLIAMHILL;CICLISMO | MONDIALI SU STRADA | Montreal 2026 - Corsa In Linea Maschile Elite | VINCENTE | Isaac Del Toro
VINCENTE;Ousmane Dembele;;;;NON_MAPPATO;famiglia non riconosciuta;18;18;ADMIRAL, BBET, DOMUSBET, SPORTBET, STANLEYBET, STARCASINO;CALCIO | PALLONE D'ORO FIFA | Pallone D oro 2026 | VINCENTE | Ousmane Dembele
VINCENTE;River Plate;;;;NON_MAPPATO;famiglia non riconosciuta;18;17;ADMIRAL, BBET, DOMUSBET, SPORTBET, STANLEYBET, TOTOSI;CALCIO | ARGENTINA - I DIVISIONE | Liga Profesional 2026 - Clausura | VINCENTE | River Plate
VINCENTE SENZA SQUADRA X I.A.5;Roma;;;;NON_MAPPATO;famiglia non riconosciuta;18;18;MARATHON, STARCASINO, WILLIAMHILL;CALCIO | ITALIA - I DIVISIONE | Serie A 2026/2027 Senza Inter | VINCENTE SENZA SQUADRA X I.A.5 | Roma
VINCENTE SENZA SQUADRE X E Y;Atletico Madrid;;;;NON_MAPPATO;famiglia non riconosciuta;18;18;STANLEYBET;CALCIO | SPAGNA - I DIVISIONE | Liga 2026/27 Senza Real Madrid e Barcellona | VINCENTE SENZA SQUADRE X E Y | Atletico Madrid
X2 + U/O INFO1 - INFO2°T;X2 + UNDER;;;;NON_MAPPATO;famiglia non riconosciuta;18;2;WILLIAMHILL;CALCIO | INGHILTERRA - II DIVISIONE | Sheffield United FC - Lincoln City | X2 + U/O INFO1 - INFO2°T | X2 + UNDER
CAPOCANNONIERE;Harry Kane (Bayern Monaco);;;;NON_MAPPATO;famiglia non riconosciuta;17;17;BBET, DOMUSBET, SPORTBET, STANLEYBET;CALCIO | GERMANIA - I DIVISIONE | Bundesliga 2026/2027 | CAPOCANNONIERE | Harry Kane (Bayern Monaco)
DNB TEMPO X;2;;;;NON_MAPPATO;famiglia non riconosciuta;17;9;DOMUSBET;CALCIO | ITALIA - I DIVISIONE | Bologna - Torino | DNB TEMPO X | 2
DOPPIETTA (INC.TS.);SI;;;;NON_MAPPATO;famiglia non riconosciuta;17;7;360BET, BBET, SPORTBET;CALCIO | EUROPA - UEFA NATIONS LEAGUE | Danimarca - Galles | DOPPIETTA (INC.TS.) | SI
GIOC. INFO1 MARCATORE 31°-HT;SI;;;;NON_MAPPATO;famiglia non riconosciuta;17;15;DOMUSBET;CALCIO | EUROPA - UEFA NATIONS LEAGUE | Portogallo - Galles | GIOC. INFO1 MARCATORE 31°-HT | SI
GIOCATORE O SUO SOSTITUTO CARTELLINO;SI;;;;NON_MAPPATO;famiglia non riconosciuta;17;5;STANLEYBET;CALCIO | EUROPA - UEFA NATIONS LEAGUE | Norvegia - Portogallo | GIOCATORE O SUO SOSTITUTO CARTELLINO | SI
INFO1 TIRI IN PORTA (SENZA PALO/TRAV) (INC.TS.): ALMENO INFO2;SI;;;;NON_MAPPATO;famiglia non riconosciuta;17;10;BBET, TOTOSI;CALCIO | EUROPA - UEFA NATIONS LEAGUE | Germania - Grecia | INFO1 TIRI IN PORTA (SENZA PALO/TRAV) (INC.TS.): ALMENO INFO2 | SI
METODO DEL GOAL;TIRO;;;;NON_MAPPATO;famiglia non riconosciuta;17;3;MARATHON;CALCIO | EUROPA - UEFA NATIONS LEAGUE | Danimarca - Galles | METODO DEL GOAL | TIRO
RIS. ESATTO SET INFO1 GIOCO INFO2;G2 VINCE A 15;;;;NON_MAPPATO;famiglia non riconosciuta;17;17;DOMUSBET;TENNIS | TORNEO DI SINGAPORE | Sakkari, Maria - Hibino, Nao | RIS. ESATTO SET INFO1 GIOCO INFO2 | G2 VINCE A 15
RIS.ESATTO MULTIPLO 2;1-3 2-3;;;;NON_MAPPATO;famiglia non riconosciuta;17;14;DOMUSBET, STANLEYBET;CALCIO | EUROPA - UEFA NATIONS LEAGUE | Turchia - Francia | RIS.ESATTO MULTIPLO 2 | 1-3 2-3
SEGNA DI TESTA (INC.TS.);SI;;;;NON_MAPPATO;famiglia non riconosciuta;17;12;SPORTBET;CALCIO | EUROPA - UEFA NATIONS LEAGUE | Serbia - Olanda | SEGNA DI TESTA (INC.TS.) | SI
U/O FALLI SUBITI;OVER;;;;NON_MAPPATO;famiglia non riconosciuta;17;7;SPORTBET;CALCIO | EUROPA - UEFA NATIONS LEAGUE | Norvegia - Portogallo | U/O FALLI SUBITI | OVER
U/O FIELD GOAL;OVER;;;;NON_MAPPATO;famiglia non riconosciuta;17;3;SPORTBET;FOOTBALL AMERICANO | USA - CAMPIONATO NFL | New York Giants - Tennessee Titans | U/O FIELD GOAL | OVER
U/O INFO1 BREAK MATCH;UNDER;;;;NON_MAPPATO;famiglia non riconosciuta;17;15;DOMUSBET;TENNIS | TORNEO DI SINGAPORE | Oliynykova, Oleksandra - Chwalinska, Maja | U/O INFO1 BREAK MATCH | UNDER
U/O INFO1 PUNTI INFO2°T;OVER;;;;NON_MAPPATO;famiglia non riconosciuta;17;2;DOMUSBET;FOOTBALL AMERICANO | USA - CAMPIONATO NFL | Kansas City Chiefs - Indianapolis Colts | U/O INFO1 PUNTI INFO2°T | OVER
U/O TIRI TOTALI TEAM2 INCL.TS;Over;;;;NON_MAPPATO;famiglia non riconosciuta;17;16;STARCASINO;CALCIO | EUROPA - UEFA NATIONS LEAGUE | Serbia - Olanda | U/O TIRI TOTALI TEAM2 INCL.TS | Over
UNA VINCE ENTRAMBI TEMPI;SI;;;;NON_MAPPATO;famiglia non riconosciuta;17;10;DOMUSBET, SPORTBET;CALCIO | ITALIA - I DIVISIONE | Venezia - Lazio | UNA VINCE ENTRAMBI TEMPI | SI
VINCENTE;Carlos Alcaraz;;;;NON_MAPPATO;famiglia non riconosciuta;17;16;ADMIRAL, BBET, MARATHON, SPORTBET, STARCASINO, WILLIAMHILL;TENNIS | ROLAND GARROS | Roland Garros Maschile 2026 | VINCENTE | Carlos Alcaraz
VINCENTE;Newsom G.;;;;NON_MAPPATO;famiglia non riconosciuta;17;17;DOMUSBET, STARCASINO;ELEZIONI POLITICHE | ELEZIONI PRESIDENZIALI USA | Candidatura Partito Democratico alle Presidenziali USA 2028 | VINCENTE | Newsom G.
VINCENTE;PHI Eagles;;;;NON_MAPPATO;famiglia non riconosciuta;17;17;ADMIRAL, BBET, DOMUSBET, SPORTBET, STARCASINO, WILLIAMHILL;FOOTBALL AMERICANO | USA - CAMPIONATO NFL | NFC East 2026/27 | VINCENTE | PHI Eagles
VINCENTE;SA Spurs;;;;NON_MAPPATO;famiglia non riconosciuta;17;17;ADMIRAL, BBET, DOMUSBET, SPORTBET, STARCASINO, WILLIAMHILL;BASKET | USA - NBA | NBA Cup 2026/27 | VINCENTE | SA Spurs
VINCENTE;Vance J. D.;;;;NON_MAPPATO;famiglia non riconosciuta;17;17;ADMIRAL, DOMUSBET, STANLEYBET, STARCASINO;ELEZIONI POLITICHE | ELEZIONI PRESIDENZIALI USA | Candidatura Partito Repubblicano alle Presidenziali USA 2028 | VINCENTE | Vance J. D.
X O NG;SI;;;;NON_MAPPATO;famiglia non riconosciuta;17;11;DOMUSBET, WILLIAMHILL;CALCIO | ITALIA - I DIVISIONE | Venezia - Lazio | X O NG | SI
2 O UN;SI;;;;NON_MAPPATO;famiglia non riconosciuta;16;15;DOMUSBET, SPORTBET;CALCIO | ITALIA - III DIVISIONE | Perugia - Spezia | 2 O UN | SI
ALMENO UN SET 6-0/0-6;NO;;;;NON_MAPPATO;famiglia non riconosciuta;16;1;DOMUSBET;TENNIS | TORNEO DI SINGAPORE | Oliynykova, Oleksandra - Chwalinska, Maja | ALMENO UN SET 6-0/0-6 | NO
CAPOCANNONIERE;Kylian Mbappe;;;;NON_MAPPATO;famiglia non riconosciuta;16;16;ADMIRAL, BBET, DOMUSBET, SPORTBET, STANLEYBET;CALCIO | SPAGNA - I DIVISIONE | Liga 2026/2027 | CAPOCANNONIERE | Kylian Mbappe
CASA SEGNA;NO;;;;NON_MAPPATO;famiglia non riconosciuta;16;16;DOMUSBET;CALCIO | ITALIA - I DIVISIONE | Monza - Sassuolo | CASA SEGNA | NO
CASA SEGNA 1°T;NO;;;;NON_MAPPATO;famiglia non riconosciuta;16;8;DOMUSBET;CALCIO | EUROPA - UEFA NATIONS LEAGUE | Italia - Belgio | CASA SEGNA 1°T | NO
G1 VINCE ALMENO 1 SET;Si;;;;NON_MAPPATO;famiglia non riconosciuta;16;12;STARCASINO;TENNIS | LAVER CUP | Zverev, Alexander - Tien, Learner | G1 VINCE ALMENO 1 SET | Si
GARA A INFO1 GAME NEL SET INFO2;1;;;;NON_MAPPATO;famiglia non riconosciuta;16;16;DOMUSBET;TENNIS | BILLIE JEAN KING CUP | Grant, Tyra Caterina - Kalinina, Anhelina | GARA A INFO1 GAME NEL SET INFO2 | 1
GIOCATORE INFO1 SEGNA+MULTIESITO;GOL + 4-0/4-1/4-2/4-3;;;;NON_MAPPATO;famiglia non riconosciuta;16;13;DOMUSBET;CALCIO | ITALIA - I DIVISIONE | Milan - Lecce | GIOCATORE INFO1 SEGNA+MULTIESITO | GOL + 4-0/4-1/4-2/4-3
GOAL DI TESTA;SI;;;;NON_MAPPATO;famiglia non riconosciuta;16;6;STANLEYBET;CALCIO | EUROPA - UEFA NATIONS LEAGUE | Norvegia - Portogallo | GOAL DI TESTA | SI
HANDICAP CORNER;1;;;;NON_MAPPATO;famiglia non riconosciuta;16;15;360BET, BBET, SPORTBET;CALCIO | BRASILE - II DIVISIONE | America MG - Juventude RS | HANDICAP CORNER | 1
HT/FT 12/X;SI;;;;NON_MAPPATO;famiglia non riconosciuta;16;4;STANLEYBET, TOTOSI;CALCIO | BRASILE - II DIVISIONE | Brasil AL - Cuiaba MT | HT/FT 12/X | SI
MG 1°T + MG 2°T;SI;;;;NON_MAPPATO;famiglia non riconosciuta;16;6;WILLIAMHILL;CALCIO | EUROPA - UEFA NATIONS LEAGUE | Serbia - Olanda | MG 1°T + MG 2°T | SI
MIGLIORE DEL GRUPPO;Francia;;;;NON_MAPPATO;famiglia non riconosciuta;16;16;BBET, DOMUSBET, MARATHON, SPORTBET, STARCASINO, WILLIAMHILL;CALCIO | EUROPA - UEFA NATIONS LEAGUE | Europa Nations League 2026/2027 | MIGLIORE DEL GRUPPO | Francia
MIGLIORE DEL GRUPPO;Gasly P.;;;;NON_MAPPATO;famiglia non riconosciuta;16;16;DOMUSBET;AUTOMOBILISMO | MONDO - CAMPIONATO FORMULA 1 | GP Baku QUALIFICHE | MIGLIORE DEL GRUPPO | Gasly P.
RIS. ESATTO HT/FT;0-0 2-1;;;;NON_MAPPATO;famiglia non riconosciuta;16;7;DOMUSBET, STANLEYBET;CALCIO | EUROPA - EUROPA LEAGUE | Juventus - NEC Nimega | RIS. ESATTO HT/FT | 0-0 2-1
RIS. ESATTO SET INFO1 GIOCO INFO2;G1 VINCE A 0;;;;NON_MAPPATO;famiglia non riconosciuta;16;16;DOMUSBET;TENNIS | TORNEO DI SINGAPORE | Sakkari, Maria - Hibino, Nao | RIS. ESATTO SET INFO1 GIOCO INFO2 | G1 VINCE A 0
SEGNA O ASSIST;SI;;;;NON_MAPPATO;famiglia non riconosciuta;16;10;STANLEYBET, WILLIAMHILL;CALCIO | EUROPA - UEFA NATIONS LEAGUE | Norvegia - Portogallo | SEGNA O ASSIST | SI
T/T + U/O INFO2 PUNTI INFO1 INCL. T.S.;1 + OVER;;;;NON_MAPPATO;famiglia non riconosciuta;16;15;DOMUSBET;BASKET | USA - WNBA | Minnesota Lynx - New York Liberty | T/T + U/O INFO2 PUNTI INFO1 INCL. T.S. | 1 + OVER
U/O INFO1 CORNER NEI MINUTI INFO2 - INFO3;Over;;;;NON_MAPPATO;famiglia non riconosciuta;16;2;STARCASINO;CALCIO | EUROPA - UEFA NATIONS LEAGUE | Norvegia - Portogallo | U/O INFO1 CORNER NEI MINUTI INFO2 - INFO3 | Over
U/O INFO1 FALLI COMMESSI;OVER;;;;NON_MAPPATO;famiglia non riconosciuta;16;16;MARATHON;CALCIO | EUROPA - UEFA NATIONS LEAGUE | Danimarca - Galles | U/O INFO1 FALLI COMMESSI | OVER
U/O TIRI IN PORTA INC.TS;OVER;;;;NON_MAPPATO;famiglia non riconosciuta;16;12;STANLEYBET;CALCIO | EUROPA - UEFA NATIONS LEAGUE | Israele - Irlanda | U/O TIRI IN PORTA INC.TS | OVER
VINCENTE;FCSB;;;;NON_MAPPATO;famiglia non riconosciuta;16;16;ADMIRAL, DOMUSBET, MARATHON, SPORTBET, STANLEYBET;CALCIO | ROMANIA - I DIVISIONE | Liga 1 2026/27 | VINCENTE | FCSB
VINCENTE;LA Lakers;;;;NON_MAPPATO;famiglia non riconosciuta;16;16;ADMIRAL, BBET, DOMUSBET, STARCASINO, WILLIAMHILL;BASKET | USA - NBA | NBA Cup 2026/27 | VINCENTE | LA Lakers
VINCENTE;Paul Seixas;;;;NON_MAPPATO;famiglia non riconosciuta;16;16;DOMUSBET, MARATHON, SPORTBET, STANLEYBET, STARCASINO, WILLIAMHILL;CICLISMO | MONDIALI SU STRADA | Montreal 2026 - Corsa In Linea Maschile Elite | VINCENTE | Paul Seixas
VINCENTE;Ross County;;;;NON_MAPPATO;famiglia non riconosciuta;16;16;ADMIRAL, STANLEYBET, STARCASINO;CALCIO | SCOZIA - III DIVISIONE | League One 2026/27 | VINCENTE | Ross County
VINCENTE INFO AGG;Real Madrid;;;;NON_MAPPATO;famiglia non riconosciuta;16;16;WILLIAMHILL;CALCIO | SPAGNA - I DIVISIONE | Liga 2026/2027 | VINCENTE INFO AGG | Real Madrid
VINCENTE INFO AGG  I.A. 5;Alexander Zverev;;;;NON_MAPPATO;famiglia non riconosciuta;16;16;STARCASINO, WILLIAMHILL;TENNIS | US OPEN | Us Open Maschile 2026 | VINCENTE INFO AGG I.A. 5 | Alexander Zverev
X2 + MULTIGOAL;X2+ MULTIGOAL;;;;NON_MAPPATO;famiglia non riconosciuta;16;15;STARCASINO, WILLIAMHILL;CALCIO | ITALIA - I DIVISIONE | Udinese - Como | X2 + MULTIGOAL | X2+ MULTIGOAL
12/X2;SI;;;;NON_MAPPATO;famiglia non riconosciuta;15;14;DOMUSBET;CALCIO | EUROPA - UEFA NATIONS LEAGUE | Belgio - Francia | 12/X2 | SI
GG PLUS;Si;;;;NON_MAPPATO;famiglia non riconosciuta;15;4;STARCASINO;CALCIO | EUROPA - UEFA NATIONS LEAGUE | Georgia - Ucraina | GG PLUS | Si
HANDICAP INFO1 SET;2;;;;NON_MAPPATO;famiglia non riconosciuta;15;13;DOMUSBET;VOLLEY | EUROPA - CAMP. EUROPEO | Slovenia - Polonia | HANDICAP INFO1 SET | 2
MIGLIORE DEL GRUPPO;Sainz C.;;;;NON_MAPPATO;famiglia non riconosciuta;15;15;DOMUSBET;AUTOMOBILISMO | MONDO - CAMPIONATO FORMULA 1 | GP Baku GARA | MIGLIORE DEL GRUPPO | Sainz C.
OVER INFO1 CASA + OVER INFO2 OSPITE;Si;;;;NON_MAPPATO;famiglia non riconosciuta;15;5;STARCASINO;CALCIO | EUROPA - UEFA NATIONS LEAGUE | Norvegia - Portogallo | OVER INFO1 CASA + OVER INFO2 OSPITE | Si
RIS. ESATTO SET INFO1 GIOCO INFO2;G1 VINCE A 15;;;;NON_MAPPATO;famiglia non riconosciuta;15;15;DOMUSBET;TENNIS | BILLIE JEAN KING CUP | Paolini, Jasmine - Zheng, Qinwen | RIS. ESATTO SET INFO1 GIOCO INFO2 | G1 VINCE A 15
RIS.ESATTO MULTIPLO 3;0-2 0-3;;;;NON_MAPPATO;famiglia non riconosciuta;15;15;BBET, DOMUSBET;CALCIO | EUROPA - UEFA NATIONS LEAGUE | Israele - Irlanda | RIS.ESATTO MULTIPLO 3 | 0-2 0-3
SEGNA O PALO/TRAVERSA O ALMENO 3 TIRI IN PORTA;SI;;;;NON_MAPPATO;famiglia non riconosciuta;15;5;STANLEYBET;CALCIO | EUROPA - UEFA NATIONS LEAGUE | Germania - Grecia | SEGNA O PALO/TRAVERSA O ALMENO 3 TIRI IN PORTA | SI
SOMMA GOL TEMPO X;1;;;;NON_MAPPATO;famiglia non riconosciuta;15;3;BBET;CALCIO | ITALIA - III DIVISIONE | Barletta - Potenza | SOMMA GOL TEMPO X | 1
SQUADRA 2 VINCE ALMENO UN SET;SI;;;;NON_MAPPATO;famiglia non riconosciuta;15;13;DOMUSBET;VOLLEY | AMERICA - COPPA PANAM.F. | Porto Rico - Stati Uniti | SQUADRA 2 VINCE ALMENO UN SET | SI
T/T + U/O INFO1 GAMES;2+Ov;;;;NON_MAPPATO;famiglia non riconosciuta;15;14;DOMUSBET;TENNIS | TORNEO DI SEOUL | Astakhova, Darya - Linette, Magda | T/T + U/O INFO1 GAMES | 2+Ov
T/T + U/O INFO2 PUNTI INFO1 INCL. T.S.;2 + OVER;;;;NON_MAPPATO;famiglia non riconosciuta;15;15;DOMUSBET;BASKET | USA - WNBA | Phoenix Mercury - Dallas Wings | T/T + U/O INFO2 PUNTI INFO1 INCL. T.S. | 2 + OVER
U/O ASSIST GIOCATORE;OVER;;;;NON_MAPPATO;famiglia non riconosciuta;15;15;SPORTBET;BASKET | USA - WNBA | Las Vegas Aces - Indiana Fever | U/O ASSIST GIOCATORE | OVER
U/O BATTUTE VALIDE (INCL. EXTRA INNING);OVER;;;;NON_MAPPATO;famiglia non riconosciuta;15;3;MARATHON;BASEBALL | AMERICA - MAJOR LEAGUE | Kansas City Royals - Cleveland Guardians | U/O BATTUTE VALIDE (INCL. EXTRA INNING) | OVER
U/O INFO1 CORNER CASA+U/O INFO2 CORNER OSPITE;OV+UN;;;;NON_MAPPATO;famiglia non riconosciuta;15;10;DOMUSBET;CALCIO | EUROPA - UEFA NATIONS LEAGUE | Repubblica Ceca - Croazia | U/O INFO1 CORNER CASA+U/O INFO2 CORNER OSPITE | OV+UN
U/O INFO1 FUORIGIOCO SQUADRA INFO2 INCL. T.S.;OVER;;;;NON_MAPPATO;famiglia non riconosciuta;15;15;DOMUSBET;CALCIO | EUROPA - UEFA NATIONS LEAGUE | Olanda - Germania | U/O INFO1 FUORIGIOCO SQUADRA INFO2 INCL. T.S. | OVER
U/O INFO1 INFO2°QUARTO;UNDER;;;;NON_MAPPATO;famiglia non riconosciuta;15;1;DOMUSBET;FOOTBALL AMERICANO | USA - CAMPIONATO NFL | New England Patriots - Pittsburgh Steelers | U/O INFO1 INFO2°QUARTO | UNDER
U/O INFO1 OSPITE INTERVALLO (INFO2 - INFO3);OVER;;;;NON_MAPPATO;famiglia non riconosciuta;15;15;DOMUSBET;CALCIO | FRANCIA - I DIVISIONE | Marsiglia - PSG | U/O INFO1 OSPITE INTERVALLO (INFO2 - INFO3) | OVER
U/O INFO1 PUNTI INFO2°T;UNDER;;;;NON_MAPPATO;famiglia non riconosciuta;15;1;DOMUSBET;FOOTBALL AMERICANO | USA - CAMPIONATO NFL | New England Patriots - Pittsburgh Steelers | U/O INFO1 PUNTI INFO2°T | UNDER
U/O TOUCHDOWN INC.E.T.;OVER;;;;NON_MAPPATO;famiglia non riconosciuta;15;1;SPORTBET;FOOTBALL AMERICANO | USA - CAMPIONATO NFL | New Orleans Saints - Las Vegas Raiders | U/O TOUCHDOWN INC.E.T. | OVER
U/O X CARTELLINI INCONTRO;UNDER;;;;NON_MAPPATO;famiglia non riconosciuta;15;1;BBET;CALCIO | EUROPA - UEFA NATIONS LEAGUE | Lituania - Azerbaigian | U/O X CARTELLINI INCONTRO | UNDER
VINCENTE;Barnet;;;;NON_MAPPATO;famiglia non riconosciuta;15;15;ADMIRAL, BBET, STARCASINO, WILLIAMHILL;CALCIO | INGHILTERRA - IV DIVISIONE | League Two 2026/2027 | VINCENTE | Barnet
VINCENTE;FRANCIA;;;;NON_MAPPATO;famiglia non riconosciuta;15;15;ADMIRAL, DOMUSBET, SPORTBET, STANLEYBET;CALCIO | MONDO - MONDIALI | Mondiali 2026 | VINCENTE | FRANCIA
VINCENTE;Giulio Pellizzari;;;;NON_MAPPATO;famiglia non riconosciuta;15;15;BBET, DOMUSBET, SPORTBET, STANLEYBET, STARCASINO, WILLIAMHILL;CICLISMO | MONDIALI SU STRADA | Montreal 2026 - Corsa In Linea Maschile Elite | VINCENTE | Giulio Pellizzari
VINCENTE;HOU Texans;;;;NON_MAPPATO;famiglia non riconosciuta;15;15;ADMIRAL, DOMUSBET, STARCASINO, WILLIAMHILL;FOOTBALL AMERICANO | USA - CAMPIONATO NFL | Afc South 2026/27 | VINCENTE | HOU Texans
VINCENTE;INGHILTERRA;;;;NON_MAPPATO;famiglia non riconosciuta;15;15;ADMIRAL, DOMUSBET, SPORTBET, STANLEYBET;CALCIO | MONDO - MONDIALI | Mondiali 2026 | VINCENTE | INGHILTERRA
VINCENTE;NY Knicks;;;;NON_MAPPATO;famiglia non riconosciuta;15;15;ADMIRAL, MARATHON, SPORTBET, STARCASINO, WILLIAMHILL;BASKET | USA - NBA | NBA Cup 2026/27 | VINCENTE | NY Knicks
VINCENTE;Stabaek;;;;NON_MAPPATO;famiglia non riconosciuta;15;15;ADMIRAL, STARCASINO, WILLIAMHILL;CALCIO | NORVEGIA - II DIVISIONE | Norvegia 2 -2026 | VINCENTE | Stabaek
VINCENTE;Us Salernitana;;;;NON_MAPPATO;famiglia non riconosciuta;15;15;ADMIRAL, DOMUSBET, MARATHON, STANLEYBET, WILLIAMHILL;CALCIO | ITALIA - III DIVISIONE | Serie C Girone C | VINCENTE | Us Salernitana
VINCENTE QUALIFICHE;Antonelli K.;;;;NON_MAPPATO;famiglia non riconosciuta;15;15;DOMUSBET;AUTOMOBILISMO | MONDO - CAMPIONATO FORMULA 1 | GP Baku QUALIFICHE | VINCENTE QUALIFICHE | Antonelli K.
VINCENTE SENZA X E Y;Atletico Madrid;;;;NON_MAPPATO;famiglia non riconosciuta;15;15;DOMUSBET, SPORTBET;CALCIO | SPAGNA - I DIVISIONE | Liga 2026/27 Senza Real Madrid e Barcellona | VINCENTE SENZA X E Y | Atletico Madrid
1 O NG;SI;;;;NON_MAPPATO;famiglia non riconosciuta;14;12;360BET, DOMUSBET;CALCIO | EUROPA - UEFA NATIONS LEAGUE | Germania - Grecia | 1 O NG | SI
12 + U/O + GG/NG;DC 12 + OVER + GG;;;;NON_MAPPATO;famiglia non riconosciuta;14;3;STANLEYBET;CALCIO | EUROPA - CHAMPIONS LEAGUE | Real Betis - FC Porto | 12 + U/O + GG/NG | DC 12 + OVER + GG
CASA VINCE A 0;SI;;;;NON_MAPPATO;famiglia non riconosciuta;14;12;DOMUSBET, SPORTBET, STANLEYBET;CALCIO | EUROPA - EUROPA LEAGUE | Juventus - NEC Nimega | CASA VINCE A 0 | SI
INFO1 SEGNA O ASSIST;SI;;;;NON_MAPPATO;famiglia non riconosciuta;14;4;MARATHON;CALCIO | EUROPA - UEFA NATIONS LEAGUE | Norvegia - Portogallo | INFO1 SEGNA O ASSIST | SI
MIGLIORE DEL GRUPPO;Bearman O.;;;;NON_MAPPATO;famiglia non riconosciuta;14;14;DOMUSBET;AUTOMOBILISMO | MONDO - CAMPIONATO FORMULA 1 | GP Baku QUALIFICHE | MIGLIORE DEL GRUPPO | Bearman O.
MIGLIORE DEL GRUPPO;Spagna;;;;NON_MAPPATO;famiglia non riconosciuta;14;14;BBET, DOMUSBET, MARATHON, SPORTBET, STARCASINO, WILLIAMHILL;CALCIO | EUROPA - UEFA NATIONS LEAGUE | Europa Nations League 2026/2027 | MIGLIORE DEL GRUPPO | Spagna
PARZIALE/FINALE + UNDER/OVER;1/1+OVER;;U/O Gol;;NON_MAPPATO;etichetta non riconosciuta per famiglia U/O Gol;14;10;SPORTBET, STANLEYBET;CALCIO | ITALIA - I DIVISIONE | Inter - Parma Calcio | PARZIALE/FINALE + UNDER/OVER | 1/1+OVER
PROSSIMO CARTELLINO;Nessuno;;;;NON_MAPPATO;famiglia non riconosciuta;14;9;DOMUSBET;CALCIO | EUROPA - UEFA NATIONS LEAGUE | Georgia - Irlanda del Nord | PROSSIMO CARTELLINO | Nessuno
RETROCESSA SI/NO INFO AGG (LEGABILE);SI;;;;NON_MAPPATO;famiglia non riconosciuta;14;9;MARATHON, WILLIAMHILL;CALCIO | ITALIA - I DIVISIONE | Serie A 2026/27 | RETROCESSA SI/NO INFO AGG (LEGABILE) | SI
RIS.ES+GIOCATORE INFO1 1°MARCATORE;3-1 + 1°Marc;;;;NON_MAPPATO;famiglia non riconosciuta;14;14;DOMUSBET;CALCIO | EUROPA - EUROPA LEAGUE | Juventus - NEC Nimega | RIS.ES+GIOCATORE INFO1 1°MARCATORE | 3-1 + 1°Marc
RIS.ESATTO MULTIPLO 3;1-0 2-0;;;;NON_MAPPATO;famiglia non riconosciuta;14;11;DOMUSBET, SPORTBET, STANLEYBET;CALCIO | ITALIA - III DIVISIONE | Cavese - AC Savoia | RIS.ESATTO MULTIPLO 3 | 1-0 2-0
SOMMA GOAL FINALE;2;;;;NON_MAPPATO;famiglia non riconosciuta;14;7;STARCASINO, WILLIAMHILL;CALCIO | SPAGNA - II DIVISIONE | Real Oviedo - Sporting Gijon | SOMMA GOAL FINALE | 2
SOMMA GOAL FINALE;3;;;;NON_MAPPATO;famiglia non riconosciuta;14;4;STARCASINO, WILLIAMHILL;CALCIO | SPAGNA - III DIVISIONE | Merida AD - UD Logrones | SOMMA GOAL FINALE | 3
SOMMA GOL OSPITE;0;;;;NON_MAPPATO;famiglia non riconosciuta;14;13;DOMUSBET;CALCIO | EUROPA - EUROPA LEAGUE | Juventus - NEC Nimega | SOMMA GOL OSPITE | 0
T/T HANDICAP INFO1 INFO2 QUARTO;1;;;;NON_MAPPATO;famiglia non riconosciuta;14;12;DOMUSBET;BASKET | GERMANIA - I DIVISIONE | Alba Berlino - Skyliners Frankfurt | T/T HANDICAP INFO1 INFO2 QUARTO | 1
T/T HANDICAP PUNTI;1;;;;NON_MAPPATO;famiglia non riconosciuta;14;11;STANLEYBET;BASKET | ITALIA - I DIVISIONE | Maxima Roma - Napoli Basket | T/T HANDICAP PUNTI | 1
TEMPO CON PIÙ GOL;2;;;;NON_MAPPATO;famiglia non riconosciuta;14;5;STANLEYBET;CALCIO | EUROPA - UEFA NATIONS LEAGUE | Serbia - Olanda | TEMPO CON PIÙ GOL | 2
U/O INFO1 CORNER SQUADRA INFO2 T.R.;UNDER;;;;NON_MAPPATO;famiglia non riconosciuta;14;10;BBET, MARATHON, TOTOSI;CALCIO | EUROPA - UEFA NATIONS LEAGUE | Danimarca - Galles | U/O INFO1 CORNER SQUADRA INFO2 T.R. | UNDER
VINCENTE;DET Lions;;;;NON_MAPPATO;famiglia non riconosciuta;14;14;ADMIRAL, DOMUSBET, STARCASINO, WILLIAMHILL;FOOTBALL AMERICANO | USA - CAMPIONATO NFL | NFC North 2026/27 | VINCENTE | DET Lions
VINCENTE;GS Warriors;;;;NON_MAPPATO;famiglia non riconosciuta;14;14;ADMIRAL, DOMUSBET, STARCASINO, WILLIAMHILL;BASKET | USA - NBA | NBA Cup 2026/27 | VINCENTE | GS Warriors
VINCENTE;INTER;;;;NON_MAPPATO;famiglia non riconosciuta;14;13;ADMIRAL, BBET, STANLEYBET, STARCASINO, TOTOSI;CALCIO | ITALIA - I DIVISIONE | Serie A 25/26 | VINCENTE | INTER
VINCENTE;Rodri;;;;NON_MAPPATO;famiglia non riconosciuta;14;14;ADMIRAL, BBET, DOMUSBET, MARATHON, SPORTBET, STANLEYBET, STARCASINO, WILLIAMHILL;CALCIO | PALLONE D'ORO FIFA | Pallone D oro 2026 | VINCENTE | Rodri
VINCENTE CLASSIFICA CAPOCANNONIERE;Donyell Malen;;;;NON_MAPPATO;famiglia non riconosciuta;14;14;STARCASINO;CALCIO | ITALIA - I DIVISIONE | Serie A 2026/27 | VINCENTE CLASSIFICA CAPOCANNONIERE | Donyell Malen
X/1X;SI;;;;NON_MAPPATO;famiglia non riconosciuta;14;10;DOMUSBET;CALCIO | ITALIA - I DIVISIONE | Bologna - Torino | X/1X | SI
X2 + U/O INFO1;X2 + OVER;X2 + OVER;;;NON_MAPPATO;famiglia non riconosciuta;14;9;STARCASINO;CALCIO | EUROPA - UEFA NATIONS LEAGUE | Inghilterra - Spagna | X2 + U/O INFO1 | X2 + OVER
X2/2;SI;;;;NON_MAPPATO;famiglia non riconosciuta;14;7;DOMUSBET;CALCIO | COREA DEL SUD - I DIVISIONE | Gangwon - Incheon United | X2/2 | SI
1X + GG/NG;1X + NOGOAL;;;;NON_MAPPATO;famiglia non riconosciuta;13;13;BBET, MARATHON;CALCIO | EUROPA - UEFA NATIONS LEAGUE | Germania - Grecia | 1X + GG/NG | 1X + NOGOAL
1X/1;SI;;;;NON_MAPPATO;famiglia non riconosciuta;13;9;DOMUSBET;CALCIO | ITALIA - II DIVISIONE | Palermo - Padova | 1X/1 | SI
2 O GG;Si;;;;NON_MAPPATO;famiglia non riconosciuta;13;8;STARCASINO;CALCIO | EUROPA - UEFA NATIONS LEAGUE | Gibilterra - Andorra | 2 O GG | Si
2 O OVER INFO1 O GG;SI;;;;NON_MAPPATO;famiglia non riconosciuta;13;8;MARATHON, WILLIAMHILL;CALCIO | ITALIA - I DIVISIONE | Sassuolo Calcio - Milan | 2 O OVER INFO1 O GG | SI
GARA A INFO1 PUNTI NEL SET INFO2;1;;;;NON_MAPPATO;famiglia non riconosciuta;13;13;DOMUSBET;VOLLEY | AMERICA - CAMP. SUDAMERICA | Argentina - Bolivia | GARA A INFO1 PUNTI NEL SET INFO2 | 1
HOME NO BET;2;;;;NON_MAPPATO;famiglia non riconosciuta;13;5;STARCASINO;CALCIO | ITALIA - I DIVISIONE | Inter - Parma | HOME NO BET | 2
INFO1 TIRI IN PORTA: ALMENO INFO2;Si;;;;NON_MAPPATO;famiglia non riconosciuta;13;8;STARCASINO;CALCIO | EUROPA - UEFA NATIONS LEAGUE | Germania - Grecia | INFO1 TIRI IN PORTA: ALMENO INFO2 | Si
MARGINE VITTORIA 7 ESITI;Casa di 1;;;;NON_MAPPATO;famiglia non riconosciuta;13;6;DOMUSBET;CALCIO | ITALIA - I DIVISIONE | Juventus - Atalanta | MARGINE VITTORIA 7 ESITI | Casa di 1
METODO DEL GOAL;COLPO DI TESTA;;;;NON_MAPPATO;famiglia non riconosciuta;13;3;MARATHON;CALCIO | EUROPA - UEFA NATIONS LEAGUE | Lituania - Azerbaigian | METODO DEL GOAL | COLPO DI TESTA
MIGLIORE DEL GRUPPO;Bayern Monaco;;;;NON_MAPPATO;famiglia non riconosciuta;13;13;DOMUSBET, MARATHON, STARCASINO, WILLIAMHILL;CALCIO | EUROPA - CHAMPIONS LEAGUE | UEFA Champions League 26/27 | MIGLIORE DEL GRUPPO | Bayern Monaco
MIGLIORE DEL GRUPPO;Norris L.;;;;NON_MAPPATO;famiglia non riconosciuta;13;13;DOMUSBET;AUTOMOBILISMO | MONDO - CAMPIONATO FORMULA 1 | GP Baku GARA | MIGLIORE DEL GRUPPO | Norris L.
MIGLIORE DEL GRUPPO;Piastri O.;;;;NON_MAPPATO;famiglia non riconosciuta;13;13;DOMUSBET;AUTOMOBILISMO | MONDO - CAMPIONATO FORMULA 1 | GP Baku GARA | MIGLIORE DEL GRUPPO | Piastri O.
MIGLIORE DEL GRUPPO;Svizzera;;;;NON_MAPPATO;famiglia non riconosciuta;13;13;BBET, DOMUSBET, MARATHON, SPORTBET, STARCASINO, WILLIAMHILL;CALCIO | EUROPA - UEFA NATIONS LEAGUE | Europa Nations League 2026/2027 | MIGLIORE DEL GRUPPO | Svizzera
NG O OV 2.5;NO;;;;NON_MAPPATO;famiglia non riconosciuta;13;5;DOMUSBET;CALCIO | INGHILTERRA - II DIVISIONE | Lincoln City - Swansea City | NG O OV 2.5 | NO
OSPITE NO BET;X;;;;NON_MAPPATO;famiglia non riconosciuta;13;9;DOMUSBET;CALCIO | INGHILTERRA - COPPA | West Ham - Fulham | OSPITE NO BET | X
RIBALTONE;SI;;;;NON_MAPPATO;famiglia non riconosciuta;13;5;BBET, MARATHON, SPORTBET, WILLIAMHILL;CALCIO | ITALIA - I DIVISIONE | Como - Roma | RIBALTONE | SI
SQUADRA INFO1 SEGNA IN ENTRAMBI I TEMPI;SI;;;;NON_MAPPATO;famiglia non riconosciuta;13;10;MARATHON, WILLIAMHILL;CALCIO | EUROPA - UEFA NATIONS LEAGUE | Germania - Grecia | SQUADRA INFO1 SEGNA IN ENTRAMBI I TEMPI | SI
T/T HANDICAP INFO1 INFO2 TEMPO;2;;;;NON_MAPPATO;famiglia non riconosciuta;13;13;DOMUSBET;BASKET | AMICH.ALMENO UN CLUB 1 O 2 DIV | Ovarense Basquetebol - Benfica | T/T HANDICAP INFO1 INFO2 TEMPO | 2
TOTALE CARTELLINI INFO1°T;6+;;;;NON_MAPPATO;famiglia non riconosciuta;13;13;DOMUSBET;CALCIO | SPAGNA - I DIVISIONE | Real Betis - Getafe | TOTALE CARTELLINI INFO1°T | 6+
U/O INFO1 CORNER SQUADRA INFO2;Under;;;;NON_MAPPATO;famiglia non riconosciuta;13;13;STARCASINO, WILLIAMHILL;CALCIO | EUROPA - UEFA NATIONS LEAGUE | Serbia - Olanda | U/O INFO1 CORNER SQUADRA INFO2 | Under
U/O INFO1 FALLI COMMESSI SQUADRA INFO2 INCL.TS;UNDER;;;;NON_MAPPATO;famiglia non riconosciuta;13;11;DOMUSBET;CALCIO | EUROPA - EUROPA LEAGUE | Juventus - NEC Nimega | U/O INFO1 FALLI COMMESSI SQUADRA INFO2 INCL.TS | UNDER
U/O INFO1 PUNTI INCL EX IN;UNDER;;;;NON_MAPPATO;famiglia non riconosciuta;13;11;DOMUSBET;BASEBALL | AMERICA - MAJOR LEAGUE | Boston Red Sox - Cleveland Guardians | U/O INFO1 PUNTI INCL EX IN | UNDER
U/O INFO1 PUNTI SQUADRA INFO2 INCL. EX IN;UNDER;;;;NON_MAPPATO;famiglia non riconosciuta;13;10;DOMUSBET;BASEBALL | AMERICA - MAJOR LEAGUE | Arizona Diamondbacks - New York Yankees | U/O INFO1 PUNTI SQUADRA INFO2 INCL. EX IN | UNDER
U/O INFO1 PUNTI TEMPO INFO2;OVER;;;;NON_MAPPATO;famiglia non riconosciuta;13;3;MARATHON, STANLEYBET;FOOTBALL AMERICANO | USA - CAMPIONATO NFL | Indianapolis Colts - Houston Texans | U/O INFO1 PUNTI TEMPO INFO2 | OVER
U/O INFO1 SQUADRA INFO2 (INCL. EVENTUALI O.T.);OVER;;;;NON_MAPPATO;famiglia non riconosciuta;13;3;BBET, STANLEYBET;BASKET | ITALIA - II DIVISIONE | Urania Milano - Dinamo Sassari | U/O INFO1 SQUADRA INFO2 (INCL. EVENTUALI O.T.) | OVER
U/O INFO1 TIRI IN PORTA;OVER;;;;NON_MAPPATO;famiglia non riconosciuta;13;10;MARATHON;CALCIO | EUROPA - UEFA NATIONS LEAGUE | Norvegia - Portogallo | U/O INFO1 TIRI IN PORTA | OVER
U/O INFO2 ASSIST+RIMBALZI INFO1 INCL. T.S;OVER;;;;NON_MAPPATO;famiglia non riconosciuta;13;13;DOMUSBET;BASKET | USA - WNBA | Minnesota Lynx - New York Liberty | U/O INFO2 ASSIST+RIMBALZI INFO1 INCL. T.S | OVER
VINCENTE;ARGENTINA;;;;NON_MAPPATO;famiglia non riconosciuta;13;13;ADMIRAL, SPORTBET, STANLEYBET;CALCIO | MONDO - MONDIALI | Mondiali 2026 | VINCENTE | ARGENTINA
VINCENTE;Bologna;;;;NON_MAPPATO;famiglia non riconosciuta;13;13;ADMIRAL, DOMUSBET, MARATHON, SPORTBET, STANLEYBET, STARCASINO, TOTOSI, WILLIAMHILL;CALCIO | ITALIA - COPPA | Coppa Italia 2026/2027 | VINCENTE | Bologna
VINCENTE;Holgado D.;;;;NON_MAPPATO;famiglia non riconosciuta;13;13;ADMIRAL, SPORTBET, STANLEYBET, STARCASINO;MOTOCICLISMO | MONDO - MOTOMONDIALE | Mondiale Moto2 2026 | VINCENTE | Holgado D.
VINCENTE;Rangers;;;;NON_MAPPATO;famiglia non riconosciuta;13;13;ADMIRAL, MARATHON, SPORTBET, STANLEYBET;CALCIO | SCOZIA - I DIVISIONE | Premiership 2026/27 | VINCENTE | Rangers
VINCENTE;Stromsgodset;;;;NON_MAPPATO;famiglia non riconosciuta;13;13;DOMUSBET, STARCASINO;CALCIO | NORVEGIA - II DIVISIONE | Norvegia 2 -2026 | VINCENTE | Stromsgodset
VINCENTE;Venezia;;;;NON_MAPPATO;famiglia non riconosciuta;13;13;ADMIRAL, BBET, STARCASINO, WILLIAMHILL;CALCIO | ITALIA - II DIVISIONE | Serie B 2025/26 | VINCENTE | Venezia
X2+GG/NG INFO1°T;X2 + GG;;;;NON_MAPPATO;famiglia non riconosciuta;13;10;DOMUSBET;CALCIO | EUROPA - EUROPA LEAGUE | Milan - Benfica | X2+GG/NG INFO1°T | X2 + GG
X2/1;SI;;;;NON_MAPPATO;famiglia non riconosciuta;13;9;DOMUSBET;CALCIO | ITALIA - III DIVISIONE | Casertana - Catania FC | X2/1 | SI
12 + MULTIGOL;SI;;;;NON_MAPPATO;famiglia non riconosciuta;12;3;BBET, SPORTBET, TOTOSI;CALCIO | EUROPA - UEFA NATIONS LEAGUE | Norvegia - Portogallo | 12 + MULTIGOL | SI
CAPOCANNONIERE;Lautaro Martinez;;;;NON_MAPPATO;famiglia non riconosciuta;12;12;ADMIRAL, BBET, DOMUSBET, STANLEYBET;CALCIO | ITALIA - I DIVISIONE | Serie A 2026/27 | CAPOCANNONIERE | Lautaro Martinez
CARTELLINO INFO1;SI;;;;NON_MAPPATO;famiglia non riconosciuta;12;3;MARATHON;CALCIO | EUROPA - UEFA NATIONS LEAGUE | Austria - Kosovo | CARTELLINO INFO1 | SI
CASA SEGNA 2°T;NO;;;;NON_MAPPATO;famiglia non riconosciuta;12;12;BBET, DOMUSBET;CALCIO | SPAGNA - IV DIVISIONE | Puente Genil FC - Marbella FC | CASA SEGNA 2°T | NO
GIOC. INFO1 ENTRA E SEGNA (INC.TS.);SI;;;;NON_MAPPATO;famiglia non riconosciuta;12;12;DOMUSBET;CALCIO | ITALIA - I DIVISIONE | Parma - Genoa | GIOC. INFO1 ENTRA E SEGNA (INC.TS.) | SI
GIOC. INFO1 MARCATORE 2°T;SI;;;;NON_MAPPATO;famiglia non riconosciuta;12;11;DOMUSBET;CALCIO | ITALIA - I DIVISIONE | Parma - Genoa | GIOC. INFO1 MARCATORE 2°T | SI
GOL E AMMONITO (INC.TS.);SI;;;;NON_MAPPATO;famiglia non riconosciuta;12;8;BBET;CALCIO | EUROPA - UEFA NATIONS LEAGUE | Serbia - Olanda | GOL E AMMONITO (INC.TS.) | SI
INFO1 SEGNA ALMENO INFO2 PUNTI;SI;;;;NON_MAPPATO;famiglia non riconosciuta;12;12;DOMUSBET;BASKET | SPAGNA - I DIVISIONE | Breogan - Joventut Badalona | INFO1 SEGNA ALMENO INFO2 PUNTI | SI
MARGINE VITTORIA 7 ESITI;Ospite di 1;;;;NON_MAPPATO;famiglia non riconosciuta;12;5;DOMUSBET;CALCIO | EUROPA - EUROPA LEAGUE | Milan - Benfica | MARGINE VITTORIA 7 ESITI | Ospite di 1
MIGLIORE DEL GRUPPO;Inter;;;;NON_MAPPATO;famiglia non riconosciuta;12;12;DOMUSBET, MARATHON, STARCASINO, WILLIAMHILL;CALCIO | EUROPA - CHAMPIONS LEAGUE | UEFA Champions League 26/27 | MIGLIORE DEL GRUPPO | Inter
MIGLIORE DEL GRUPPO;Psg;;;;NON_MAPPATO;famiglia non riconosciuta;12;12;DOMUSBET, MARATHON, STARCASINO, WILLIAMHILL;CALCIO | EUROPA - CHAMPIONS LEAGUE | UEFA Champions League 26/27 | MIGLIORE DEL GRUPPO | Psg
MULTIGOAL INFO1-INFO2 - 1°T;SI;;;;NON_MAPPATO;famiglia non riconosciuta;12;5;MARATHON;CALCIO | AMICHEVOLI SQUADRE NAZIONALI | Bolivia - Paraguay | MULTIGOAL INFO1-INFO2 - 1°T | SI
OSPITE SEGNA 2°T;NO;;;;NON_MAPPATO;famiglia non riconosciuta;12;12;BBET, DOMUSBET;CALCIO | EUROPA - UEFA NATIONS LEAGUE | Austria - Kosovo | OSPITE SEGNA 2°T | NO
QUARTO CON PIÙ PUNTI;2^ QUARTO;;;;NON_MAPPATO;famiglia non riconosciuta;12;1;WILLIAMHILL;FOOTBALL AMERICANO | USA - CAMPIONATO NFL | Pittsburgh Steelers - Cincinnati Bengals | QUARTO CON PIÙ PUNTI | 2^ QUARTO
RIGORE;Si;;;;NON_MAPPATO;famiglia non riconosciuta;12;11;STARCASINO;CALCIO | EUROPA - UEFA NATIONS LEAGUE | Lituania - Azerbaigian | RIGORE | Si
RIS.ES+GIOCATORE INFO1 1°MARCATORE;1-2 + 1°Marc;;;;NON_MAPPATO;famiglia non riconosciuta;12;11;DOMUSBET;CALCIO | ITALIA - I DIVISIONE | Monza - Sassuolo | RIS.ES+GIOCATORE INFO1 1°MARCATORE | 1-2 + 1°Marc
SET INFO1 GIOCO INFO2 PUNTO INFO3;2;;;;NON_MAPPATO;famiglia non riconosciuta;12;11;DOMUSBET;TENNIS | TORNEO DI SEOUL | Korneeva, Alina - Astakhova, Darya | SET INFO1 GIOCO INFO2 PUNTO INFO3 | 2
SOMMA GOL FINALE;0;;;;NON_MAPPATO;famiglia non riconosciuta;12;4;BBET, DOMUSBET;CALCIO | SPAGNA - II DIVISIONE | Eibar - UD Las Palmas | SOMMA GOL FINALE | 0
SQUADRA 1 VINCE ALMENO UN SET;SI;;;;NON_MAPPATO;famiglia non riconosciuta;12;11;DOMUSBET;VOLLEY | USA - NCAA I DIVISIONE F. | Wisconsin Badgers - Marquette Golden Eagles | SQUADRA 1 VINCE ALMENO UN SET | SI
SQUADRA INFO1 VINCE ALMENO UN TEMPO;NO;;;;NON_MAPPATO;famiglia non riconosciuta;12;10;DOMUSBET;CALCIO | EUROPA - UEFA NATIONS LEAGUE | Liechtenstein - Lituania | SQUADRA INFO1 VINCE ALMENO UN TEMPO | NO
T/T HANDICAP GAMES;1;;;;NON_MAPPATO;famiglia non riconosciuta;12;12;MARATHON, STARCASINO;TENNIS | CHALLENGER DI USA | Martin, Andres - Okonkwo, Oliver | T/T HANDICAP GAMES | 1
T/T HANDICAP PUNTI;2;;;;NON_MAPPATO;famiglia non riconosciuta;12;8;STANLEYBET;BASKET | ITALIA - I DIVISIONE | Pallacanestro Varese - Virtus Bologna | T/T HANDICAP PUNTI | 2
T/T TEMPO INFO1;2;;;;NON_MAPPATO;famiglia non riconosciuta;12;12;DOMUSBET;BASKET | USA - WNBA | Seattle Storm - Dallas Wings | T/T TEMPO INFO1 | 2
T/T TEMPO X;1;;;;NON_MAPPATO;famiglia non riconosciuta;12;12;STARCASINO, TOTOSI, WILLIAMHILL;BASKET | LITUANIA - I DIVISIONE | Juventus Utena - BC Nevezis Kedainiai | T/T TEMPO X | 1
TOTALE SET;2;;;;NON_MAPPATO;famiglia non riconosciuta;12;10;DOMUSBET, STARCASINO;TENNIS | TORNEO DI CHENGDU | Shevchenko, Alexander - Hurkacz, Hubert | TOTALE SET | 2
U/O CARTELLINI CASA&OSPITE;O Casa + O Ospite;;;;NON_MAPPATO;famiglia non riconosciuta;12;3;TOTOSI;CALCIO | EUROPA - UEFA NATIONS LEAGUE | Gibilterra - Andorra | U/O CARTELLINI CASA&OSPITE | O Casa + O Ospite
U/O GAME;OVER;;;;NON_MAPPATO;famiglia non riconosciuta;12;11;MARATHON;TENNIS | LAVER CUP | Alcaraz, Carlos - de Minaur, Alex | U/O GAME | OVER
U/O GOAL GIOCATORE;OVER;;;;NON_MAPPATO;famiglia non riconosciuta;12;12;SPORTBET;CALCIO | ITALIA - I DIVISIONE | Serie A 2026/27 | U/O GOAL GIOCATORE | OVER
U/O INFO1 - INFO2° TEMPO;Under;;;;NON_MAPPATO;famiglia non riconosciuta;12;10;STARCASINO;CALCIO | EUROPA - UEFA NATIONS LEAGUE | Norvegia - Portogallo | U/O INFO1 - INFO2° TEMPO | Under
U/O INFO1 CORNER - INFO2°T;OVER;;;;NON_MAPPATO;famiglia non riconosciuta;12;5;MARATHON;CALCIO | EUROPA - UEFA NATIONS LEAGUE | Danimarca - Galles | U/O INFO1 CORNER - INFO2°T | OVER
U/O INFO1 CORNER SQUADRA INFO2 INFO3°T;UNDER;;;;NON_MAPPATO;famiglia non riconosciuta;12;11;DOMUSBET;CALCIO | SPAGNA - I DIVISIONE | Atletico Madrid - Osasuna | U/O INFO1 CORNER SQUADRA INFO2 INFO3°T | UNDER
U/O INFO1 FIELD GOAL;Over;;;;NON_MAPPATO;famiglia non riconosciuta;12;6;WILLIAMHILL;FOOTBALL AMERICANO | USA - CAMPIONATO NFL | Green Bay Packers - Atlanta Falcons | U/O INFO1 FIELD GOAL | Over
U/O INFO1 FIELD GOAL INCL. TS;OVER;;;;NON_MAPPATO;famiglia non riconosciuta;12;6;DOMUSBET;FOOTBALL AMERICANO | USA - CAMPIONATO NFL | New England Patriots - Pittsburgh Steelers | U/O INFO1 FIELD GOAL INCL. TS | OVER
U/O INFO1 INTERVALLO (INFO2 - INFO3);UNDER;;;;NON_MAPPATO;famiglia non riconosciuta;12;6;DOMUSBET;CALCIO | AFRICA - QUAL. COPPA D'AFRICA | Marocco - Gabon | U/O INFO1 INTERVALLO (INFO2 - INFO3) | UNDER
U/O INFO1 SQUADRA INFO2 RT;OVER;;;;NON_MAPPATO;famiglia non riconosciuta;12;7;DOMUSBET;HOCKEY GHIACCIO | AMERICA - NHL | Los Angeles Kings - Utah Mammoth | U/O INFO1 SQUADRA INFO2 RT | OVER
U/O INFO1 TEMPO INFO2;Over;;;;NON_MAPPATO;famiglia non riconosciuta;12;6;STARCASINO, WILLIAMHILL;PALLAMANO | MONDO - IHF SUPER GLOBE | Fuchse Berlino - Veszprem | U/O INFO1 TEMPO INFO2 | Over
U/O INFO1 TIRI IN PORTA (INCL. TS.);Over;;;;NON_MAPPATO;famiglia non riconosciuta;12;5;WILLIAMHILL;CALCIO | EUROPA - UEFA NATIONS LEAGUE | Serbia - Olanda | U/O INFO1 TIRI IN PORTA (INCL. TS.) | Over
U/O INFO2 PUNTI+RIMBALZI INFO1 INCL. T.S.;OVER;;;;NON_MAPPATO;famiglia non riconosciuta;12;8;DOMUSBET;BASKET | USA - WNBA | New York Liberty - Atlanta Dream | U/O INFO2 PUNTI+RIMBALZI INFO1 INCL. T.S. | OVER
U/O PUNTI SQUADRA X NELLA MANIFESTAZIONE STAGIONE REGOLARE I.A.35;Over;;;;NON_MAPPATO;famiglia non riconosciuta;12;11;STARCASINO, WILLIAMHILL;CALCIO | ITALIA - I DIVISIONE | Serie A 2026/27 | U/O PUNTI SQUADRA X NELLA MANIFESTAZIONE STAGIONE REGOLARE I.A.35 | Over
U/O X CARTELLINI INCONTRO;OVER;;;;NON_MAPPATO;famiglia non riconosciuta;12;6;BBET;CALCIO | SPAGNA - II DIVISIONE | RCD Maiorca - Almeria | U/O X CARTELLINI INCONTRO | OVER
VINCENTE;BAL Ravens;;;;NON_MAPPATO;famiglia non riconosciuta;12;12;ADMIRAL, BBET, DOMUSBET, STARCASINO, WILLIAMHILL;FOOTBALL AMERICANO | USA - CAMPIONATO NFL | Afc North 2026/27 | VINCENTE | BAL Ravens
VINCENTE;Bournemouth;;;;NON_MAPPATO;famiglia non riconosciuta;12;12;BBET, SPORTBET, STANLEYBET, STARCASINO;CALCIO | EUROPA - EUROPA LEAGUE | Europa League 2026/27 Fase Campionato | VINCENTE | Bournemouth
VINCENTE;Cremonese;;;;NON_MAPPATO;famiglia non riconosciuta;12;12;ADMIRAL, DOMUSBET, MARATHON, SPORTBET, STANLEYBET, STARCASINO, WILLIAMHILL;CALCIO | ITALIA - II DIVISIONE | Serie B 2026 - 2027 | VINCENTE | Cremonese
VINCENTE;Milano;;;;NON_MAPPATO;famiglia non riconosciuta;12;12;ADMIRAL, DOMUSBET, SPORTBET, STARCASINO, WILLIAMHILL;BASKET | ITALIA - I DIVISIONE | Lega A - 2025/2026 | VINCENTE | Milano
VINCENTE;Psg;;;;NON_MAPPATO;famiglia non riconosciuta;12;12;ADMIRAL, BBET, DOMUSBET, STANLEYBET, STARCASINO;CALCIO | EUROPA - CHAMPIONS LEAGUE | UEFA Champions League 25/26 | VINCENTE | Psg
VINCENTE;Sparta Praga;;;;NON_MAPPATO;famiglia non riconosciuta;12;12;STANLEYBET;CALCIO | REP. CECA- I DIVISIONE | 1 Liga 2026/27 | VINCENTE | Sparta Praga
VINCENTE CLASSIFICA CAPOCANNONIERE;Erling Haaland;;;;NON_MAPPATO;famiglia non riconosciuta;12;12;STARCASINO;CALCIO | INGHILTERRA - I DIVISIONE | Premier League 26/27 | VINCENTE CLASSIFICA CAPOCANNONIERE | Erling Haaland
VINCENTE INFO AGG;Inter;;;;NON_MAPPATO;famiglia non riconosciuta;12;12;WILLIAMHILL;CALCIO | ITALIA - I DIVISIONE | Serie A 2026/27 | VINCENTE INFO AGG | Inter
VINCENTE SENZA SQUADRA X I.A.5;Ajax;;;;NON_MAPPATO;famiglia non riconosciuta;12;12;ADMIRAL, STARCASINO, WILLIAMHILL;CALCIO | OLANDA - I DIVISIONE | Eredivisie 2026/27 Senza PSV | VINCENTE SENZA SQUADRA X I.A.5 | Ajax
X O NG;NO;;;;NON_MAPPATO;famiglia non riconosciuta;12;2;DOMUSBET;CALCIO | AFRICA - QUAL. COPPA D'AFRICA | Costa d'Avorio - Ghana | X O NG | NO
X O UN 2,5 O NG;SI;;;;NON_MAPPATO;famiglia non riconosciuta;12;12;DOMUSBET;CALCIO | GERMANIA - I DIVISIONE | Stoccarda - Borussia Dortmund | X O UN 2,5 O NG | SI
X2;X2;X2;;;NON_MAPPATO;famiglia non riconosciuta;12;9;STARCASINO;CALCIO | EUROPA - UEFA NATIONS LEAGUE | Inghilterra - Spagna | X2 | X2
12 + GG/NG;12 + NOGOAL;;;;NON_MAPPATO;famiglia non riconosciuta;11;6;BBET;CALCIO | EUROPA - UEFA NATIONS LEAGUE | Norvegia - Portogallo | 12 + GG/NG | 12 + NOGOAL
1X - INFO1°T;1X;;;;NON_MAPPATO;famiglia non riconosciuta;11;4;MARATHON;CALCIO | EUROPA - UEFA NATIONS LEAGUE | Serbia - Olanda | 1X - INFO1°T | 1X
CAPOCANNONIERE TORNEO;Harry Kane (Bayern Monaco);;;;NON_MAPPATO;famiglia non riconosciuta;11;11;WILLIAMHILL;CALCIO | GERMANIA - I DIVISIONE | Bundesliga 2026/2027 | CAPOCANNONIERE TORNEO | Harry Kane (Bayern Monaco)
COPPA IN MANO;2;;;;NON_MAPPATO;famiglia non riconosciuta;11;11;DOMUSBET, STANLEYBET;CALCIO | MONDO - MONDIALI U20 F. | Spagna U20 - Repubblica Democratica di Corea U20 | COPPA IN MANO | 2
HCP INFO1 SET INFO2;1;;;;NON_MAPPATO;famiglia non riconosciuta;11;11;DOMUSBET;VOLLEY | EUROPA - CAMP. EUROPEO | Italia - Finlandia | HCP INFO1 SET INFO2 | 1
HCP INFO1 SET INFO2;2;;;;NON_MAPPATO;famiglia non riconosciuta;11;11;DOMUSBET;VOLLEY | AMERICA - CAMP. SUDAMERICA | Venezuela - Cile | HCP INFO1 SET INFO2 | 2
HOME NO BET;X;;;;NON_MAPPATO;famiglia non riconosciuta;11;6;STARCASINO;CALCIO | COREA DEL SUD - I DIVISIONE | Gangwon - Incheon United | HOME NO BET | X
INFO1 TEMPO (12 + GG/NG);12 + GOAL;;;;NON_MAPPATO;famiglia non riconosciuta;11;3;MARATHON;CALCIO | USA - I DIVISIONE | Columbus Crew - Inter Miami | INFO1 TEMPO (12 + GG/NG) | 12 + GOAL
INFO1 U/O FALLI COMMESSI INFO2;Over;;;;NON_MAPPATO;famiglia non riconosciuta;11;1;STARCASINO;CALCIO | EUROPA - UEFA NATIONS LEAGUE | Norvegia - Portogallo | INFO1 U/O FALLI COMMESSI INFO2 | Over
MARCATORE 1°TEMPO;SI;;;;NON_MAPPATO;famiglia non riconosciuta;11;5;MARATHON;CALCIO | EUROPA - UEFA NATIONS LEAGUE | Danimarca - Galles | MARCATORE 1°TEMPO | SI
METODO DEL INFO1° GOL T.R;AUTORETE;;;;NON_MAPPATO;famiglia non riconosciuta;11;4;DOMUSBET;CALCIO | EUROPA - UEFA NATIONS LEAGUE | Inghilterra - Spagna | METODO DEL INFO1° GOL T.R | AUTORETE
QUALE SQUADRA SEGNA;ENTRAMBE;;;;NON_MAPPATO;famiglia non riconosciuta;11;1;STANLEYBET;CALCIO | ITALIA - III DIVISIONE | Renate - Treviso | QUALE SQUADRA SEGNA | ENTRAMBE
RIS.ES+GIOCATORE INFO1 1°MARCATORE;2-1 + 1°Marc;;;;NON_MAPPATO;famiglia non riconosciuta;11;11;DOMUSBET;CALCIO | EUROPA - UEFA NATIONS LEAGUE | Italia - Belgio | RIS.ES+GIOCATORE INFO1 1°MARCATORE | 2-1 + 1°Marc
RIS.ESATTO MULTIPLO;2 ALTRO;;;;NON_MAPPATO;famiglia non riconosciuta;11;10;DOMUSBET;CALCIO | EUROPA - CHAMPIONS LEAGUE F. | Servette FC Chenois Feminin - Olympique Lione | RIS.ESATTO MULTIPLO | 2 ALTRO
RISULTATO ESATTO TEMPO INFO1;ALTRO;;Risultato Esatto;;NON_MAPPATO;etichetta non riconosciuta per famiglia Risultato Esatto;11;6;BBET, STANLEYBET, TOTOSI;CALCIO | EUROPA - UEFA NATIONS LEAGUE | Germania - Grecia | RISULTATO ESATTO TEMPO INFO1 | ALTRO
SOMMA GOL CASA;3 o più;;;;NON_MAPPATO;famiglia non riconosciuta;11;10;BBET, TOTOSI;CALCIO | PORTOGALLO - I DIVISIONE F. | S.C.U. Torreense - CS Maritimo F | SOMMA GOL CASA | 3 o più
TOTALE CARTELLINI;11;;;;NON_MAPPATO;famiglia non riconosciuta;11;11;DOMUSBET;CALCIO | INGHILTERRA - II DIVISIONE | Millwall - West Ham | TOTALE CARTELLINI | 11
TOTALE CORNER TEMPO;- DI 5;;;;NON_MAPPATO;famiglia non riconosciuta;11;3;DOMUSBET;CALCIO | BELGIO - I DIVISIONE | Gent - Standard Liegi | TOTALE CORNER TEMPO | - DI 5
TUTTE OVER;Si;;;;NON_MAPPATO;famiglia non riconosciuta;11;11;STARCASINO;CALCIO | SPECIALI CALCIO | Austria / Kosovo 27/09 / Danimarca / Galles 27/09 / Serbia / Olanda 27/09 | TUTTE OVER | Si
TUTTI MARCATORI;SI;;;;NON_MAPPATO;famiglia non riconosciuta;11;11;DOMUSBET, SPORTBET, STANLEYBET;CALCIO | SPECIALI CALCIO | KEAN, MOISE (COMO) 20/09 / KVARATSKHELIA, KHVICHA (PARIS SAINT-GERMAIN) 20/09 / MORENO, GERARD (VILLARREAL) 20/09 | TUTTI MARCATORI | SI
U/O CART. CASA + U/O CART. OSPITE;O Casa+O Osp.;;;;NON_MAPPATO;famiglia non riconosciuta;11;5;WILLIAMHILL;CALCIO | EUROPA - UEFA NATIONS LEAGUE | Belgio - Francia | U/O CART. CASA + U/O CART. OSPITE | O Casa+O Osp.
U/O CARTELLINI INCONTRO;UNDER;;;;NON_MAPPATO;famiglia non riconosciuta;11;10;SPORTBET, STANLEYBET;CALCIO | EUROPA - UEFA NATIONS LEAGUE | Turchia - Italia | U/O CARTELLINI INCONTRO | UNDER
U/O INFO1 - SQ. INFO2;Over;Over;;;NON_MAPPATO;famiglia non riconosciuta;11;9;STARCASINO;CALCIO | ARGENTINA - III DIVISIONE | Talleres de Remedios - CSD San Martin | U/O INFO1 - SQ. INFO2 | Over
U/O INFO1 CORNER SQ. INFO2 - INFO3°T;Over;;;;NON_MAPPATO;famiglia non riconosciuta;11;6;STARCASINO;CALCIO | EUROPA - UEFA NATIONS LEAGUE | Danimarca - Galles | U/O INFO1 CORNER SQ. INFO2 - INFO3°T | Over
U/O INFO1 TIRI IN PORTA SQ. INFO2 INCL. TS;OVER;;;;NON_MAPPATO;famiglia non riconosciuta;11;6;STANLEYBET;CALCIO | EUROPA - UEFA NATIONS LEAGUE | Danimarca - Galles | U/O INFO1 TIRI IN PORTA SQ. INFO2 INCL. TS | OVER
VINCENTE;Aston Villa;;;;NON_MAPPATO;famiglia non riconosciuta;11;11;ADMIRAL, BBET, DOMUSBET, STANLEYBET, STARCASINO, WILLIAMHILL;CALCIO | EUROPA - EUROPA LEAGUE | Europa League 2025/26 | VINCENTE | Aston Villa
VINCENTE;Cristiano Ronaldo;;;;NON_MAPPATO;famiglia non riconosciuta;11;11;360BET, ADMIRAL, DOMUSBET, SPORTBET, STANLEYBET, STARCASINO;CALCIO | PALLONE D'ORO FIFA | Pallone D oro 2026 | VINCENTE | Cristiano Ronaldo
VINCENTE;FC Inter;;;;NON_MAPPATO;famiglia non riconosciuta;11;11;ADMIRAL, BBET, DOMUSBET, STANLEYBET, STARCASINO;CALCIO | FINLANDIA - I DIVISIONE | Veikkausliiga 2026 | VINCENTE | FC Inter
VINCENTE;Mads Pedersen;;;;NON_MAPPATO;famiglia non riconosciuta;11;11;BBET, STANLEYBET, STARCASINO, WILLIAMHILL;CICLISMO | MONDIALI SU STRADA | Montreal 2026 - Corsa In Linea Maschile Elite | VINCENTE | Mads Pedersen
VINCENTE;Norimberga;;;;NON_MAPPATO;famiglia non riconosciuta;11;11;STANLEYBET, STARCASINO, WILLIAMHILL;CALCIO | GERMANIA - II DIVISIONE | Bundesliga II 2026/27 | VINCENTE | Norimberga
VINCENTE;Salford City;;;;NON_MAPPATO;famiglia non riconosciuta;11;11;ADMIRAL, STARCASINO, WILLIAMHILL;CALCIO | INGHILTERRA - IV DIVISIONE | League Two | VINCENTE | Salford City
VINCENTE;Torino;;;;NON_MAPPATO;famiglia non riconosciuta;11;11;ADMIRAL, MARATHON, STANLEYBET, STARCASINO, WILLIAMHILL;CALCIO | ITALIA - COPPA | Coppa Italia 2026/2027 | VINCENTE | Torino
VINCENTE CLASSIFICA CAPOCANNONIERE;Harry Kane (Bayern Monaco);;;;NON_MAPPATO;famiglia non riconosciuta;11;11;STARCASINO;CALCIO | GERMANIA - I DIVISIONE | Bundesliga 2026/2027 | VINCENTE CLASSIFICA CAPOCANNONIERE | Harry Kane (Bayern Monaco)
VINCENTE SENZA SQUADRA X I.A.5;Feyenoord;;;;NON_MAPPATO;famiglia non riconosciuta;11;11;STARCASINO, WILLIAMHILL;CALCIO | OLANDA - I DIVISIONE | Eredivisie 2026/27 Senza PSV | VINCENTE SENZA SQUADRA X I.A.5 | Feyenoord
VINCENTE SENZA X;Borussia Dortmund;;;;NON_MAPPATO;famiglia non riconosciuta;11;11;BBET, DOMUSBET, SPORTBET;CALCIO | GERMANIA - I DIVISIONE | Bundesliga 2026/2027 Senza Bayern Monaco | VINCENTE SENZA X | Borussia Dortmund
VINCERANNO TUTTI;SI;;;;NON_MAPPATO;famiglia non riconosciuta;11;11;MARATHON, STANLEYBET, WILLIAMHILL;CALCIO | SPECIALI CALCIO | Olanda 27/09 / Norvegia 27/09 / Danimarca 27/09 | VINCERANNO TUTTI | SI
X2+GG/NG INFO1°T;X2 + NG;;;;NON_MAPPATO;famiglia non riconosciuta;11;8;DOMUSBET;CALCIO | FRANCIA - I DIVISIONE | Nizza - Lille | X2+GG/NG INFO1°T | X2 + NG
1 O UN TEMPO;SI;;;;NON_MAPPATO;famiglia non riconosciuta;10;1;DOMUSBET;CALCIO | EUROPA - CHAMPIONS LEAGUE | Galatasaray - Barcellona | 1 O UN TEMPO | SI
1X+U/O INFO1;1X + OV;1X + OV;;;NON_MAPPATO;famiglia non riconosciuta;10;4;DOMUSBET;CALCIO | EUROPA - CHAMPIONS LEAGUE | Real Madrid - Inter | 1X+U/O INFO1 | 1X + OV
1X/2;SI;;;;NON_MAPPATO;famiglia non riconosciuta;10;6;DOMUSBET;CALCIO | ITALIA - III DIVISIONE | Barletta - Potenza | 1X/2 | SI
1X2 DOPO 5 INNING;TEAM2;;1X2;;NON_MAPPATO;etichetta non riconosciuta per famiglia 1X2;10;5;DOMUSBET;BASEBALL | AMERICA - MAJOR LEAGUE | Minnesota Twins - New York Yankees | 1X2 DOPO 5 INNING | TEAM2
AWAY NO BET;X;;;;NON_MAPPATO;famiglia non riconosciuta;10;6;STARCASINO, WILLIAMHILL;CALCIO | ITALIA - I DIVISIONE | Sassuolo - Milan | AWAY NO BET | X
ENTRAMBI ALLENATORI ROSSO;SI;;;;NON_MAPPATO;famiglia non riconosciuta;10;10;DOMUSBET;CALCIO | SPAGNA - I DIVISIONE | Atletico Madrid - Real Madrid | ENTRAMBI ALLENATORI ROSSO | SI
G1 VINCE ALMENO 1 SET;NO;;;;NON_MAPPATO;famiglia non riconosciuta;10;9;DOMUSBET, MARATHON;TENNIS | TORNEO DI CHENGDU | Mannarino, Adrian - Shapovalov, Denis | G1 VINCE ALMENO 1 SET | NO
GIOC X SCENDE IN CAMPO E RICEVE AMMONIZIONE O SUO SOST INCL. TS RIG GIOC PANCHINA DOPO FISCHIO FIN;SI;;;;NON_MAPPATO;famiglia non riconosciuta;10;3;TOTOSI;CALCIO | EUROPA - UEFA NATIONS LEAGUE | Danimarca - Galles | GIOC X SCENDE IN CAMPO E RICEVE AMMONIZIONE O SUO SOST INCL. TS RIG GIOC PANCHINA DOPO FISCHIO FIN | SI
GIOCAT. X O GIOCAT. Y O LORO SOSTITUTI SEGNA O COLPISCE ALMENO UN PALO O UNA TRAVERSA INCL. T.S.;SI;;;;NON_MAPPATO;famiglia non riconosciuta;10;10;BBET, SPORTBET;CALCIO | EUROPA - UEFA NATIONS LEAGUE | Serbia - Olanda | GIOCAT. X O GIOCAT. Y O LORO SOSTITUTI SEGNA O COLPISCE ALMENO UN PALO O UNA TRAVERSA INCL. T.S. | SI
GIOCATORE INFO1 GOL SU PUNIZIONE DIRETTA (INC.TS.);SI;;;;NON_MAPPATO;famiglia non riconosciuta;10;9;DOMUSBET;CALCIO | ITALIA - I DIVISIONE | Fiorentina - Napoli | GIOCATORE INFO1 GOL SU PUNIZIONE DIRETTA (INC.TS.) | SI
INFO1 ESPULSO;SI;;;;NON_MAPPATO;famiglia non riconosciuta;10;3;MARATHON;CALCIO | EUROPA - UEFA NATIONS LEAGUE | Serbia - Olanda | INFO1 ESPULSO | SI
INFO1 TIRI IN PORTA (SENZA PALO/TRAV.) (INC.TS.): ALMENO INFO2;SI;;;;NON_MAPPATO;famiglia non riconosciuta;10;2;SPORTBET;CALCIO | EUROPA - UEFA NATIONS LEAGUE | Norvegia - Portogallo | INFO1 TIRI IN PORTA (SENZA PALO/TRAV.) (INC.TS.): ALMENO INFO2 | SI
MIGLIORE DEL GRUPPO;Germania;;;;NON_MAPPATO;famiglia non riconosciuta;10;10;BBET, DOMUSBET, MARATHON, SPORTBET, STARCASINO;CALCIO | EUROPA - UEFA NATIONS LEAGUE | Europa Nations League 2026/2027 | MIGLIORE DEL GRUPPO | Germania
MIGLIORE DEL GRUPPO;Norvegia;;;;NON_MAPPATO;famiglia non riconosciuta;10;10;DOMUSBET, MARATHON, SPORTBET, STARCASINO, WILLIAMHILL;CALCIO | EUROPA - UEFA NATIONS LEAGUE | Europa Nations League 2026/2027 | MIGLIORE DEL GRUPPO | Norvegia
PROSSIMO CARTELLINO;Ospite;;;;NON_MAPPATO;famiglia non riconosciuta;10;3;DOMUSBET;CALCIO | EUROPA - EUROPA LEAGUE | Juventus - NEC Nimega | PROSSIMO CARTELLINO | Ospite
RIS. ESATTO 2-0;SI;;;;NON_MAPPATO;famiglia non riconosciuta;10;9;DOMUSBET;TENNIS | LAVER CUP | Jodar, Rafael - Bublik, Alexander | RIS. ESATTO 2-0 | SI
RIS.ESATTO MULTIPLO 1;1-4 2-4 3-4;;;;NON_MAPPATO;famiglia non riconosciuta;10;8;DOMUSBET, STANLEYBET;CALCIO | SPAGNA - I DIVISIONE | Atletico Madrid - Real Madrid | RIS.ESATTO MULTIPLO 1 | 1-4 2-4 3-4
RISULTATO ESATTO MULTIPLO;2:1,3:1 O 4:1;;Risultato Esatto;;NON_MAPPATO;etichetta non riconosciuta per famiglia Risultato Esatto;10;6;MARATHON, STARCASINO;CALCIO | EUROPA - UEFA NATIONS LEAGUE | Danimarca - Galles | RISULTATO ESATTO MULTIPLO | 2:1,3:1 O 4:1
SEGNA GOAL;NESSUNO;;;;NON_MAPPATO;famiglia non riconosciuta;10;5;WILLIAMHILL;CALCIO | EUROPA - UEFA NATIONS LEAGUE | Danimarca - Galles | SEGNA GOAL | NESSUNO
SOMMA GOAL FINALE;4;;;;NON_MAPPATO;famiglia non riconosciuta;10;3;STARCASINO, WILLIAMHILL;CALCIO | EUROPA - UEFA NATIONS LEAGUE | Gibilterra - Andorra | SOMMA GOAL FINALE | 4
SQUADRA X VINCE ENTRAMBI I TEMPI SI/NO I.A. 22;SI;;;;NON_MAPPATO;famiglia non riconosciuta;10;5;MARATHON;CALCIO | EUROPA - UEFA NATIONS LEAGUE | Serbia - Olanda | SQUADRA X VINCE ENTRAMBI I TEMPI SI/NO I.A. 22 | SI
T/T (ESCL. RITIRO);1;1;;;NON_MAPPATO;famiglia non riconosciuta;10;9;DOMUSBET, STARCASINO;TENNIS | CHALLENGER DI ITALIA | Roca Batalla, Oriol - Napolitano, Stefano | T/T (ESCL. RITIRO) | 1
T/T + U/O INFO2 RIMBALZI INFO1 INCL T.S.;2 + OVER;;;;NON_MAPPATO;famiglia non riconosciuta;10;10;DOMUSBET;BASKET | USA - WNBA | Seattle Storm - Las Vegas Aces | T/T + U/O INFO2 RIMBALZI INFO1 INCL T.S. | 2 + OVER
T/T 1°SET + U/O INFO1 1°SET;2 + OVER;;;;NON_MAPPATO;famiglia non riconosciuta;10;7;DOMUSBET;TENNIS | TORNEO DI CHENGDU | Cerundolo, Juan Manuel - Zhou, Yi | T/T 1°SET + U/O INFO1 1°SET | 2 + OVER
T/T SET INFO1 (ESCL. RITIRO);1;;;;NON_MAPPATO;famiglia non riconosciuta;10;8;STANLEYBET;TENNIS | CHALLENGER DI PORTOGALLO | Langmo, Christian - Coulibaly, Eliakim | T/T SET INFO1 (ESCL. RITIRO) | 1
TOTALE CARTELLINI;10;;;;NON_MAPPATO;famiglia non riconosciuta;10;10;DOMUSBET;CALCIO | INGHILTERRA - II DIVISIONE | Millwall - West Ham | TOTALE CARTELLINI | 10
U/O CARTELLINI CASA INFO1+OSPITE INFO2;OVER+UNDER;;;;NON_MAPPATO;famiglia non riconosciuta;10;8;DOMUSBET;CALCIO | EUROPA - UEFA NATIONS LEAGUE | Serbia - Grecia | U/O CARTELLINI CASA INFO1+OSPITE INFO2 | OVER+UNDER
U/O GAMES NEL SET;Over;;;;NON_MAPPATO;famiglia non riconosciuta;10;7;STARCASINO, WILLIAMHILL;TENNIS | TORNEO DI CHENGDU | Harris, Lloyd - Hurkacz, Hubert | U/O GAMES NEL SET | Over
U/O INFO1 SQUADRA INFO2;Over;;;;NON_MAPPATO;famiglia non riconosciuta;10;7;STARCASINO;BASKET | ITALIA - II DIVISIONE | Libertas Livorno - AS Pistoia Basket 2000 | U/O INFO1 SQUADRA INFO2 | Over
U/O PUNTI CARTELLINI TEAM 1 + U/O PUNTI CARTELLINI TEAM 2;U Casa+U Osp.;;;;NON_MAPPATO;famiglia non riconosciuta;10;1;STARCASINO;CALCIO | EUROPA - UEFA NATIONS LEAGUE | Danimarca - Galles | U/O PUNTI CARTELLINI TEAM 1 + U/O PUNTI CARTELLINI TEAM 2 | U Casa+U Osp.
VAR (ONFIELDREVIEW);No;;;;NON_MAPPATO;famiglia non riconosciuta;10;2;STARCASINO;CALCIO | ITALIA - I DIVISIONE | Como - Roma | VAR (ONFIELDREVIEW) | No
VINCENTE;ARSENAL;;;;NON_MAPPATO;famiglia non riconosciuta;10;10;ADMIRAL, BBET, STANLEYBET, STARCASINO;CALCIO | INGHILTERRA - I DIVISIONE | PREMIER LEAGUE 25/26 | VINCENTE | ARSENAL
VINCENTE;Demi Vollering;;;;NON_MAPPATO;famiglia non riconosciuta;10;10;ADMIRAL, BBET, DOMUSBET, STARCASINO;CICLISMO | TOUR DE FRANCE | Tour de France Femminile 2026 | VINCENTE | Demi Vollering
VINCENTE;Haugesund;;;;NON_MAPPATO;famiglia non riconosciuta;10;10;SPORTBET, STARCASINO;CALCIO | NORVEGIA - II DIVISIONE | Norvegia 2 -2026 | VINCENTE | Haugesund
VINCENTE;Inghilterra;;;;NON_MAPPATO;famiglia non riconosciuta;10;8;ADMIRAL, BBET, STANLEYBET, STARCASINO;CALCIO | EUROPA - UEFA NATIONS LEAGUE | Europa Nations League 2026/2027 | VINCENTE | Inghilterra
VINCENTE;Legia Varsavia;;;;NON_MAPPATO;famiglia non riconosciuta;10;10;ADMIRAL, BBET, DOMUSBET, STANLEYBET;CALCIO | POLONIA - I DIVISIONE | Ekstraklasa 2026/27 | VINCENTE | Legia Varsavia
VINCENTE;Mclaren;;;;NON_MAPPATO;famiglia non riconosciuta;10;10;ADMIRAL, MARATHON, WILLIAMHILL;AUTOMOBILISMO | MONDO - CAMPIONATO FORMULA 1 | Formula 1 Mondiale Costruttori 2026 | VINCENTE | Mclaren
VINCENTE;NAC;;;;NON_MAPPATO;famiglia non riconosciuta;10;10;DOMUSBET, SPORTBET, STARCASINO;CALCIO | OLANDA - II DIVISIONE | Eerste Divisie 2026/27 | VINCENTE | NAC
VINCENTE;Ogura A.;;;;NON_MAPPATO;famiglia non riconosciuta;10;10;ADMIRAL, BBET, DOMUSBET, SPORTBET, WILLIAMHILL;MOTOCICLISMO | MONDO - MOTOMONDIALE | Mondiale Motogp 2026 | VINCENTE | Ogura A.
VINCENTE;Western Conference;;;;NON_MAPPATO;famiglia non riconosciuta;10;10;DOMUSBET, MARATHON, STARCASINO;BASKET | USA - NBA | NBA 2026/27 - Conference del Vincitore | VINCENTE | Western Conference
VINCENTE INFO AGG;Juventus;;;;NON_MAPPATO;famiglia non riconosciuta;10;10;WILLIAMHILL;CALCIO | ITALIA - I DIVISIONE | Serie A 2026/27 | VINCENTE INFO AGG | Juventus
X2 + GG/NG;X2 + NOGOAL;;;;NON_MAPPATO;famiglia non riconosciuta;10;8;360BET, BBET, MARATHON, SPORTBET, STANLEYBET, TOTOSI;CALCIO | EUROPA - UEFA NATIONS LEAGUE | Macedonia del Nord - Svizzera | X2 + GG/NG | X2 + NOGOAL
1X2 DOPO 5 INNING;TEAM1;;1X2;;NON_MAPPATO;etichetta non riconosciuta per famiglia 1X2;9;5;DOMUSBET;BASEBALL | GIAPPONE-NIPPON PROF. BASEBALL | Fukuoka Hawks - Orix Buffaloes | 1X2 DOPO 5 INNING | TEAM1
CAPOCANNONIERE;Lionel Messi;;;;NON_MAPPATO;famiglia non riconosciuta;9;9;360BET, ADMIRAL, BBET, DOMUSBET;CALCIO | USA - I DIVISIONE | MLS 2026 | CAPOCANNONIERE | Lionel Messi
CARTELLINO;SI;;;;NON_MAPPATO;famiglia non riconosciuta;9;4;MARATHON, STANLEYBET;CALCIO | EUROPA - UEFA NATIONS LEAGUE | Norvegia - Portogallo | CARTELLINO | SI
CARTELLINO (INC.TS.);SI;;;;NON_MAPPATO;famiglia non riconosciuta;9;4;360BET, BBET, SPORTBET;CALCIO | EUROPA - UEFA NATIONS LEAGUE | Serbia - Olanda | CARTELLINO (INC.TS.) | SI
CARTELLINO AL GIOCATORE SI/NO INFO AGG;SI;;;;NON_MAPPATO;famiglia non riconosciuta;9;6;BBET, SPORTBET;CALCIO | EUROPA - UEFA NATIONS LEAGUE | Serbia - Olanda | CARTELLINO AL GIOCATORE SI/NO INFO AGG | SI
COMBO GG/NG 1°T - 2°T;NG/GG;;;;NON_MAPPATO;famiglia non riconosciuta;9;2;STANLEYBET;CALCIO | EUROPA - UEFA NATIONS LEAGUE | Danimarca - Galles | COMBO GG/NG 1°T - 2°T | NG/GG
GIOCATORE INFO1 SEGNA+RIS.ESATTO;Segna & 4-2;;;;NON_MAPPATO;famiglia non riconosciuta;9;9;DOMUSBET;CALCIO | ITALIA - I DIVISIONE | Roma - Inter | GIOCATORE INFO1 SEGNA+RIS.ESATTO | Segna & 4-2
HT/FT + U/O 1.5 1°T;1/1 + OVER;;;;NON_MAPPATO;famiglia non riconosciuta;9;3;STANLEYBET;CALCIO | EUROPA - UEFA NATIONS LEAGUE | Germania - Grecia | HT/FT + U/O 1.5 1°T | 1/1 + OVER
HT/FT 1X/12;SI;;;;NON_MAPPATO;famiglia non riconosciuta;9;4;BBET, MARATHON, TOTOSI;CALCIO | EUROPA - UEFA NATIONS LEAGUE | Lituania - Azerbaigian | HT/FT 1X/12 | SI
HT/FT X2/12;SI;;;;NON_MAPPATO;famiglia non riconosciuta;9;2;STANLEYBET, TOTOSI;CALCIO | EUROPA - UEFA NATIONS LEAGUE | Austria - Kosovo | HT/FT X2/12 | SI
INFO1 SEGNA E ASSIST;SI;;;;NON_MAPPATO;famiglia non riconosciuta;9;4;MARATHON, WILLIAMHILL;CALCIO | EUROPA - UEFA NATIONS LEAGUE | Danimarca - Galles | INFO1 SEGNA E ASSIST | SI
MARGINE VITTORIA 7 ESITI;Casa di 2;;;;NON_MAPPATO;famiglia non riconosciuta;9;3;DOMUSBET;CALCIO | FRANCIA - I DIVISIONE | Monaco - Lens | MARGINE VITTORIA 7 ESITI | Casa di 2
MIGLIORE DEL GRUPPO;Albon A.;;;;NON_MAPPATO;famiglia non riconosciuta;9;9;DOMUSBET;AUTOMOBILISMO | MONDO - CAMPIONATO FORMULA 1 | GP Baku QUALIFICHE | MIGLIORE DEL GRUPPO | Albon A.
MIGLIORE DEL GRUPPO;Arsenal;;;;NON_MAPPATO;famiglia non riconosciuta;9;9;DOMUSBET, MARATHON, STARCASINO, WILLIAMHILL;CALCIO | EUROPA - CHAMPIONS LEAGUE | UEFA Champions League 26/27 | MIGLIORE DEL GRUPPO | Arsenal
MIGLIORE DEL GRUPPO;Bortoleto G.;;;;NON_MAPPATO;famiglia non riconosciuta;9;9;DOMUSBET;AUTOMOBILISMO | MONDO - CAMPIONATO FORMULA 1 | GP Baku QUALIFICHE | MIGLIORE DEL GRUPPO | Bortoleto G.
PRIMO MARCATORE;SI;;;;NON_MAPPATO;famiglia non riconosciuta;9;4;MARATHON, STANLEYBET, WILLIAMHILL;CALCIO | EUROPA - UEFA NATIONS LEAGUE | Serbia - Olanda | PRIMO MARCATORE | SI
RIS.ES+GIOCATORE INFO1 1°MARCATORE;1-3 + 1°Marc;;;;NON_MAPPATO;famiglia non riconosciuta;9;9;DOMUSBET;CALCIO | ITALIA - I DIVISIONE | Fiorentina - Napoli | RIS.ES+GIOCATORE INFO1 1°MARCATORE | 1-3 + 1°Marc
RIS.ESATTO MULTIPLO;0-4 0-5 0-6;;;;NON_MAPPATO;famiglia non riconosciuta;9;9;DOMUSBET, STANLEYBET;CALCIO | EUROPA - UEFA NATIONS LEAGUE | Turchia - Francia | RIS.ESATTO MULTIPLO | 0-4 0-5 0-6
RIS.ESATTO MULTIPLO 2;0-0 1-0;;;;NON_MAPPATO;famiglia non riconosciuta;9;6;DOMUSBET, STANLEYBET;CALCIO | ITALIA - III DIVISIONE | Arzignano Valchiampo - Renate | RIS.ESATTO MULTIPLO 2 | 0-0 1-0
RISULTATO ESATTO MULTIPLO;1:2,1:3 O 1:4;;Risultato Esatto;;NON_MAPPATO;etichetta non riconosciuta per famiglia Risultato Esatto;9;6;MARATHON, STARCASINO;CALCIO | EUROPA - UEFA NATIONS LEAGUE | Danimarca - Galles | RISULTATO ESATTO MULTIPLO | 1:2,1:3 O 1:4
SEGNA+RIS. ESATTO;3-1 + GIOCATORE SEGNA;;;;NON_MAPPATO;famiglia non riconosciuta;9;8;MARATHON, WILLIAMHILL;CALCIO | EUROPA - UEFA NATIONS LEAGUE | Austria - Kosovo | SEGNA+RIS. ESATTO | 3-1 + GIOCATORE SEGNA
SOMMA GOAL FINALE;1;;;;NON_MAPPATO;famiglia non riconosciuta;9;2;STARCASINO, WILLIAMHILL;CALCIO | EUROPA - UEFA NATIONS LEAGUE | Norvegia - Portogallo | SOMMA GOAL FINALE | 1
SOMMA GOL CASA;0;;;;NON_MAPPATO;famiglia non riconosciuta;9;9;DOMUSBET;CALCIO | EUROPA - UEFA EUROPA CUP F. | FC Kharkiv - S.C.U. Torreense | SOMMA GOL CASA | 0
T/T + U/O INFO1 GAMES;1+Un;;;;NON_MAPPATO;famiglia non riconosciuta;9;9;DOMUSBET;TENNIS | TORNEO DI CHENGDU | Mochizuki, Shintaro - Xiao, Linang | T/T + U/O INFO1 GAMES | 1+Un
T/T + U/O INFO1 INCL. T.S.;TEAM 2 + OVER;;;;NON_MAPPATO;famiglia non riconosciuta;9;6;DOMUSBET;BASKET | EUROPA - EUROLEGA | KK Crvena zvezda Belgrade - Zalgiris Kaunas | T/T + U/O INFO1 INCL. T.S. | TEAM 2 + OVER
T/T HANDICAP ANGOLI - TEMPO X;SQUADRA CASA;;;;NON_MAPPATO;famiglia non riconosciuta;9;5;MARATHON;CALCIO | EUROPA - UEFA NATIONS LEAGUE | Inghilterra - Spagna | T/T HANDICAP ANGOLI - TEMPO X | SQUADRA CASA
T/T HANDICAP INFO1 INFO2 TEMPO;1;;;;NON_MAPPATO;famiglia non riconosciuta;9;9;DOMUSBET;BASKET | DANIMARCA - I DIVISIONE | Bakken Bears - Horsens | T/T HANDICAP INFO1 INFO2 TEMPO | 1
T/T INFO1 HANDICAP CORNER INFO2° TEMPO;1;;;;NON_MAPPATO;famiglia non riconosciuta;9;7;BBET, SPORTBET;CALCIO | EUROPA - UEFA NATIONS LEAGUE | Danimarca - Galles | T/T INFO1 HANDICAP CORNER INFO2° TEMPO | 1
TEMPO CON PIU GOL SQUADRA;2;;;;NON_MAPPATO;famiglia non riconosciuta;9;3;DOMUSBET;CALCIO | EUROPA - EUROPA LEAGUE | Juventus - NEC Nimega | TEMPO CON PIU GOL SQUADRA | 2
U/O 180;OVER;;;;NON_MAPPATO;famiglia non riconosciuta;9;2;DOMUSBET;FRECCETTE | MONDO - MODUS ICONS OF DARTS LEAGUE | Taylor, Scott - Winder, Scott | U/O 180 | OVER
U/O ASSIST + RIMBALZI;OVER;;;;NON_MAPPATO;famiglia non riconosciuta;9;9;MARATHON, SPORTBET;BASKET | USA - WNBA | Atlanta Dream - Washington Mystics | U/O ASSIST + RIMBALZI | OVER
U/O CARTELLINI CASA INFO1+OSPITE INFO2;UNDER+OVER;;;;NON_MAPPATO;famiglia non riconosciuta;9;9;DOMUSBET;CALCIO | EUROPA - EUROPA LEAGUE | Juventus - NEC Nimega | U/O CARTELLINI CASA INFO1+OSPITE INFO2 | UNDER+OVER
U/O GAMES;Over;;;;NON_MAPPATO;famiglia non riconosciuta;9;8;WILLIAMHILL;TENNIS | TORNEO DI CHENGDU | Muller, Alexandre - Davidovich Fokina, Alejandro | U/O GAMES | Over
U/O GIOCHI NEL MATCH;OVER;;;;NON_MAPPATO;famiglia non riconosciuta;9;8;BBET, SPORTBET;TENNIS | LAVER CUP | Jodar, Rafael - Fritz, Taylor | U/O GIOCHI NEL MATCH | OVER
U/O INFO1 CORNER TEMPO INFO2;OVER;;;;NON_MAPPATO;famiglia non riconosciuta;9;5;SPORTBET, STANLEYBET;CALCIO | EUROPA - UEFA NATIONS LEAGUE | Norvegia - Portogallo | U/O INFO1 CORNER TEMPO INFO2 | OVER
U/O INFO1 GAMES SET INFO2;UNDER;;;;NON_MAPPATO;famiglia non riconosciuta;9;9;BBET, SPORTBET;TENNIS | CHALLENGER DI PORTOGALLO | Geerts, Michael - Orlov, Vladyslav | U/O INFO1 GAMES SET INFO2 | UNDER
U/O INFO1 RIMESSE LATERALI INCL. T.S;OVER;;;;NON_MAPPATO;famiglia non riconosciuta;9;8;DOMUSBET;CALCIO | EUROPA - EUROPA LEAGUE | Milan - Benfica | U/O INFO1 RIMESSE LATERALI INCL. T.S | OVER
U/O INFO1 TIRI IN PORTA SQ. INFO2 INC TS;UNDER;;;;NON_MAPPATO;famiglia non riconosciuta;9;9;DOMUSBET;CALCIO | ITALIA - I DIVISIONE | Frosinone - Como | U/O INFO1 TIRI IN PORTA SQ. INFO2 INC TS | UNDER
U/O INFO1 TIRI IN PORTA SQUADRA 1 INC.TS;UNDER;;;;NON_MAPPATO;famiglia non riconosciuta;9;9;DOMUSBET;CALCIO | SPAGNA - I DIVISIONE | Real Betis - Getafe | U/O INFO1 TIRI IN PORTA SQUADRA 1 INC.TS | UNDER
U/O INFO2 OUTS LANC. INFO1 (INC. EX IN);OVER;;;;NON_MAPPATO;famiglia non riconosciuta;9;3;DOMUSBET;BASEBALL | AMERICA - MAJOR LEAGUE | Pittsburgh Pirates - St. Louis Cardinals | U/O INFO2 OUTS LANC. INFO1 (INC. EX IN) | OVER
U/O RIMBALZI;Over;;;;NON_MAPPATO;famiglia non riconosciuta;9;6;STARCASINO, WILLIAMHILL;BASKET | ITALIA - I DIVISIONE | Derthona Basket - Scaligera Basket Verona | U/O RIMBALZI | Over
UNDER INFO1 CASA + UNDER INFO2 OSPITE;SI;;;;NON_MAPPATO;famiglia non riconosciuta;9;6;BBET, MARATHON, SPORTBET;CALCIO | EUROPA - UEFA NATIONS LEAGUE | Gibilterra - Andorra | UNDER INFO1 CASA + UNDER INFO2 OSPITE | SI
VINCE SET 1/PARTITA;G1 V/V: IL GIOCATORE UNO VINCE IL PRIMO SET E SUCCESSIVAMENTE VINCE L'INCONTRO;;;;NON_MAPPATO;famiglia non riconosciuta;9;8;STARCASINO, WILLIAMHILL;TENNIS | TORNEO DI HANGZHOU | Medvedev, Daniil - Wong, Coleman | VINCE SET 1/PARTITA | G1 V/V: IL GIOCATORE UNO VINCE IL PRIMO SET E SUCCESSIVAMENTE VINCE L'INCONTRO
VINCENTE;ATL Dream;;;;NON_MAPPATO;famiglia non riconosciuta;9;9;ADMIRAL, DOMUSBET, SPORTBET;BASKET | USA - WNBA | WNBA 2026 | VINCENTE | ATL Dream
VINCENTE;Almere City;;;;NON_MAPPATO;famiglia non riconosciuta;9;9;STARCASINO, WILLIAMHILL;CALCIO | OLANDA - II DIVISIONE | Eerste Divisie 2026/27 | VINCENTE | Almere City
VINCENTE;BARCELLONA;;;;NON_MAPPATO;famiglia non riconosciuta;9;9;BBET, DOMUSBET, STANLEYBET, STARCASINO;CALCIO | SPAGNA - I DIVISIONE | Liga 2025/2026 | VINCENTE | BARCELLONA
VINCENTE;CLE Cavaliers;;;;NON_MAPPATO;famiglia non riconosciuta;9;9;ADMIRAL, DOMUSBET, SPORTBET;BASKET | USA - NBA | NBA Cup 2026/27 | VINCENTE | CLE Cavaliers
VINCENTE;Duisburg;;;;NON_MAPPATO;famiglia non riconosciuta;9;9;ADMIRAL, SPORTBET, STANLEYBET, STARCASINO;CALCIO | GERMANIA - III DIVISIONE | 3.Liga 2026/27 | VINCENTE | Duisburg
VINCENTE;Germania;;;;NON_MAPPATO;famiglia non riconosciuta;9;9;ADMIRAL, DOMUSBET, SPORTBET, STARCASINO, WILLIAMHILL;CALCIO | EUROPA - UEFA NATIONS LEAGUE | Europa Nations League 2026/2027 | VINCENTE | Germania
VINCENTE;Mantova;;;;NON_MAPPATO;famiglia non riconosciuta;9;9;BBET, DOMUSBET, STARCASINO, WILLIAMHILL;CALCIO | ITALIA - II DIVISIONE | Serie B 2026 - 2027 | VINCENTE | Mantova
VINCENTE;Mathys Rondel;;;;NON_MAPPATO;famiglia non riconosciuta;9;9;DOMUSBET;CICLISMO | UCI EUROPE TOUR | Giro Abruzzo 2026 | VINCENTE | Mathys Rondel
VINCENTE;Racing Santander;;;;NON_MAPPATO;famiglia non riconosciuta;9;9;ADMIRAL, DOMUSBET, STARCASINO;CALCIO | SPAGNA - II DIVISIONE | LaLiga 2 2025/2026 | VINCENTE | Racing Santander
VINCENTE;Sanfrecce Hiroshima;;;;NON_MAPPATO;famiglia non riconosciuta;9;9;DOMUSBET, STARCASINO;CALCIO | GIAPPONE - I DIVISIONE | J-league 2027 | VINCENTE | Sanfrecce Hiroshima
VINCENTE;Trabzonspor;;;;NON_MAPPATO;famiglia non riconosciuta;9;9;DOMUSBET, STANLEYBET, STARCASINO;CALCIO | TURCHIA - I DIVISIONE | Super Lig 2026/27 | VINCENTE | Trabzonspor
VINCENTE CLASSIFICA CAPOCANNONIERE;Kylian Mbappe;;;;NON_MAPPATO;famiglia non riconosciuta;9;9;STARCASINO;CALCIO | MONDO - MONDIALI | Mondiali 2026 | VINCENTE CLASSIFICA CAPOCANNONIERE | Kylian Mbappe
VINCENTE CLASSIFICA CAPOCANNONIERI INFO AGG;Mexx Meerdink (Az);;;;NON_MAPPATO;famiglia non riconosciuta;9;9;MARATHON;CALCIO | OLANDA - I DIVISIONE | Eredivisie 2026/27 | VINCENTE CLASSIFICA CAPOCANNONIERI INFO AGG | Mexx Meerdink (Az)
VINCENTE INFO AGG;PSG;;;;NON_MAPPATO;famiglia non riconosciuta;9;9;WILLIAMHILL;CALCIO | FRANCIA - I DIVISIONE | Ligue 1 2026/2027 | VINCENTE INFO AGG | PSG
VINCENTE QUALIFICHE;Leclerc C.;;;;NON_MAPPATO;famiglia non riconosciuta;9;9;DOMUSBET;AUTOMOBILISMO | MONDO - CAMPIONATO FORMULA 1 | GP Baku QUALIFICHE | VINCENTE QUALIFICHE | Leclerc C.
VINCENTE QUALIFICHE;Verstappen M.;;;;NON_MAPPATO;famiglia non riconosciuta;9;9;DOMUSBET;AUTOMOBILISMO | MONDO - CAMPIONATO FORMULA 1 | GP Baku QUALIFICHE | VINCENTE QUALIFICHE | Verstappen M.
VINCENTE SENZA SQUADRE X E Y;Hearts;;;;NON_MAPPATO;famiglia non riconosciuta;9;9;STANLEYBET;CALCIO | SCOZIA - I DIVISIONE | Premiership 2026/27 Senza Celtic e Rangers | VINCENTE SENZA SQUADRE X E Y | Hearts
VINCENTE SENZA X;Roma;;;;NON_MAPPATO;famiglia non riconosciuta;9;9;360BET, BBET, DOMUSBET, SPORTBET;CALCIO | Serie A | Serie A 2026/2027 Senza Inter | VINCENTE SENZA X | Roma
1 O GG;Si;;;;NON_MAPPATO;famiglia non riconosciuta;8;4;STARCASINO;CALCIO | ITALIA - III DIVISIONE | Scafatese - Altamura | 1 O GG | Si
1X + UNDER/OVER;1X + OVER;;;;NON_MAPPATO;famiglia non riconosciuta;8;8;360BET;CALCIO | EUROPA - UEFA NATIONS LEAGUE | Austria - Kosovo | 1X + UNDER/OVER | 1X + OVER
1X + UNDER/OVER;1X + UNDER;;;;NON_MAPPATO;famiglia non riconosciuta;8;5;360BET;CALCIO | EUROPA - UEFA NATIONS LEAGUE | Danimarca - Galles | 1X + UNDER/OVER | 1X + UNDER
ACCOPPIATA IN ORDINE FINALE INFO AGG;Inter - Napoli;;;;NON_MAPPATO;famiglia non riconosciuta;8;8;ADMIRAL;CALCIO | ITALIA - I DIVISIONE | Serie A 2026/27 | ACCOPPIATA IN ORDINE FINALE INFO AGG | Inter - Napoli
ASSIST GIOCATORE X O IL SUO SOSTITUTO;SI;;;;NON_MAPPATO;famiglia non riconosciuta;8;3;STANLEYBET;CALCIO | EUROPA - UEFA NATIONS LEAGUE | Serbia - Olanda | ASSIST GIOCATORE X O IL SUO SOSTITUTO | SI
AUTORETE;Si;;;;NON_MAPPATO;famiglia non riconosciuta;8;8;STARCASINO;CALCIO | EUROPA - UEFA NATIONS LEAGUE | Gibilterra - Andorra | AUTORETE | Si
BANDIERA ROSSA NELLA GARA;SI;;;;NON_MAPPATO;famiglia non riconosciuta;8;8;DOMUSBET;AUTOMOBILISMO | MONDO - CAMPIONATO FORMULA 1 | GP Baku GARA | BANDIERA ROSSA NELLA GARA | SI
CAPOCANNONIERE;Goncalo Ramos;;;;NON_MAPPATO;famiglia non riconosciuta;8;8;ADMIRAL, DOMUSBET, SPORTBET, STANLEYBET;CALCIO | ITALIA - I DIVISIONE | Serie A 2026/27 | CAPOCANNONIERE | Goncalo Ramos
CAPOCANNONIERE SQUADRA;Ismael Saibari;;;;NON_MAPPATO;famiglia non riconosciuta;8;8;ADMIRAL;CALCIO | MONDO - MONDIALI | MAROCCO (Mondiale 2026) | CAPOCANNONIERE SQUADRA | Ismael Saibari
CARTELLINO AL GIOCATORE;SI;;;;NON_MAPPATO;famiglia non riconosciuta;8;4;STANLEYBET;CALCIO | EUROPA - UEFA NATIONS LEAGUE | Serbia - Olanda | CARTELLINO AL GIOCATORE | SI
CASA SEGNA - 1°T;Si;;;;NON_MAPPATO;famiglia non riconosciuta;8;2;STARCASINO;CALCIO | EUROPA - UEFA NATIONS LEAGUE | Lituania - Azerbaigian | CASA SEGNA - 1°T | Si
CASA VINCE DI 1 O 2;SI;;;;NON_MAPPATO;famiglia non riconosciuta;8;2;MARATHON;CALCIO | SPAGNA - I DIVISIONE | Real Madrid - Villarreal | CASA VINCE DI 1 O 2 | SI
COMBO GG/NG;GG/NG;;;;NON_MAPPATO;famiglia non riconosciuta;8;6;SPORTBET;CALCIO | SPAGNA - II DIVISIONE | Burgos CF - Eldense | COMBO GG/NG | GG/NG
DOPPIA DOPPIA;SI;;;;NON_MAPPATO;famiglia non riconosciuta;8;1;WILLIAMHILL;BASKET | USA - WNBA | Atlanta Dream - Washington Mystics | DOPPIA DOPPIA | SI
DOPPIETTA;SI;;;;NON_MAPPATO;famiglia non riconosciuta;8;5;STANLEYBET, WILLIAMHILL;CALCIO | EUROPA - UEFA NATIONS LEAGUE | Norvegia - Portogallo | DOPPIETTA | SI
GARA A INFO1 CORNER;NESSUNO;;;;NON_MAPPATO;famiglia non riconosciuta;8;7;DOMUSBET;CALCIO | ITALIA - I DIVISIONE | Frosinone - Como | GARA A INFO1 CORNER | NESSUNO
GG O UN 2.5;NO;;;;NON_MAPPATO;famiglia non riconosciuta;8;5;DOMUSBET;CALCIO | ITALIA - I DIVISIONE | Milan - Lecce | GG O UN 2.5 | NO
GOL DI TESTA;SI;;;;NON_MAPPATO;famiglia non riconosciuta;8;3;WILLIAMHILL;CALCIO | EUROPA - UEFA NATIONS LEAGUE | Danimarca - Galles | GOL DI TESTA | SI
HT/FT 1X/1;SI;;;;NON_MAPPATO;famiglia non riconosciuta;8;3;BBET, MARATHON, SPORTBET;CALCIO | EUROPA - UEFA NATIONS LEAGUE | Germania - Grecia | HT/FT 1X/1 | SI
HT/FT 1X/X2;SI;;;;NON_MAPPATO;famiglia non riconosciuta;8;4;BBET, SPORTBET, WILLIAMHILL;CALCIO | EUROPA - UEFA NATIONS LEAGUE | Danimarca - Galles | HT/FT 1X/X2 | SI
INFO1 O SUO SOSTITUTO ALMENO UN CARTELLINO O ALMENO INFO2 FALLI COMMESSI;SI;;;;NON_MAPPATO;famiglia non riconosciuta;8;5;MARATHON;CALCIO | EUROPA - UEFA NATIONS LEAGUE | Serbia - Olanda | INFO1 O SUO SOSTITUTO ALMENO UN CARTELLINO O ALMENO INFO2 FALLI COMMESSI | SI
INFO1 PRIMO MARCATORE;Si;;;;NON_MAPPATO;famiglia non riconosciuta;8;8;STARCASINO;CALCIO | EUROPA - UEFA NATIONS LEAGUE | Serbia - Olanda | INFO1 PRIMO MARCATORE | Si
INFO1 QUASI MARCATORE XL;Si;;;;NON_MAPPATO;famiglia non riconosciuta;8;5;STARCASINO;CALCIO | EUROPA - UEFA NATIONS LEAGUE | Norvegia - Portogallo | INFO1 QUASI MARCATORE XL | Si
MARCATORE 30-HT;SI;;;;NON_MAPPATO;famiglia non riconosciuta;8;3;SPORTBET;CALCIO | EUROPA - UEFA NATIONS LEAGUE | Danimarca - Galles | MARCATORE 30-HT | SI
METODO DEL INFO1° GOL T.R;COLPO DI TESTA;;;;NON_MAPPATO;famiglia non riconosciuta;8;5;DOMUSBET;CALCIO | GERMANIA - I DIVISIONE | Bayern Monaco - Union Berlino | METODO DEL INFO1° GOL T.R | COLPO DI TESTA
MULTIGOL CASA INFO1-INFO2;SI;SI;;;NON_MAPPATO;famiglia non riconosciuta;8;5;DOMUSBET;CALCIO | ITALIA - I DIVISIONE | Inter - Udinese | MULTIGOL CASA INFO1-INFO2 | SI
NG O OV 2.5;SI;;;;NON_MAPPATO;famiglia non riconosciuta;8;5;DOMUSBET;CALCIO | EUROPA - UEFA NATIONS LEAGUE | Bulgaria - Lussemburgo | NG O OV 2.5 | SI
PIAZZATO TRA I PRIMI;SI;;;;NON_MAPPATO;famiglia non riconosciuta;8;6;DOMUSBET;MOTOCICLISMO | MONDO - MOTOMONDIALE | MotoGP GP Spielberg GARA | PIAZZATO TRA I PRIMI | SI
PROMOSSA SI/NO (LEGABILE);Si;;;;NON_MAPPATO;famiglia non riconosciuta;8;4;STARCASINO;CALCIO | ITALIA - II DIVISIONE | Serie B 2026 - 2027 | PROMOSSA SI/NO (LEGABILE) | Si
RIS. ESATTO 2-0;NO;;;;NON_MAPPATO;famiglia non riconosciuta;8;7;DOMUSBET;TENNIS | TORNEO DI CHENGDU | Cina, Federico - Muller, Alexandre | RIS. ESATTO 2-0 | NO
RIS. ESATTO HT/FT;1-0 3-0;;;;NON_MAPPATO;famiglia non riconosciuta;8;7;DOMUSBET;CALCIO | ITALIA - III DIVISIONE | Catania FC - Barletta | RIS. ESATTO HT/FT | 1-0 3-0
RIS. ESATTO SET INFO1 GIOCO INFO2;G1 VINCE A 40;;;;NON_MAPPATO;famiglia non riconosciuta;8;8;DOMUSBET;TENNIS | TORNEO DI SINGAPORE | Sakkari, Maria - Hibino, Nao | RIS. ESATTO SET INFO1 GIOCO INFO2 | G1 VINCE A 40
RIS.ES+GIOCATORE INFO1 1°MARCATORE;0-2 + 1°Marc;;;;NON_MAPPATO;famiglia non riconosciuta;8;8;DOMUSBET;CALCIO | ITALIA - I DIVISIONE | Venezia - Lazio | RIS.ES+GIOCATORE INFO1 1°MARCATORE | 0-2 + 1°Marc
RIS.ES+GIOCATORE INFO1 1°MARCATORE;2-2 + 1°Marc;;;;NON_MAPPATO;famiglia non riconosciuta;8;8;DOMUSBET;CALCIO | ITALIA - I DIVISIONE | Roma - Inter | RIS.ES+GIOCATORE INFO1 1°MARCATORE | 2-2 + 1°Marc
RIS.ES+GIOCATORE INFO1 1°MARCATORE;3-0 + 1°Marc;;;;NON_MAPPATO;famiglia non riconosciuta;8;8;DOMUSBET;CALCIO | ITALIA - I DIVISIONE | Milan - Lecce | RIS.ES+GIOCATORE INFO1 1°MARCATORE | 3-0 + 1°Marc
RIS.ESATTO MULTIPLO 2;0-1 0-2;;;;NON_MAPPATO;famiglia non riconosciuta;8;7;DOMUSBET, STANLEYBET;CALCIO | SPAGNA - I DIVISIONE | Valencia - Real Sociedad | RIS.ESATTO MULTIPLO 2 | 0-1 0-2
RIS.ESATTO MULTIPLO 5;1-1 / 2-1 / 1-2 / 2-2;;;;NON_MAPPATO;famiglia non riconosciuta;8;2;360BET;CALCIO | EUROPA - UEFA NATIONS LEAGUE | Norvegia - Portogallo | RIS.ESATTO MULTIPLO 5 | 1-1 / 2-1 / 1-2 / 2-2
RIS.ESATTO MULTIPLO 5;3-3 4-3 3-4 4-4 ALTRO;;;;NON_MAPPATO;famiglia non riconosciuta;8;5;BBET, DOMUSBET;CALCIO | EUROPA - UEFA NATIONS LEAGUE | Norvegia - Portogallo | RIS.ESATTO MULTIPLO 5 | 3-3 4-3 3-4 4-4 ALTRO
SEGNAGOAL FASCIA ORARIA - GOAL INFO1;1-10 MINUTO;;;;NON_MAPPATO;famiglia non riconosciuta;8;2;MARATHON, STARCASINO;CALCIO | ITALIA - III DIVISIONE | Vis Pesaro - Guidonia Montecelio 1937 FC | SEGNAGOAL FASCIA ORARIA - GOAL INFO1 | 1-10 MINUTO
SEGNANO ENTRAMBE ALMENO 2 GOAL;GOAL;;;;NON_MAPPATO;famiglia non riconosciuta;8;3;STANLEYBET;CALCIO | ITALIA - III DIVISIONE | AlbinoLeffe - Alcione Milano | SEGNANO ENTRAMBE ALMENO 2 GOAL | GOAL
SET INFO2 GAME INFO1 AI VANTAGGI;NO;;;;NON_MAPPATO;famiglia non riconosciuta;8;7;DOMUSBET;TENNIS | CHALLENGER DI CINA | Tomic, Bernard - Delaney, Jake | SET INFO2 GAME INFO1 AI VANTAGGI | NO
TOTALE CARTELLINI INFO1°T;5;;;;NON_MAPPATO;famiglia non riconosciuta;8;8;DOMUSBET;CALCIO | AMERICA - COPPA SUDAMERICANA | Atletico Mineiro MG - Santos SP | TOTALE CARTELLINI INFO1°T | 5
TOTALE CORNER OSPITE TEMPO;0-1;;;;NON_MAPPATO;famiglia non riconosciuta;8;1;BBET;CALCIO | EUROPA - UEFA NATIONS LEAGUE | Lituania - Azerbaigian | TOTALE CORNER OSPITE TEMPO | 0-1
TUTTE GOAL;SI;;;;NON_MAPPATO;famiglia non riconosciuta;8;8;BBET, DOMUSBET, MARATHON, STANLEYBET;CALCIO | SPECIALI CALCIO | Serbia / Olanda 27/09 / Germania / Grecia 27/09 / Israele / Irlanda 27/09 | TUTTE GOAL | SI
U/O (INCL.TS&SO);OVER;;;;NON_MAPPATO;famiglia non riconosciuta;8;4;MARATHON;HOCKEY GHIACCIO | CANADA - OHL U20 | Sudbury Wolves - Brampton Steelheads | U/O (INCL.TS&SO) | OVER
U/O CARTELLINI CASA&OSPITE;OVER+OVER;;;;NON_MAPPATO;famiglia non riconosciuta;8;3;BBET;CALCIO | EUROPA - UEFA NATIONS LEAGUE | Serbia - Olanda | U/O CARTELLINI CASA&OSPITE | OVER+OVER
U/O INFO1 CORNER - INFO2°T;UNDER;;;;NON_MAPPATO;famiglia non riconosciuta;8;3;MARATHON;CALCIO | EUROPA - UEFA NATIONS LEAGUE | Norvegia - Portogallo | U/O INFO1 CORNER - INFO2°T | UNDER
U/O INFO1 CORNER CASA+U/O INFO2 CORNER OSPITE;UN+UN;;;;NON_MAPPATO;famiglia non riconosciuta;8;4;DOMUSBET;CALCIO | AMICHEVOLI SQUADRE NAZIONALI | India - Panama | U/O INFO1 CORNER CASA+U/O INFO2 CORNER OSPITE | UN+UN
U/O INFO1 SQUADRA INFO2 INFO3 TEMPO;OVER;;;;NON_MAPPATO;famiglia non riconosciuta;8;8;DOMUSBET;BASKET | MONDO - COPPA INTERCONTINENTALE | BC Rytas Vilnius - RSSB Tigers | U/O INFO1 SQUADRA INFO2 INFO3 TEMPO | OVER
U/O INFO2 HOME RUN GIOC. INFO1 (INC. EX IN);OVER;;;;NON_MAPPATO;famiglia non riconosciuta;8;4;DOMUSBET;BASEBALL | AMERICA - MAJOR LEAGUE | Baltimore Orioles - Toronto Blue Jays | U/O INFO2 HOME RUN GIOC. INFO1 (INC. EX IN) | OVER
ULTIMA CLASSIFICATA;Sassuolo;;;;NON_MAPPATO;famiglia non riconosciuta;8;8;360BET, ADMIRAL, DOMUSBET, SPORTBET;CALCIO | Serie A | Serie A 2026/27 | ULTIMA CLASSIFICATA | Sassuolo
VINCENTE;1;;;;NON_MAPPATO;famiglia non riconosciuta;8;7;ADMIRAL;CALCIO | EUROPA - CONFERENCE LEAGUE | Crystal Palace - Rayo Vallecano | VINCENTE | 1
VINCENTE;Acosta P.;;;;NON_MAPPATO;famiglia non riconosciuta;8;8;ADMIRAL, DOMUSBET;MOTOCICLISMO | MONDO - MOTOMONDIALE | Mondiale Motogp 2026 | VINCENTE | Acosta P.
VINCENTE;Alonso F.;;;;NON_MAPPATO;famiglia non riconosciuta;8;8;ADMIRAL, BBET, DOMUSBET, WILLIAMHILL;AUTOMOBILISMO | MONDO - CAMPIONATO FORMULA 1 | Formula 1 Mondiale Piloti 2026 | VINCENTE | Alonso F.
VINCENTE;BRASILE;;;;NON_MAPPATO;famiglia non riconosciuta;8;8;ADMIRAL, DOMUSBET, SPORTBET, STANLEYBET;CALCIO | MONDO - MONDIALI | Mondiali 2026 | VINCENTE | BRASILE
VINCENTE;Besiktas;;;;NON_MAPPATO;famiglia non riconosciuta;8;8;BBET, DOMUSBET, MARATHON, STANLEYBET, STARCASINO;CALCIO | TURCHIA - I DIVISIONE | Super Lig 2026/27 | VINCENTE | Besiktas
VINCENTE;Cittadella;;;;NON_MAPPATO;famiglia non riconosciuta;8;8;SPORTBET, WILLIAMHILL;CALCIO | ITALIA - III DIVISIONE | Serie C - Girone A | VINCENTE | Cittadella
VINCENTE;DET Pistons;;;;NON_MAPPATO;famiglia non riconosciuta;8;8;360BET, ADMIRAL, DOMUSBET, STARCASINO, WILLIAMHILL;BASKET | USA - NBA | NBA 2026/27 Central Division | VINCENTE | DET Pistons
VINCENTE;Di Giannantonio F.;;;;NON_MAPPATO;famiglia non riconosciuta;8;8;ADMIRAL, BBET, DOMUSBET, MARATHON, SPORTBET, STANLEYBET;MOTOCICLISMO | MONDO - MOTOMONDIALE | Mondiale Motogp 2026 | VINCENTE | Di Giannantonio F.
VINCENTE;Enric Mas Nicolau;;;;NON_MAPPATO;famiglia non riconosciuta;8;8;BBET, DOMUSBET, SPORTBET, STANLEYBET, WILLIAMHILL;CICLISMO | MONDIALI SU STRADA | Montreal 2026 - Corsa In Linea Maschile Elite | VINCENTE | Enric Mas Nicolau
VINCENTE;Flavio Cobolli;;;;NON_MAPPATO;famiglia non riconosciuta;8;8;ADMIRAL, BBET, DOMUSBET, SPORTBET, WILLIAMHILL;TENNIS | ROLAND GARROS | Roland Garros 2026 | VINCENTE | Flavio Cobolli
VINCENTE;HJK Helsinki;;;;NON_MAPPATO;famiglia non riconosciuta;8;8;BBET, DOMUSBET, STANLEYBET, STARCASINO;CALCIO | FINLANDIA - I DIVISIONE | Veikkausliiga 2026 | VINCENTE | HJK Helsinki
VINCENTE;Hubert Hurkacz;;;;NON_MAPPATO;famiglia non riconosciuta;8;8;DOMUSBET, STARCASINO;TENNIS | TORNEO DI CHENGDU | Atp Chengdu 2026 | VINCENTE | Hubert Hurkacz
VINCENTE;LA Chargers;;;;NON_MAPPATO;famiglia non riconosciuta;8;8;ADMIRAL, STARCASINO, WILLIAMHILL;FOOTBALL AMERICANO | USA - CAMPIONATO NFL | Afc West 2026/27 | VINCENTE | LA Chargers
VINCENTE;Michael Olise;;;;NON_MAPPATO;famiglia non riconosciuta;8;8;DOMUSBET, SPORTBET, STANLEYBET, STARCASINO;CALCIO | PALLONE D'ORO FIFA | Pallone D oro 2026 | VINCENTE | Michael Olise
VINCENTE;Panathinaikos;;;;NON_MAPPATO;famiglia non riconosciuta;8;8;ADMIRAL, MARATHON, STANLEYBET, STARCASINO, WILLIAMHILL;BASKET | EUROPA - EUROLEGA | Eurolega 2026/27 | VINCENTE | Panathinaikos
VINCENTE;Reggiana;;;;NON_MAPPATO;famiglia non riconosciuta;8;8;BBET, DOMUSBET, MARATHON, SPORTBET, STARCASINO;CALCIO | ITALIA - III DIVISIONE | Italia - Serie C Girone B | VINCENTE | Reggiana
VINCENTE;Sampdoria;;;;NON_MAPPATO;famiglia non riconosciuta;8;8;ADMIRAL, DOMUSBET, MARATHON, SPORTBET, STARCASINO, WILLIAMHILL;CALCIO | ITALIA - II DIVISIONE | Serie B 2026 - 2027 | VINCENTE | Sampdoria
VINCENTE;Tadej Pogacar;;;;NON_MAPPATO;famiglia non riconosciuta;8;7;ADMIRAL, MARATHON, SPORTBET, STARCASINO, WILLIAMHILL;CICLISMO | TOUR DE FRANCE | Tour de France 2026 | VINCENTE | Tadej Pogacar
VINCENTE;Vejle;;;;NON_MAPPATO;famiglia non riconosciuta;8;8;SPORTBET, STANLEYBET, STARCASINO;CALCIO | DANIMARCA - II DIVISIONE | Danimarca 2 2026/27 | VINCENTE | Vejle
VINCENTE INFO AGG;Bayern Monaco;;;;NON_MAPPATO;famiglia non riconosciuta;8;8;WILLIAMHILL;CALCIO | GERMANIA - I DIVISIONE | Bundesliga 2026/2027 | VINCENTE INFO AGG | Bayern Monaco
VINCENTE INFO AGG;Milan;;;;NON_MAPPATO;famiglia non riconosciuta;8;8;WILLIAMHILL;CALCIO | ITALIA - I DIVISIONE | Serie A 2026/27 | VINCENTE INFO AGG | Milan
1X2 QUARTO + U/O INFO1 INFO2 QUARTO;TEAM1 - UNDER N;;1X2;;NON_MAPPATO;etichetta non riconosciuta per famiglia 1X2;7;3;DOMUSBET;BASKET | EUROPA - EUROLEGA | Fenerbahce - Virtus Bologna | 1X2 QUARTO + U/O INFO1 INFO2 QUARTO | TEAM1 - UNDER N
1X2 QUARTO + U/O INFO1 INFO2 QUARTO;TEAM2 - OVER N;;1X2;;NON_MAPPATO;etichetta non riconosciuta per famiglia 1X2;7;6;DOMUSBET;BASKET | EUROPA - EUROLEGA | Barcellona - Anadolu Efes | 1X2 QUARTO + U/O INFO1 INFO2 QUARTO | TEAM2 - OVER N
ACCOPPIATA IN ORDINE FINALE INFO AGG;Roma - Inter;;;;NON_MAPPATO;famiglia non riconosciuta;7;7;ADMIRAL, MARATHON;CALCIO | ITALIA - I DIVISIONE | Serie A 2026/27 | ACCOPPIATA IN ORDINE FINALE INFO AGG | Roma - Inter
ASSIST (INC.TS.);SI;;;;NON_MAPPATO;famiglia non riconosciuta;7;4;BBET;CALCIO | EUROPA - UEFA NATIONS LEAGUE | Danimarca - Galles | ASSIST (INC.TS.) | SI
CAPOCANNONIERE;Esteban Lepaul;;;;NON_MAPPATO;famiglia non riconosciuta;7;7;ADMIRAL, BBET, DOMUSBET, STANLEYBET;CALCIO | FRANCIA - I DIVISIONE | Ligue 1 2026/2027 | CAPOCANNONIERE | Esteban Lepaul
ESPULSIONE;Si;;;;NON_MAPPATO;famiglia non riconosciuta;7;7;STARCASINO;CALCIO | EUROPA - UEFA NATIONS LEAGUE | Austria - Kosovo | ESPULSIONE | Si
GARA A INFO2 NEL INFO1 QUARTO;Giocatore 2;;;;NON_MAPPATO;famiglia non riconosciuta;7;7;DOMUSBET;BASKET | ASIA - GIOCHI ASIATICI F. | Cina - Indonesia | GARA A INFO2 NEL INFO1 QUARTO | Giocatore 2
GIOCATORE X E IL SUO SOSTITUTO IN TOTALE ALMENO Y TIRI IN PORTA INCL. T.S.;SI;;;;NON_MAPPATO;famiglia non riconosciuta;7;5;SPORTBET;CALCIO | EUROPA - UEFA NATIONS LEAGUE | Serbia - Olanda | GIOCATORE X E IL SUO SOSTITUTO IN TOTALE ALMENO Y TIRI IN PORTA INCL. T.S. | SI
GIOCATORE X SEGNA O COLPISCE PALO/TRAVERSA O FA ALMENO Y TIRI IN PORTA;SI;;;;NON_MAPPATO;famiglia non riconosciuta;7;3;SPORTBET;CALCIO | EUROPA - UEFA NATIONS LEAGUE | Danimarca - Galles | GIOCATORE X SEGNA O COLPISCE PALO/TRAVERSA O FA ALMENO Y TIRI IN PORTA | SI
HT/FT 1X/1X;SI;;;;NON_MAPPATO;famiglia non riconosciuta;7;3;BBET, MARATHON;CALCIO | EUROPA - UEFA NATIONS LEAGUE | Israele - Irlanda | HT/FT 1X/1X | SI
INFO1 CARTELLINO O ALMENO INFO2 FALLI;SI;;;;NON_MAPPATO;famiglia non riconosciuta;7;4;SPORTBET, STANLEYBET;CALCIO | EUROPA - UEFA NATIONS LEAGUE | Danimarca - Galles | INFO1 CARTELLINO O ALMENO INFO2 FALLI | SI
MARGINE VITTORIA (7 ESITI);11-15;;;;NON_MAPPATO;famiglia non riconosciuta;7;1;WILLIAMHILL;BASKET | EUROPA - LEGA ESTONE - LETTONE | Kk Viimsi - BC Kalev | MARGINE VITTORIA (7 ESITI) | 11-15
MIGLIORE DEL GRUPPO;Austria;;;;NON_MAPPATO;famiglia non riconosciuta;7;7;DOMUSBET, SPORTBET, STARCASINO, WILLIAMHILL;CALCIO | EUROPA - UEFA NATIONS LEAGUE | Europa Nations League 2026/2027 | MIGLIORE DEL GRUPPO | Austria
NUMERO CARTELLINI CASA;4+;;;;NON_MAPPATO;famiglia non riconosciuta;7;3;DOMUSBET, STANLEYBET, TOTOSI;CALCIO | INGHILTERRA - II DIVISIONE | Millwall - West Ham | NUMERO CARTELLINI CASA | 4+
PARI/DISPARI - INFO1°T;DISPARI;;;;NON_MAPPATO;famiglia non riconosciuta;7;1;MARATHON;CALCIO | EUROPA - UEFA NATIONS LEAGUE | Gibilterra - Andorra | PARI/DISPARI - INFO1°T | DISPARI
PRIMA SOSTITUZIONE;BREAK;;;;NON_MAPPATO;famiglia non riconosciuta;7;3;DOMUSBET;CALCIO | ITALIA - I DIVISIONE | Parma - Genoa | PRIMA SOSTITUZIONE | BREAK
RIBALTONE SQUADRA INFO1 T.R;SI;;;;NON_MAPPATO;famiglia non riconosciuta;7;6;DOMUSBET;CALCIO | ITALIA - I DIVISIONE | Roma - Inter | RIBALTONE SQUADRA INFO1 T.R | SI
RIGORE PARATO;Si;;;;NON_MAPPATO;famiglia non riconosciuta;7;7;STARCASINO;CALCIO | EUROPA - UEFA NATIONS LEAGUE | Danimarca - Galles | RIGORE PARATO | Si
RIS. ESATTO HT/FT;0-0 1-2;;;;NON_MAPPATO;famiglia non riconosciuta;7;5;DOMUSBET, STANLEYBET;CALCIO | ITALIA - I DIVISIONE | Monza - Sassuolo | RIS. ESATTO HT/FT | 0-0 1-2
RIS. ESATTO INFO1°SET;6-3 6-4;;;;NON_MAPPATO;famiglia non riconosciuta;7;5;DOMUSBET;TENNIS | LAVER CUP | Alcaraz, Carlos - de Minaur, Alex | RIS. ESATTO INFO1°SET | 6-3 6-4
RIS. ESATTO SET INFO1 GIOCO INFO2;G2 VINCE A 40;;;;NON_MAPPATO;famiglia non riconosciuta;7;7;DOMUSBET;TENNIS | TORNEO DI SINGAPORE | Wang, Xinyu - Prozorova, Tatiana | RIS. ESATTO SET INFO1 GIOCO INFO2 | G2 VINCE A 40
RIS.ES+GIOCATORE INFO1 1°MARCATORE;1-1 + 1°Marc;;;;NON_MAPPATO;famiglia non riconosciuta;7;7;DOMUSBET;CALCIO | EUROPA - UEFA NATIONS LEAGUE | Italia - Belgio | RIS.ES+GIOCATORE INFO1 1°MARCATORE | 1-1 + 1°Marc
RIS.ESATTO MULTIPLO 3;0-0 0-1;;;;NON_MAPPATO;famiglia non riconosciuta;7;5;DOMUSBET;CALCIO | ITALIA - II DIVISIONE | Carrarese - Benevento | RIS.ESATTO MULTIPLO 3 | 0-0 0-1
T/T (INCL. T.S.);1;;;;NON_MAPPATO;famiglia non riconosciuta;7;1;ADMIRAL;BASKET | SPAGNA - I DIVISIONE | Barcellona - Tenerife | T/T (INCL. T.S.) | 1
T/T + U/O INFO1 (INCL. OT);Team 2+Ov;;;;NON_MAPPATO;famiglia non riconosciuta;7;5;STARCASINO, WILLIAMHILL;BASKET | GERMANIA - I DIVISIONE | Baskets Bonn - Mitteldeutscher BC | T/T + U/O INFO1 (INCL. OT) | Team 2+Ov
T/T + U/O INFO1 GAMES;2+Un;;;;NON_MAPPATO;famiglia non riconosciuta;7;5;DOMUSBET;TENNIS | COPPA DAVIS | Shepp, Anton - Sakamoto, Rei | T/T + U/O INFO1 GAMES | 2+Un
TOTALE CARTELLINI CASA TEMPO INFO1;>2;;;;NON_MAPPATO;famiglia non riconosciuta;7;3;MARATHON, WILLIAMHILL;CALCIO | MESSICO - I DIVISIONE | Club Leon - Juarez | TOTALE CARTELLINI CASA TEMPO INFO1 | >2
TOTALE CARTELLINI OSPITE TEMPO INFO1;2;;;;NON_MAPPATO;famiglia non riconosciuta;7;2;WILLIAMHILL;CALCIO | MESSICO - I DIVISIONE | CD Guadalajara - Queretaro | TOTALE CARTELLINI OSPITE TEMPO INFO1 | 2
TOTALE CARTELLINI OSPITE TEMPO INFO1;>2;;;;NON_MAPPATO;famiglia non riconosciuta;7;2;WILLIAMHILL;CALCIO | MESSICO - I DIVISIONE | Club Santos Laguna - Pachuca | TOTALE CARTELLINI OSPITE TEMPO INFO1 | >2
TOTALE CORNER CASA;5-6;;;;NON_MAPPATO;famiglia non riconosciuta;7;3;DOMUSBET, STANLEYBET;CALCIO | EUROPA - EUROPA LEAGUE | OFI Creta - Hoffenheim | TOTALE CORNER CASA | 5-6
U/O (INCL.TS&SO);Under;;;;NON_MAPPATO;famiglia non riconosciuta;7;3;STARCASINO, WILLIAMHILL;HOCKEY GHIACCIO | CANADA - QMJHL U20 | Chicoutimi Sagueneens - Baie Comeau Drakkar | U/O (INCL.TS&SO) | Under
U/O INFO1 CARTELLINI - INFO2°T;Under;;;;NON_MAPPATO;famiglia non riconosciuta;7;5;STARCASINO;CALCIO | EUROPA - UEFA NATIONS LEAGUE | Gibilterra - Andorra | U/O INFO1 CARTELLINI - INFO2°T | Under
U/O INFO1 CARTELLINI TEAM INFO2;OVER;;;;NON_MAPPATO;famiglia non riconosciuta;7;5;STANLEYBET;CALCIO | EUROPA - UEFA NATIONS LEAGUE | Danimarca - Galles | U/O INFO1 CARTELLINI TEAM INFO2 | OVER
U/O INFO1 CARTELLINI TEAM INFO2;UNDER;;;;NON_MAPPATO;famiglia non riconosciuta;7;7;STANLEYBET;CALCIO | EUROPA - UEFA NATIONS LEAGUE | Israele - Irlanda | U/O INFO1 CARTELLINI TEAM INFO2 | UNDER
U/O INFO1 CORNER - INFO2°T;Over;;;;NON_MAPPATO;famiglia non riconosciuta;7;7;STARCASINO, WILLIAMHILL;CALCIO | EUROPA - UEFA NATIONS LEAGUE | Germania - Grecia | U/O INFO1 CORNER - INFO2°T | Over
U/O INFO1 FALLI COMMESSI;Under;;;;NON_MAPPATO;famiglia non riconosciuta;7;7;WILLIAMHILL;CALCIO | ITALIA - I DIVISIONE | Fiorentina - Napoli | U/O INFO1 FALLI COMMESSI | Under
U/O INFO1 PARATE SQUADRA INFO2;Over;;;;NON_MAPPATO;famiglia non riconosciuta;7;5;WILLIAMHILL;CALCIO | EUROPA - UEFA NATIONS LEAGUE | Serbia - Olanda | U/O INFO1 PARATE SQUADRA INFO2 | Over
U/O INFO1 PUNTI DOPO INFO2 INNING;OVER;;;;NON_MAPPATO;famiglia non riconosciuta;7;4;DOMUSBET, MARATHON;BASEBALL | COREA DEL SUD - I DIVISIONE | Wiz - Dinos | U/O INFO1 PUNTI DOPO INFO2 INNING | OVER
U/O INFO1 PUNTI INNING INFO2;OVER;;;;NON_MAPPATO;famiglia non riconosciuta;7;5;DOMUSBET;BASEBALL | GIAPPONE-NIPPON PROF. BASEBALL | Chunichi Dragons - Hiroshima Toyo Carp | U/O INFO1 PUNTI INNING INFO2 | OVER
U/O INFO1 PUNTI TEMPO INFO2;Under;;;;NON_MAPPATO;famiglia non riconosciuta;7;2;STARCASINO, WILLIAMHILL;FOOTBALL AMERICANO | USA - CAMPIONATO NFL | Dallas Cowboys - Baltimora Ravens | U/O INFO1 PUNTI TEMPO INFO2 | Under
U/O INFO1 SET MATCH;UNDER;;;;NON_MAPPATO;famiglia non riconosciuta;7;7;DOMUSBET;TENNIS | TORNEO DI HANGZHOU | Safiullin, Roman - Bu, Yunchaokete | U/O INFO1 SET MATCH | UNDER
U/O PARATE TEAM;OVER;;;;NON_MAPPATO;famiglia non riconosciuta;7;5;STANLEYBET;CALCIO | EUROPA - UEFA NATIONS LEAGUE | Serbia - Olanda | U/O PARATE TEAM | OVER
U/O RIMBALZI GIOCATORE;OVER;;;;NON_MAPPATO;famiglia non riconosciuta;7;7;360BET, BBET, SPORTBET;BASKET | ITALIA - I DIVISIONE | Olimpia Milano - Pallacanestro Trieste 2004 | U/O RIMBALZI GIOCATORE | OVER
U/O TIRI TEAM 1 (INCLUSO TS);Over;;;;NON_MAPPATO;famiglia non riconosciuta;7;5;WILLIAMHILL;CALCIO | EUROPA - UEFA NATIONS LEAGUE | Danimarca - Galles | U/O TIRI TEAM 1 (INCLUSO TS) | Over
ULTIMA CLASSIFICATA;Hull City;;;;NON_MAPPATO;famiglia non riconosciuta;7;7;ADMIRAL, DOMUSBET;CALCIO | INGHILTERRA - I DIVISIONE | Premier League 26/27 | ULTIMA CLASSIFICATA | Hull City
VINCENTE;Andrey Rublev;;;;NON_MAPPATO;famiglia non riconosciuta;7;7;DOMUSBET, STARCASINO;TENNIS | TORNEO DI HANGZHOU | Atp Hangzhou 2026 | VINCENTE | Andrey Rublev
VINCENTE;Belgrano;;;;NON_MAPPATO;famiglia non riconosciuta;7;6;ADMIRAL, TOTOSI;CALCIO | ARGENTINA - COPPA | Copa Argentina 2026 | VINCENTE | Belgrano
VINCENTE;CIN Bengals;;;;NON_MAPPATO;famiglia non riconosciuta;7;7;ADMIRAL, DOMUSBET, STARCASINO, WILLIAMHILL;FOOTBALL AMERICANO | USA - CAMPIONATO NFL | Afc North 2026/27 | VINCENTE | CIN Bengals
VINCENTE;Daniil Medvedev;;;;NON_MAPPATO;famiglia non riconosciuta;7;7;BBET, DOMUSBET;TENNIS | AUSTRALIAN OPEN | Australian Open Maschile 27 | VINCENTE | Daniil Medvedev
VINCENTE;Hansa Rostock;;;;NON_MAPPATO;famiglia non riconosciuta;7;7;STARCASINO;CALCIO | GERMANIA - III DIVISIONE | 3.Liga 2026/27 | VINCENTE | Hansa Rostock
VINCENTE;Lione;;;;NON_MAPPATO;famiglia non riconosciuta;7;7;ADMIRAL, BBET, DOMUSBET, STANLEYBET, STARCASINO;CALCIO | FRANCIA - COPPA | Coppa Di Francia 2026/27 | VINCENTE | Lione
VINCENTE;MIN Timberwolves;;;;NON_MAPPATO;famiglia non riconosciuta;7;7;ADMIRAL, STARCASINO;BASKET | USA - NBA | NBA Cup 2026/27 | VINCENTE | MIN Timberwolves
VINCENTE;Marquez A.;;;;NON_MAPPATO;famiglia non riconosciuta;7;7;ADMIRAL, DOMUSBET, SPORTBET, WILLIAMHILL;MOTOCICLISMO | MONDO - MOTOMONDIALE | Mondiale Motogp 2026 | VINCENTE | Marquez A.
VINCENTE;Marta Kostyuk;;;;NON_MAPPATO;famiglia non riconosciuta;7;7;DOMUSBET, SPORTBET, STANLEYBET, WILLIAMHILL;TENNIS | TORNEO DI GUADALAJARA | Wta Guadalajara 2026 | VINCENTE | Marta Kostyuk
VINCENTE;Metz;;;;NON_MAPPATO;famiglia non riconosciuta;7;7;ADMIRAL, SPORTBET, STARCASINO;CALCIO | FRANCIA - II DIVISIONE | Ligue 2 2026/27 | VINCENTE | Metz
VINCENTE;Middlesbrough;;;;NON_MAPPATO;famiglia non riconosciuta;7;7;ADMIRAL, BBET, STANLEYBET, STARCASINO;CALCIO | INGHILTERRA - II DIVISIONE | Championship 2026/27 | VINCENTE | Middlesbrough
VINCENTE;NEW YORK KNICKS;;;;NON_MAPPATO;famiglia non riconosciuta;7;7;ADMIRAL, STANLEYBET, STARCASINO, WILLIAMHILL;BASKET | USA - NBA | NBA - 2025/26 | VINCENTE | NEW YORK KNICKS
VINCENTE;Ravenna;;;;NON_MAPPATO;famiglia non riconosciuta;7;7;ADMIRAL, BBET, MARATHON, STANLEYBET, WILLIAMHILL;CALCIO | ITALIA - III DIVISIONE | Italia - Serie C Girone B | VINCENTE | Ravenna
VINCENTE;Richard Carapaz;;;;NON_MAPPATO;famiglia non riconosciuta;7;7;ADMIRAL, STANLEYBET, WILLIAMHILL;CICLISMO | TOUR DE FRANCE | Tour de France 2027 | VINCENTE | Richard Carapaz
VINCENTE;Sturm Graz;;;;NON_MAPPATO;famiglia non riconosciuta;7;7;ADMIRAL, STANLEYBET;CALCIO | AUSTRIA - I DIVISIONE | Bundesliga (AUT) 2026/27 | VINCENTE | Sturm Graz
VINCENTE;Universitario De Deportes;;;;NON_MAPPATO;famiglia non riconosciuta;7;7;WILLIAMHILL;CALCIO | PERU - I DIVISIONE | Liga 1 2026 - Clausura | VINCENTE | Universitario De Deportes
VINCENTE;Varbergs BoIS FC;;;;NON_MAPPATO;famiglia non riconosciuta;7;7;ADMIRAL, STANLEYBET;CALCIO | SVEZIA - II DIVISIONE | Superettan 2026 | VINCENTE | Varbergs BoIS FC
VINCENTE;Verstappen, Max;;;;NON_MAPPATO;famiglia non riconosciuta;7;7;DOMUSBET;AUTOMOBILISMO | MONDO - CAMPIONATO FORMULA 1 | Corsa Azerbaijan Grand Prix 2026 | VINCENTE | Verstappen, Max
VINCENTE INFO AGG;West Ham;;;;NON_MAPPATO;famiglia non riconosciuta;7;7;WILLIAMHILL;CALCIO | INGHILTERRA - II DIVISIONE | Championship 2026/27 | VINCENTE INFO AGG | West Ham
VINCENTE QUALIFICHE;Russell G.;;;;NON_MAPPATO;famiglia non riconosciuta;7;7;DOMUSBET;AUTOMOBILISMO | MONDO - CAMPIONATO FORMULA 1 | GP Baku QUALIFICHE | VINCENTE QUALIFICHE | Russell G.
VINCENTE SENZA SQUADRA X;Marsiglia;;;;NON_MAPPATO;famiglia non riconosciuta;7;7;STANLEYBET;CALCIO | FRANCIA - I DIVISIONE | Ligue 1 2026/27 Senza PSG | VINCENTE SENZA SQUADRA X | Marsiglia
X/X2;SI;;;;NON_MAPPATO;famiglia non riconosciuta;7;6;DOMUSBET;CALCIO | EUROPA - EUROPA LEAGUE | Viktoria Plzen - Union Saint Gilloise | X/X2 | SI
X2/1X;SI;;;;NON_MAPPATO;famiglia non riconosciuta;7;6;DOMUSBET;CALCIO | EUROPA - EUROPA LEAGUE | Milan - Benfica | X2/1X | SI
1X;1X;1X;;;NON_MAPPATO;famiglia non riconosciuta;6;6;STARCASINO;CALCIO | EUROPA - UEFA NATIONS LEAGUE | Isole Far Oer - Kazakistan | 1X | 1X
ACCOPPIATA IN ORDINE FINALE INFO AGG;Inter - Como;;;;NON_MAPPATO;famiglia non riconosciuta;6;6;ADMIRAL, MARATHON;CALCIO | ITALIA - I DIVISIONE | Serie A 2026/27 | ACCOPPIATA IN ORDINE FINALE INFO AGG | Inter - Como
CAPOCANNONIERE;Moise Kean;;;;NON_MAPPATO;famiglia non riconosciuta;6;6;ADMIRAL, BBET, SPORTBET;CALCIO | ITALIA - I DIVISIONE | Serie A 2026/27 | CAPOCANNONIERE | Moise Kean
CAPOCANNONIERE;Pio Esposito;;;;NON_MAPPATO;famiglia non riconosciuta;6;6;ADMIRAL, BBET, DOMUSBET, SPORTBET, STANLEYBET;CALCIO | ITALIA - I DIVISIONE | Serie A 2026/27 | CAPOCANNONIERE | Pio Esposito
CAPOCANNONIERE TORNEO;Robbie Ure;;;;NON_MAPPATO;famiglia non riconosciuta;6;6;WILLIAMHILL;CALCIO | SVEZIA - I DIVISIONE | Allsvenskanliga 2026 | CAPOCANNONIERE TORNEO | Robbie Ure
CASA SEGNA - 2°T;SI;;;;NON_MAPPATO;famiglia non riconosciuta;6;4;MARATHON;CALCIO | ITALIA - III DIVISIONE | S.S.D. Casarano Calcio - Monopoli | CASA SEGNA - 2°T | SI
DOPPIETTA -;SI;;;;NON_MAPPATO;famiglia non riconosciuta;6;2;MARATHON;CALCIO | EUROPA - UEFA NATIONS LEAGUE | Danimarca - Galles | DOPPIETTA - | SI
ENTRAMBE ALMENO 2 GOL;GOAL;;;;NON_MAPPATO;famiglia non riconosciuta;6;2;BBET, SPORTBET;CALCIO | EUROPA - UEFA NATIONS LEAGUE | Norvegia - Portogallo | ENTRAMBE ALMENO 2 GOL | GOAL
ESPULSIONE INFO1° T;SI;;;;NON_MAPPATO;famiglia non riconosciuta;6;4;DOMUSBET;CALCIO | INGHILTERRA - II DIVISIONE | Millwall - West Ham | ESPULSIONE INFO1° T | SI
ESPULSIONE OSPITE T.R;SI;;;;NON_MAPPATO;famiglia non riconosciuta;6;1;DOMUSBET;CALCIO | EUROPA - EUROPA LEAGUE | Bayer Leverkusen - NK Celje | ESPULSIONE OSPITE T.R | SI
GARA A INFO1 PUNTI NEL SET INFO2;2;;;;NON_MAPPATO;famiglia non riconosciuta;6;6;DOMUSBET;VOLLEY | ASIA - GIOCHI ASIATICI F. | Hong Kong, Cina - Vietnam | GARA A INFO1 PUNTI NEL SET INFO2 | 2
GG 1°T O GG 2°T;NO;;;;NON_MAPPATO;famiglia non riconosciuta;6;3;DOMUSBET;CALCIO | INGHILTERRA - I DIVISIONE | Manchester City - Sunderland | GG 1°T O GG 2°T | NO
GG/NG+MG 2-3;NG+MG;;;;NON_MAPPATO;famiglia non riconosciuta;6;5;DOMUSBET;CALCIO | EUROPA - UEFA NATIONS LEAGUE | Portogallo - Galles | GG/NG+MG 2-3 | NG+MG
GOL SEGNATO DA OLTRE METÀ CAMPO;Si;;;;NON_MAPPATO;famiglia non riconosciuta;6;6;STARCASINO;CALCIO | EUROPA - UEFA NATIONS LEAGUE | Serbia - Olanda | GOL SEGNATO DA OLTRE METÀ CAMPO | Si
HT/FT 1X/1X;Si;;;;NON_MAPPATO;famiglia non riconosciuta;6;2;STARCASINO;CALCIO | EUROPA - UEFA NATIONS LEAGUE | Austria - Kosovo | HT/FT 1X/1X | Si
HT/FT X2/1X;SI;;;;NON_MAPPATO;famiglia non riconosciuta;6;3;MARATHON, SPORTBET, STANLEYBET;CALCIO | EUROPA - UEFA NATIONS LEAGUE | Israele - Irlanda | HT/FT X2/1X | SI
HT/FT X2/1X;Si;;;;NON_MAPPATO;famiglia non riconosciuta;6;1;STARCASINO;CALCIO | ITALIA - III DIVISIONE | Carpi - Arzignano | HT/FT X2/1X | Si
INFO1 + INFO2 E SOSTITUTI ALMENO INFO4 TIRI IN PORTA INCL TS;SI;;;;NON_MAPPATO;famiglia non riconosciuta;6;6;DOMUSBET;CALCIO | EUROPA - UEFA NATIONS LEAGUE | Turchia - Francia | INFO1 + INFO2 E SOSTITUTI ALMENO INFO4 TIRI IN PORTA INCL TS | SI
INFO1 DOPPIETTA;Si;;;;NON_MAPPATO;famiglia non riconosciuta;6;6;STARCASINO;CALCIO | EUROPA - UEFA NATIONS LEAGUE | Norvegia - Portogallo | INFO1 DOPPIETTA | Si
INFO1 TEMPO (1X + GG/NG);1X + NO GOAL;;;;NON_MAPPATO;famiglia non riconosciuta;6;1;MARATHON;CALCIO | EUROPA - UEFA NATIONS LEAGUE | Germania - Grecia | INFO1 TEMPO (1X + GG/NG) | 1X + NO GOAL
MARCATORE + U/O;SEGNA + OVER;;;;NON_MAPPATO;famiglia non riconosciuta;6;3;SPORTBET, STANLEYBET;CALCIO | EUROPA - UEFA NATIONS LEAGUE | Serbia - Olanda | MARCATORE + U/O | SEGNA + OVER
MIGLIORE IN CAMPO;Cinquegrano S.;;;;NON_MAPPATO;famiglia non riconosciuta;6;6;DOMUSBET;CALCIO | ITALIA - I DIVISIONE | Monza - Sassuolo | MIGLIORE IN CAMPO | Cinquegrano S.
OV INFO1 1°T + OV INFO2 2°T;SI;SI;;;NON_MAPPATO;famiglia non riconosciuta;6;3;DOMUSBET;CALCIO | OLANDA - II DIVISIONE | Jong PSV Eindhoven YOUTH - Jong AZ Alkmaar YOUTH | OV INFO1 1°T + OV INFO2 2°T | SI
OVER INFO1 MATCH POINT;OVER;;;;NON_MAPPATO;famiglia non riconosciuta;6;2;DOMUSBET;TENNIS | TORNEO DI SINGAPORE | Fernandez, Leylah Annie - Chwalinska, Maja | OVER INFO1 MATCH POINT | OVER
P/D CORNER TEMPO X;DISPARI;;;;NON_MAPPATO;famiglia non riconosciuta;6;1;DOMUSBET;CALCIO | EUROPA - UEFA NATIONS LEAGUE | Olanda - Germania | P/D CORNER TEMPO X | DISPARI
PRIME DUE IN ORDINE;Inter - Juventus;;;;NON_MAPPATO;famiglia non riconosciuta;6;6;DOMUSBET;CALCIO | ITALIA - I DIVISIONE | Serie A 2026/27 | PRIME DUE IN ORDINE | Inter - Juventus
PRIME DUE IN ORDINE;Inter - Napoli;;;;NON_MAPPATO;famiglia non riconosciuta;6;6;DOMUSBET;CALCIO | ITALIA - I DIVISIONE | Serie A 2026/27 | PRIME DUE IN ORDINE | Inter - Napoli
PROSSIMO CARTELLINO;X;;;;NON_MAPPATO;famiglia non riconosciuta;6;1;STARCASINO;CALCIO | EUROPA - UEFA NATIONS LEAGUE | Serbia - Olanda | PROSSIMO CARTELLINO | X
RIGORE + ESPULSIONE T.R;SI+SI;;;;NON_MAPPATO;famiglia non riconosciuta;6;4;DOMUSBET;CALCIO | ITALIA - I DIVISIONE | Roma - Inter | RIGORE + ESPULSIONE T.R | SI+SI
RIS. ESATTO HT/FT;2-0 3-0;;;;NON_MAPPATO;famiglia non riconosciuta;6;6;DOMUSBET;CALCIO | ITALIA - I DIVISIONE | Milan - Lecce | RIS. ESATTO HT/FT | 2-0 3-0
RIS.ESATTO MULTIPLO 1;4-0 0-4 ALTRO;;;;NON_MAPPATO;famiglia non riconosciuta;6;4;DOMUSBET;CALCIO | FINLANDIA - V DIVISIONE | VJS/Akatemia - Toolon Taisto | RIS.ESATTO MULTIPLO 1 | 4-0 0-4 ALTRO
RIS.ESATTO MULTIPLO 3;1-4 2-4;;;;NON_MAPPATO;famiglia non riconosciuta;6;3;DOMUSBET, STANLEYBET;CALCIO | EUROPA - UEFA NATIONS LEAGUE | Inghilterra - Spagna | RIS.ESATTO MULTIPLO 3 | 1-4 2-4
RIS.ESATTO MULTIPLO 4;4-4 ALTRO;;;;NON_MAPPATO;famiglia non riconosciuta;6;3;BBET, DOMUSBET;CALCIO | ITALIA - III DIVISIONE | AlbinoLeffe - Alcione Milano | RIS.ESATTO MULTIPLO 4 | 4-4 ALTRO
SEGNA GOAL - TEMPO;TEAM 1;;;;NON_MAPPATO;famiglia non riconosciuta;6;3;STARCASINO;CALCIO | EUROPA - UEFA NATIONS LEAGUE | Germania - Grecia | SEGNA GOAL - TEMPO | TEAM 1
SEGNA+RIS. ESATTO;2-1 + GIOCATORE SEGNA;;;;NON_MAPPATO;famiglia non riconosciuta;6;6;MARATHON, WILLIAMHILL;CALCIO | EUROPA - UEFA NATIONS LEAGUE | Germania - Grecia | SEGNA+RIS. ESATTO | 2-1 + GIOCATORE SEGNA
SOSTITUZIONE 1°T;SI;;;;NON_MAPPATO;famiglia non riconosciuta;6;2;360BET, STANLEYBET;CALCIO | EUROPA - UEFA NATIONS LEAGUE | Gibilterra - Andorra | SOSTITUZIONE 1°T | SI
SQUADRA VINCE ENTRAMBI I TEMPI;Si;;;;NON_MAPPATO;famiglia non riconosciuta;6;5;STARCASINO;CALCIO | EUROPA - CHAMPIONS LEAGUE | Viking FK - Bayern Monaco | SQUADRA VINCE ENTRAMBI I TEMPI | Si
T/T (ESCL. RITIRO);2;2;;;NON_MAPPATO;famiglia non riconosciuta;6;6;DOMUSBET, STARCASINO;TENNIS | TORNEO DI GUADALAJARA | Zarazua, Renata - Dolehide, Caroline | T/T (ESCL. RITIRO) | 2
T/T 1°SET + U/O INFO1 1°SET;1 + OVER;;;;NON_MAPPATO;famiglia non riconosciuta;6;6;DOMUSBET;TENNIS | TORNEO DI SINGAPORE | Sakkari, Maria - Fruhvirtova, Linda | T/T 1°SET + U/O INFO1 1°SET | 1 + OVER
TOTALE CARTELLINI;9;;;;NON_MAPPATO;famiglia non riconosciuta;6;6;DOMUSBET;CALCIO | INGHILTERRA - II DIVISIONE | Millwall - West Ham | TOTALE CARTELLINI | 9
TOTALE CORNER (3 ESITI);<9;;;;NON_MAPPATO;famiglia non riconosciuta;6;2;STARCASINO;CALCIO | EUROPA - UEFA NATIONS LEAGUE | Turchia - Italia | TOTALE CORNER (3 ESITI) | <9
TUTTE GOAL;Si;;;;NON_MAPPATO;famiglia non riconosciuta;6;6;STARCASINO;CALCIO | SPECIALI CALCIO | Austria / Kosovo 27/09 / Israele / Irlanda 27/09 / Germania / Grecia 27/09 | TUTTE GOAL | Si
U/O CORNER T.R.;UNDER;;;;NON_MAPPATO;famiglia non riconosciuta;6;4;SPORTBET;CALCIO | EUROPA - UEFA NATIONS LEAGUE | Israele - Irlanda | U/O CORNER T.R. | UNDER
U/O INFO1 BREAK GIOCATORE INFO2;UNDER;;;;NON_MAPPATO;famiglia non riconosciuta;6;6;DOMUSBET;TENNIS | TORNEO DI HANGZHOU | Bu, Yunchaokete - Majchrzak, Kamil | U/O INFO1 BREAK GIOCATORE INFO2 | UNDER
U/O INFO1 CORNER;OVER;;;;NON_MAPPATO;famiglia non riconosciuta;6;2;DOMUSBET;CALCIO | ARGENTINA - II DIVISIONE | CA Colegiales - CA San Miguel | U/O INFO1 CORNER | OVER
U/O INFO1 PUNTI COMPRESI EXTRA INNING;Over;;;;NON_MAPPATO;famiglia non riconosciuta;6;2;STARCASINO, WILLIAMHILL;BASEBALL | AMERICA - MAJOR LEAGUE | Kansas City Royals - Cleveland Guardians | U/O INFO1 PUNTI COMPRESI EXTRA INNING | Over
U/O INFO1 PUNTI TEMPO INFO2;Over;;;;NON_MAPPATO;famiglia non riconosciuta;6;2;WILLIAMHILL;FOOTBALL AMERICANO | USA - CAMPIONATO NFL | Buffalo Bills - Los Angeles Chargers | U/O INFO1 PUNTI TEMPO INFO2 | Over
U/O INFO1 QUARTO INFO2;Over;;;;NON_MAPPATO;famiglia non riconosciuta;6;1;STARCASINO;BASKET | ITALIA - II DIVISIONE | Basket Torino - Basket Mestre 1958 | U/O INFO1 QUARTO INFO2 | Over
U/O INFO1 SQUADRA INFO2;OVER;OVER;;;NON_MAPPATO;famiglia non riconosciuta;6;5;DOMUSBET;CALCIO | ITALIA - IV DIVISIONE | Luparense FC - AC Virtus Bolzano | U/O INFO1 SQUADRA INFO2 | OVER
U/O INFO1 TEMPO;UNDER;;;;NON_MAPPATO;famiglia non riconosciuta;6;6;SPORTBET;CALCIO | EUROPA - UEFA NATIONS LEAGUE | Austria - Kosovo | U/O INFO1 TEMPO | UNDER
U/O INFO2 PUNTI+ASSIST INFO1 INCL. T.S.;OVER;;;;NON_MAPPATO;famiglia non riconosciuta;6;6;DOMUSBET;BASKET | USA - WNBA | Indiana Fever - Minnesota Lynx | U/O INFO2 PUNTI+ASSIST INFO1 INCL. T.S. | OVER
U/O PALI&TRAVERSE;OVER;;;;NON_MAPPATO;famiglia non riconosciuta;6;2;SPORTBET;CALCIO | EUROPA - UEFA NATIONS LEAGUE | Germania - Grecia | U/O PALI&TRAVERSE | OVER
U/O PUNTI SQUADRA X NELLA MANIFESTAZIONE STAGIONE REGOLARE I.A.35;Under;;;;NON_MAPPATO;famiglia non riconosciuta;6;6;WILLIAMHILL;CALCIO | ITALIA - I DIVISIONE | Serie A 2026/27 | U/O PUNTI SQUADRA X NELLA MANIFESTAZIONE STAGIONE REGOLARE I.A.35 | Under
U/O TIRI TEAM 2 (INCLUSO TS);Over;;;;NON_MAPPATO;famiglia non riconosciuta;6;6;WILLIAMHILL;CALCIO | EUROPA - UEFA NATIONS LEAGUE | Serbia - Olanda | U/O TIRI TEAM 2 (INCLUSO TS) | Over
VAR (ONFIELDREVIEW);Si;;;;NON_MAPPATO;famiglia non riconosciuta;6;6;STARCASINO;CALCIO | EUROPA - UEFA NATIONS LEAGUE | Bulgaria - Estonia | VAR (ONFIELDREVIEW) | Si
VINCENTE;AREZZO;;;;NON_MAPPATO;famiglia non riconosciuta;6;6;ADMIRAL, STARCASINO;CALCIO | ITALIA - III DIVISIONE | Serie C 2025/26 GIRONE B | VINCENTE | AREZZO
VINCENTE;Al-nassr Riyadh;;;;NON_MAPPATO;famiglia non riconosciuta;6;6;ADMIRAL, BBET, DOMUSBET, STARCASINO;CALCIO | ARABIA S. - I DIVISIONE | Pro League 2026/27 | VINCENTE | Al-nassr Riyadh
VINCENTE;Alejandro Davidovich Fokina;;;;NON_MAPPATO;famiglia non riconosciuta;6;6;DOMUSBET;TENNIS | TORNEO DI CHENGDU | Atp Chengdu 2026 | VINCENTE | Alejandro Davidovich Fokina
VINCENTE;Alina Korneeva;;;;NON_MAPPATO;famiglia non riconosciuta;6;6;DOMUSBET;TENNIS | TORNEO DI SEOUL | Wta Seoul 2026 | VINCENTE | Alina Korneeva
VINCENTE;Aryna Sabalenka;;;;NON_MAPPATO;famiglia non riconosciuta;6;6;ADMIRAL, BBET, DOMUSBET, MARATHON, SPORTBET, STARCASINO;TENNIS | AUSTRALIAN OPEN | Australian Open Femminile 2027 | VINCENTE | Aryna Sabalenka
VINCENTE;Bristol Rovers;;;;NON_MAPPATO;famiglia non riconosciuta;6;6;ADMIRAL, BBET, STARCASINO, WILLIAMHILL;CALCIO | INGHILTERRA - IV DIVISIONE | League Two 2026/2027 | VINCENTE | Bristol Rovers
VINCENTE;COVENTRY CITY;;;;NON_MAPPATO;famiglia non riconosciuta;6;6;STANLEYBET, STARCASINO;CALCIO | INGHILTERRA - II DIVISIONE | Championship 2025/26 | VINCENTE | COVENTRY CITY
VINCENTE;CS U Craiova;;;;NON_MAPPATO;famiglia non riconosciuta;6;6;DOMUSBET, STANLEYBET, WILLIAMHILL;CALCIO | ROMANIA - I DIVISIONE | Liga 1 2026/27 | VINCENTE | CS U Craiova
VINCENTE;Cagliari;;;;NON_MAPPATO;famiglia non riconosciuta;6;6;ADMIRAL, MARATHON, SPORTBET, STARCASINO, WILLIAMHILL;CALCIO | ITALIA - I DIVISIONE | Serie A 2026/27 | VINCENTE | Cagliari
VINCENTE;Chengdu Rongcheng;;;;NON_MAPPATO;famiglia non riconosciuta;6;6;DOMUSBET, STARCASINO;CALCIO | CINA - I DIVISIONE | Super League 2026 | VINCENTE | Chengdu Rongcheng
VINCENTE;DEN Broncos;;;;NON_MAPPATO;famiglia non riconosciuta;6;6;ADMIRAL, BBET, DOMUSBET, STARCASINO;FOOTBALL AMERICANO | USA - CAMPIONATO NFL | Afc West 2026/27 | VINCENTE | DEN Broncos
VINCENTE;Fc Sudtirol;;;;NON_MAPPATO;famiglia non riconosciuta;6;6;BBET, STARCASINO, WILLIAMHILL;CALCIO | ITALIA - II DIVISIONE | Serie B 2026 - 2027 | VINCENTE | Fc Sudtirol
VINCENTE;Grimsby;;;;NON_MAPPATO;famiglia non riconosciuta;6;6;ADMIRAL, STARCASINO;CALCIO | INGHILTERRA - IV DIVISIONE | League Two | VINCENTE | Grimsby
VINCENTE;Inverness CT;;;;NON_MAPPATO;famiglia non riconosciuta;6;6;ADMIRAL, STARCASINO;CALCIO | SCOZIA - III DIVISIONE | League One 2025/26 | VINCENTE | Inverness CT
VINCENTE;Lautaro Martinez;;;;NON_MAPPATO;famiglia non riconosciuta;6;6;360BET, DOMUSBET;CALCIO | PALLONE D'ORO FIFA | Pallone D oro 2026 | VINCENTE | Lautaro Martinez
VINCENTE;Luton;;;;NON_MAPPATO;famiglia non riconosciuta;6;6;ADMIRAL, STANLEYBET, WILLIAMHILL;CALCIO | INGHILTERRA - III DIVISIONE | League One 2026/2027 | VINCENTE | Luton
VINCENTE;MIN Lynx;;;;NON_MAPPATO;famiglia non riconosciuta;6;6;ADMIRAL, DOMUSBET, SPORTBET;BASKET | USA - WNBA | WNBA 2026 | VINCENTE | MIN Lynx
VINCENTE;Newcastle;;;;NON_MAPPATO;famiglia non riconosciuta;6;6;STANLEYBET, STARCASINO;CALCIO | INGHILTERRA - I DIVISIONE | Premier League 26/27 | VINCENTE | Newcastle
VINCENTE;PORTO;;;;NON_MAPPATO;famiglia non riconosciuta;6;6;ADMIRAL, STARCASINO;CALCIO | PORTOGALLO - I DIVISIONE | Primera Liga 2025/26 | VINCENTE | PORTO
VINCENTE;TB Buccaneers;;;;NON_MAPPATO;famiglia non riconosciuta;6;6;ADMIRAL, BBET, DOMUSBET, STARCASINO, WILLIAMHILL;FOOTBALL AMERICANO | USA - CAMPIONATO NFL | NFC South 2026/27 | VINCENTE | TB Buccaneers
VINCENTE;Udinese;;;;NON_MAPPATO;famiglia non riconosciuta;6;6;BBET, MARATHON, STANLEYBET, STARCASINO;CALCIO | ITALIA - I DIVISIONE | Serie A 2026/27 | VINCENTE | Udinese
VINCENTE;Velez Sarsfield;;;;NON_MAPPATO;famiglia non riconosciuta;6;5;ADMIRAL;CALCIO | ARGENTINA - COPPA | Copa Argentina 2026 | VINCENTE | Velez Sarsfield
VINCENTE;Vingegaard J.;;;;NON_MAPPATO;famiglia non riconosciuta;6;6;ADMIRAL, STARCASINO;CICLISMO | GIRO D'ITALIA | Giro d Italia 2026 - Classifica Generale | VINCENTE | Vingegaard J.
VINCENTE CLASSIFICA CAPOCANNONIERI INFO AGG;Isak Bjerkebo;;;;NON_MAPPATO;famiglia non riconosciuta;6;6;WILLIAMHILL;CALCIO | SVEZIA - I DIVISIONE | Allsvenskanliga 2026 | VINCENTE CLASSIFICA CAPOCANNONIERI INFO AGG | Isak Bjerkebo
VINCENTE CLASSIFICA CAPOCANNONIERI INFO AGG;Lautaro Martinez;;;;NON_MAPPATO;famiglia non riconosciuta;6;6;MARATHON;CALCIO | ITALIA - I DIVISIONE | Serie A 2026/27 | VINCENTE CLASSIFICA CAPOCANNONIERI INFO AGG | Lautaro Martinez
VINCENTE INFO AGG;Fiorentina;;;;NON_MAPPATO;famiglia non riconosciuta;6;6;WILLIAMHILL;CALCIO | ITALIA - I DIVISIONE | Serie A 2026/27 | VINCENTE INFO AGG | Fiorentina
VINCENTE INFO AGG;Man City;;;;NON_MAPPATO;famiglia non riconosciuta;6;6;WILLIAMHILL;CALCIO | INGHILTERRA - I DIVISIONE | Premier League 26/27 | VINCENTE INFO AGG | Man City
VINCENTE SENZA INFO1;Antonelli K.;;;;NON_MAPPATO;famiglia non riconosciuta;6;6;DOMUSBET;AUTOMOBILISMO | MONDO - CAMPIONATO FORMULA 1 | GP Baku GARA | VINCENTE SENZA INFO1 | Antonelli K.
VINCENTE SENZA SQUADRA X;Feyenoord;;;;NON_MAPPATO;famiglia non riconosciuta;6;6;STANLEYBET;CALCIO | OLANDA - I DIVISIONE | Eredivisie 2026/27 Senza PSV | VINCENTE SENZA SQUADRA X | Feyenoord
VINCENTE SENZA SQUADRA X I.A.5;Lens;;;;NON_MAPPATO;famiglia non riconosciuta;6;6;ADMIRAL, STARCASINO;CALCIO | FRANCIA - I DIVISIONE | Ligue 1 2026/27 Senza PSG | VINCENTE SENZA SQUADRA X I.A.5 | Lens
VINCENTE SENZA X;Como;;;;NON_MAPPATO;famiglia non riconosciuta;6;6;360BET, BBET, DOMUSBET;CALCIO | Serie A | Serie A 2026/2027 Senza Inter | VINCENTE SENZA X | Como
X/12;SI;;;;NON_MAPPATO;famiglia non riconosciuta;6;6;DOMUSBET;CALCIO | EUROPA - UEFA NATIONS LEAGUE | Serbia - Grecia | X/12 | SI
1 O UN 2.5 O NG;SI;;;;NON_MAPPATO;famiglia non riconosciuta;5;5;DOMUSBET, SPORTBET;CALCIO | ITALIA - III DIVISIONE | Desenzano - Lecco | 1 O UN 2.5 O NG | SI
AMMONITO;SI;;;;NON_MAPPATO;famiglia non riconosciuta;5;2;WILLIAMHILL;CALCIO | EUROPA - UEFA NATIONS LEAGUE | Serbia - Olanda | AMMONITO | SI
CAPOCANNONIERE SQUADRA;Jonathan David;;;;NON_MAPPATO;famiglia non riconosciuta;5;5;ADMIRAL;CALCIO | MONDO - MONDIALI | CANADA (Mondiale 2026) | CAPOCANNONIERE SQUADRA | Jonathan David
COMBO GG/NG 1°T - 2°T;GG/NG;;;;NON_MAPPATO;famiglia non riconosciuta;5;1;STANLEYBET;CALCIO | ITALIA - III DIVISIONE | Scafatese - Altamura | COMBO GG/NG 1°T - 2°T | GG/NG
CORNER X;Giocatore 1;;;;NON_MAPPATO;famiglia non riconosciuta;5;1;DOMUSBET;CALCIO | ITALIA - I DIVISIONE | Juventus - Atalanta | CORNER X | Giocatore 1
GG/NG+PARI/DISPARI;GOAL + PARI;;;;NON_MAPPATO;famiglia non riconosciuta;5;3;DOMUSBET;CALCIO | ITALIA - III DIVISIONE | Carpi - Ospitaletto | GG/NG+PARI/DISPARI | GOAL + PARI
GIOCATORE INFO1 1°MARCATORE+MULTIESITO;1° + 1-0/2-0/2-1;;;;NON_MAPPATO;famiglia non riconosciuta;5;5;DOMUSBET;CALCIO | ITALIA - I DIVISIONE | Monza - Sassuolo | GIOCATORE INFO1 1°MARCATORE+MULTIESITO | 1° + 1-0/2-0/2-1
GIOCATORE INFO1 1°MARCATORE+MULTIESITO;1° + 3-0/3-1/3-2;;;;NON_MAPPATO;famiglia non riconosciuta;5;5;DOMUSBET;CALCIO | EUROPA - EUROPA LEAGUE | Juventus - NEC Nimega | GIOCATORE INFO1 1°MARCATORE+MULTIESITO | 1° + 3-0/3-1/3-2
GIOCATORE INFO1 SEGNA+RIS.ESATTO;Segna & 0-1;;;;NON_MAPPATO;famiglia non riconosciuta;5;5;DOMUSBET;CALCIO | EUROPA - UEFA NATIONS LEAGUE | Inghilterra - Spagna | GIOCATORE INFO1 SEGNA+RIS.ESATTO | Segna & 0-1
GIOCATORE X O SUO SOSTITUTO IN TOTALE SEGNANO ALMENO UN GOAL E REALIZZANO ALMENO UN ASSIST;SI;;;;NON_MAPPATO;famiglia non riconosciuta;5;2;SPORTBET;CALCIO | EUROPA - UEFA NATIONS LEAGUE | Danimarca - Galles | GIOCATORE X O SUO SOSTITUTO IN TOTALE SEGNANO ALMENO UN GOAL E REALIZZANO ALMENO UN ASSIST | SI
GOL INFO1 TEMPI SUPPL.;Giocatore 1;;;;NON_MAPPATO;famiglia non riconosciuta;5;5;DOMUSBET;CALCIO | INGHILTERRA - COPPA FA | Worksop Town - AFC Telford United | GOL INFO1 TEMPI SUPPL. | Giocatore 1
GOL INFO1 TEMPO INFO2;TEAM 1;;;;NON_MAPPATO;famiglia non riconosciuta;5;5;BBET, SPORTBET, STANLEYBET;CALCIO | EUROPA - UEFA NATIONS LEAGUE | Germania - Grecia | GOL INFO1 TEMPO INFO2 | TEAM 1
HT/FT 12/12;SI;;;;NON_MAPPATO;famiglia non riconosciuta;5;3;STANLEYBET;CALCIO | EUROPA - CHAMPIONS LEAGUE | Galatasaray - Barcellona | HT/FT 12/12 | SI
HT/FT 12/12;Si;;;;NON_MAPPATO;famiglia non riconosciuta;5;1;STARCASINO;CALCIO | ITALIA - III DIVISIONE | Casarano - Monopoli | HT/FT 12/12 | Si
INFO1 ALMENO INFO2 TIRI IN PORTA CON PALI/TRAVERSE;SI;;;;NON_MAPPATO;famiglia non riconosciuta;5;4;MARATHON, STANLEYBET, WILLIAMHILL;CALCIO | EUROPA - UEFA NATIONS LEAGUE | Norvegia - Portogallo | INFO1 ALMENO INFO2 TIRI IN PORTA CON PALI/TRAVERSE | SI
MARCATORE+MULTIESITO;GOL + 3-0/3-1/3-2;;;;NON_MAPPATO;famiglia non riconosciuta;5;4;BBET, SPORTBET;CALCIO | EUROPA - UEFA NATIONS LEAGUE | Norvegia - Portogallo | MARCATORE+MULTIESITO | GOL + 3-0/3-1/3-2
MARGINE VITTORIA (12 ESITI);A6-10;;;;NON_MAPPATO;famiglia non riconosciuta;5;3;DOMUSBET;BASKET | USA - WNBA | Atlanta Dream - Chicago Sky | MARGINE VITTORIA (12 ESITI) | A6-10
MARGINE VITTORIA (6 ESITI);A+10;;;;NON_MAPPATO;famiglia non riconosciuta;5;4;BBET, DOMUSBET, WILLIAMHILL;BASKET | SPAGNA - I DIVISIONE | Real Madrid - Malaga | MARGINE VITTORIA (6 ESITI) | A+10
MARGINE VITTORIA 7 ESITI;Casa 3+;;;;NON_MAPPATO;famiglia non riconosciuta;5;3;DOMUSBET;CALCIO | EUROPA - EUROPA LEAGUE | Bayer Leverkusen - NK Celje | MARGINE VITTORIA 7 ESITI | Casa 3+
MG INFO1-INFO2 CASA + MG INFO3-INFO4 OSP;Si;Si;;;NON_MAPPATO;famiglia non riconosciuta;5;1;STARCASINO;CALCIO | EUROPA - UEFA NATIONS LEAGUE | Inghilterra - Spagna | MG INFO1-INFO2 CASA + MG INFO3-INFO4 OSP | Si
MIGLIORE DEL GRUPPO;Paesi Bassi;;;;NON_MAPPATO;famiglia non riconosciuta;5;5;DOMUSBET, SPORTBET, STARCASINO, WILLIAMHILL;CALCIO | EUROPA - UEFA NATIONS LEAGUE | Europa Nations League 2026/2027 | MIGLIORE DEL GRUPPO | Paesi Bassi
MIGLIORE DEL GRUPPO;Real Madrid;;;;NON_MAPPATO;famiglia non riconosciuta;5;5;DOMUSBET, STARCASINO;CALCIO | EUROPA - CHAMPIONS LEAGUE | UEFA Champions League 26/27 | MIGLIORE DEL GRUPPO | Real Madrid
NUMERO CARTELLINI OSPITE 1°TEMPO;>2;;;;NON_MAPPATO;famiglia non riconosciuta;5;2;BBET;CALCIO | EUROPA - UEFA NATIONS LEAGUE | Danimarca - Galles | NUMERO CARTELLINI OSPITE 1°TEMPO | >2
NUMERO TOTALE SET;3 SET;;;;NON_MAPPATO;famiglia non riconosciuta;5;5;DOMUSBET;VOLLEY | EUROPA - CAMP. EUROPEO | Italia - Finlandia | NUMERO TOTALE SET | 3 SET
OSPITE SEGNA - 1°T;Si;;;;NON_MAPPATO;famiglia non riconosciuta;5;1;STARCASINO;CALCIO | ITALIA - I DIVISIONE | Fiorentina - Como | OSPITE SEGNA - 1°T | Si
PARZ/FIN+UN/OV INFO1;1/1+UNDER;;;;NON_MAPPATO;famiglia non riconosciuta;5;3;DOMUSBET;CALCIO | ITALIA - I DIVISIONE | Milan - Lecce | PARZ/FIN+UN/OV INFO1 | 1/1+UNDER
PARZIALE/FINALE + U/O;1/1+OVER;;;;NON_MAPPATO;famiglia non riconosciuta;5;3;STARCASINO;CALCIO | ITALIA - I DIVISIONE | Atalanta - Venezia | PARZIALE/FINALE + U/O | 1/1+OVER
PIAZZATO NEI PRIMI X SI/NO I.A. 38 (LEGABILE);SI;;;;NON_MAPPATO;famiglia non riconosciuta;5;5;MARATHON;CICLISMO | MONDIALI SU STRADA | Montreal 2026 - Corsa In Linea Maschile Elite | PIAZZATO NEI PRIMI X SI/NO I.A. 38 (LEGABILE) | SI
PROSSIMO CARTELLINO;Casa;;;;NON_MAPPATO;famiglia non riconosciuta;5;2;DOMUSBET;CALCIO | EUROPA - EUROPA LEAGUE | Besiktas - Marsiglia | PROSSIMO CARTELLINO | Casa
RAGGIUNGE LA FINALE;SI;;;;NON_MAPPATO;famiglia non riconosciuta;5;5;WILLIAMHILL;CALCIO | EUROPA - CHAMPIONS LEAGUE | UEFA Champions League 26/27 | RAGGIUNGE LA FINALE | SI
RIGORE + ESPULSIONE;NO / NO;;;;NON_MAPPATO;famiglia non riconosciuta;5;3;MARATHON, STARCASINO;CALCIO | EUROPA - UEFA NATIONS LEAGUE | Norvegia - Portogallo | RIGORE + ESPULSIONE | NO / NO
RIS. ESATTO 0-2;SI;;;;NON_MAPPATO;famiglia non riconosciuta;5;3;DOMUSBET;TENNIS | COPPA DAVIS | Heide, Gustavo - Wawrinka, Stan | RIS. ESATTO 0-2 | SI
RIS.ESATTO MULTIPLO;X;;;;NON_MAPPATO;famiglia non riconosciuta;5;5;DOMUSBET;CALCIO | ITALIA - I DIVISIONE | Venezia - Lazio | RIS.ESATTO MULTIPLO | X
RIS.ESATTO MULTIPLO 2;4-2 4-3;;;;NON_MAPPATO;famiglia non riconosciuta;5;3;DOMUSBET;CALCIO | EUROPA - UEFA NATIONS LEAGUE | Norvegia - Portogallo | RIS.ESATTO MULTIPLO 2 | 4-2 4-3
RIS.ESATTO MULTIPLO 4;0-0 / 1-1 / 0-1 / 1-0;;;;NON_MAPPATO;famiglia non riconosciuta;5;1;360BET;CALCIO | EUROPA - UEFA NATIONS LEAGUE | Irlanda del Nord - Ungheria | RIS.ESATTO MULTIPLO 4 | 0-0 / 1-1 / 0-1 / 1-0
RISULTATO ESATTO MULTIPLO;1:0,2:0 O 3:0;;Risultato Esatto;;NON_MAPPATO;etichetta non riconosciuta per famiglia Risultato Esatto;5;3;MARATHON, STARCASINO;CALCIO | EUROPA - UEFA NATIONS LEAGUE | Slovacchia - Kazakistan | RISULTATO ESATTO MULTIPLO | 1:0,2:0 O 3:0
SEGNA + RIS.ESATTO;Segna & 1-2;;;;NON_MAPPATO;famiglia non riconosciuta;5;5;BBET;CALCIO | EUROPA - UEFA NATIONS LEAGUE | Austria - Kosovo | SEGNA + RIS.ESATTO | Segna & 1-2
SEGNA E ASSIST (INC.TS.);SI;;;;NON_MAPPATO;famiglia non riconosciuta;5;4;BBET, SPORTBET;CALCIO | EUROPA - UEFA NATIONS LEAGUE | Germania - Grecia | SEGNA E ASSIST (INC.TS.) | SI
SEGNA GOL;CASA;CASA;;;NON_MAPPATO;famiglia non riconosciuta;5;5;DOMUSBET, SPORTBET;CALCIO | ITALIA - IV DIVISIONE | SSD Nissa FC - Trapani | SEGNA GOL | CASA
SEGNA O ASSIST;Si;;;;NON_MAPPATO;famiglia non riconosciuta;5;5;STARCASINO;CALCIO | EUROPA - UEFA NATIONS LEAGUE | Danimarca - Galles | SEGNA O ASSIST | Si
SEGNA+RIS. ESATTO;2-0 + GIOCATORE SEGNA;;;;NON_MAPPATO;famiglia non riconosciuta;5;5;MARATHON, WILLIAMHILL;CALCIO | EUROPA - UEFA NATIONS LEAGUE | Danimarca - Galles | SEGNA+RIS. ESATTO | 2-0 + GIOCATORE SEGNA
SET BETTING A 3;0-2;;;;NON_MAPPATO;famiglia non riconosciuta;5;5;ADMIRAL;TENNIS | TORNEO DI TORONTO | Golubic, Viktorija - Swiatek, Iga | SET BETTING A 3 | 0-2
SOMMA GOAL FINALE;>4;;;;NON_MAPPATO;famiglia non riconosciuta;5;5;WILLIAMHILL;CALCIO | EUROPA - CHAMPIONS LEAGUE | Viking FK - Bayern Monaco | SOMMA GOAL FINALE | >4
SOMMA GOL FINALE;1;;;;NON_MAPPATO;famiglia non riconosciuta;5;2;BBET, DOMUSBET;CALCIO | EUROPA - UEFA NATIONS LEAGUE | Belgio - Francia | SOMMA GOL FINALE | 1
SQUADRA X VINCE ALMENO UN TEMPO;NO;;;;NON_MAPPATO;famiglia non riconosciuta;5;5;360BET;CALCIO | EUROPA - UEFA NATIONS LEAGUE | Germania - Grecia | SQUADRA X VINCE ALMENO UN TEMPO | NO
T/T + U/O INFO1 (INCL. OT);Team 1+Ov;;;;NON_MAPPATO;famiglia non riconosciuta;5;3;STARCASINO, WILLIAMHILL;BASKET | ITALIA - I DIVISIONE | Derthona Basket - Scaligera Basket Verona | T/T + U/O INFO1 (INCL. OT) | Team 1+Ov
T/T SET INFO1 - GAME INFO2;2;;;;NON_MAPPATO;famiglia non riconosciuta;5;5;WILLIAMHILL;TENNIS | CHALLENGER DI ITALIA | Maristany Zuleta de Reales, Guiomar - Grabher, Julia | T/T SET INFO1 - GAME INFO2 | 2
TEMPO CON PIU GOL;X;;;;NON_MAPPATO;famiglia non riconosciuta;5;2;DOMUSBET, SPORTBET;CALCIO | EUROPA - EUROPA LEAGUE | Viktoria Plzen - Union Saint Gilloise | TEMPO CON PIU GOL | X
TEMPO CON PIÙ GOAL;1;;;;NON_MAPPATO;famiglia non riconosciuta;5;3;MARATHON, STARCASINO, WILLIAMHILL;CALCIO | EUROPA - UEFA NATIONS LEAGUE | Norvegia - Portogallo | TEMPO CON PIÙ GOAL | 1
TOTALE CARTELLINI CASA TEMPO INFO1;2;;;;NON_MAPPATO;famiglia non riconosciuta;5;2;MARATHON, WILLIAMHILL;CALCIO | MESSICO - I DIVISIONE | Pumas Unam - San Luis | TOTALE CARTELLINI CASA TEMPO INFO1 | 2
TOTALE CORNER (5 ESITI);- di 6;;;;NON_MAPPATO;famiglia non riconosciuta;5;1;BBET;CALCIO | EUROPA - UEFA NATIONS LEAGUE | Gibilterra - Andorra | TOTALE CORNER (5 ESITI) | - di 6
TOTALE CORNER (5 ESITI);DA 12 A 14;;;;NON_MAPPATO;famiglia non riconosciuta;5;2;STARCASINO, WILLIAMHILL;CALCIO | EUROPA - UEFA NATIONS LEAGUE | Serbia - Olanda | TOTALE CORNER (5 ESITI) | DA 12 A 14
TOTALE CORNER SQUADRA INFO1 INFO2°T;3;;;;NON_MAPPATO;famiglia non riconosciuta;5;2;DOMUSBET;CALCIO | SPAGNA - I DIVISIONE | Barcellona - Racing Santander | TOTALE CORNER SQUADRA INFO1 INFO2°T | 3
U/O CARTELLINI 1°TEMPO;UNDER;;;;NON_MAPPATO;famiglia non riconosciuta;5;3;SPORTBET, STANLEYBET;CALCIO | EUROPA - UEFA NATIONS LEAGUE | Norvegia - Portogallo | U/O CARTELLINI 1°TEMPO | UNDER
U/O FALLI COMMESSI;OVER;;;;NON_MAPPATO;famiglia non riconosciuta;5;2;SPORTBET;CALCIO | EUROPA - UEFA NATIONS LEAGUE | Danimarca - Galles | U/O FALLI COMMESSI | OVER
U/O GAMES NEL SET;Under;;;;NON_MAPPATO;famiglia non riconosciuta;5;5;STARCASINO, WILLIAMHILL;TENNIS | LAVER CUP | Alcaraz, Carlos - de Minaur, Alex | U/O GAMES NEL SET | Under
U/O GOAL NEL PERIODO;UNDER;;;;NON_MAPPATO;famiglia non riconosciuta;5;2;DOMUSBET;HOCKEY GHIACCIO | AMERICA - NHL | Columbus Blue Jackets - Detroit Red Wings | U/O GOAL NEL PERIODO | UNDER
U/O INFO1 FALLI COMMESSI (INCL. TS);OVER;;;;NON_MAPPATO;famiglia non riconosciuta;5;5;STANLEYBET;CALCIO | EUROPA - UEFA NATIONS LEAGUE | Danimarca - Galles | U/O INFO1 FALLI COMMESSI (INCL. TS) | OVER
U/O INFO1 FALLI COMMESSI INCL TS;Under;;;;NON_MAPPATO;famiglia non riconosciuta;5;5;STARCASINO;CALCIO | EUROPA - UEFA NATIONS LEAGUE | Norvegia - Portogallo | U/O INFO1 FALLI COMMESSI INCL TS | Under
U/O INFO1 TEMPO INFO2;Under;;;;NON_MAPPATO;famiglia non riconosciuta;5;5;STARCASINO, WILLIAMHILL;BASKET | GERMANIA - I DIVISIONE | Baskets Oldenburg - Hamburg Towers | U/O INFO1 TEMPO INFO2 | Under
U/O INFO1 TIE BREAK;OVER;;;;NON_MAPPATO;famiglia non riconosciuta;5;5;DOMUSBET;TENNIS | LAVER CUP | Zverev, Alexander - de Minaur, Alex | U/O INFO1 TIE BREAK | OVER
U/O INFO1 TIRI IN PORTA SQUADRA 2 INC.TS;UNDER;;;;NON_MAPPATO;famiglia non riconosciuta;5;4;DOMUSBET;CALCIO | INGHILTERRA - I DIVISIONE | Bournemouth - Liverpool | U/O INFO1 TIRI IN PORTA SQUADRA 2 INC.TS | UNDER
U/O INFO2 STRIKEOUTS LANC. INFO1 (INC. EX IN);OVER;;;;NON_MAPPATO;famiglia non riconosciuta;5;5;DOMUSBET;BASEBALL | AMERICA - MAJOR LEAGUE | Cleveland Guardians - Chicago White Sox | U/O INFO2 STRIKEOUTS LANC. INFO1 (INC. EX IN) | OVER
U/O PALO/TRAVERSA;OVER;;;;NON_MAPPATO;famiglia non riconosciuta;5;4;STANLEYBET;CALCIO | EUROPA - UEFA NATIONS LEAGUE | Danimarca - Galles | U/O PALO/TRAVERSA | OVER
U/O PUNTI (INCL. TS);UNDER;;;;NON_MAPPATO;famiglia non riconosciuta;5;4;STANLEYBET;BASKET | MESSICO - CIBACOPA | Serpientes - Titanes Tijuana | U/O PUNTI (INCL. TS) | UNDER
U/O PUNTI TEMPO X;OVER;;;;NON_MAPPATO;famiglia non riconosciuta;5;4;BBET, TOTOSI;BASKET | GERMANIA - I DIVISIONE | Ulm Basketball - Wurzburg Baskets | U/O PUNTI TEMPO X | OVER
U/O TIRI TOTALI INCL.TS;UNDER;;;;NON_MAPPATO;famiglia non riconosciuta;5;4;BBET, SPORTBET, STANLEYBET;CALCIO | EUROPA - UEFA NATIONS LEAGUE | Serbia - Olanda | U/O TIRI TOTALI INCL.TS | UNDER
UNDER INFO1 CASA + OVER INFO2 OSPITE;SI;;;;NON_MAPPATO;famiglia non riconosciuta;5;5;BBET, SPORTBET, STANLEYBET, WILLIAMHILL;CALCIO | EUROPA - UEFA NATIONS LEAGUE | Serbia - Olanda | UNDER INFO1 CASA + OVER INFO2 OSPITE | SI
VINCENTE;AARHUS GF;;;;NON_MAPPATO;famiglia non riconosciuta;5;5;STARCASINO;CALCIO | DANIMARCA - I DIVISIONE | Superligaen 2025/26 | VINCENTE | AARHUS GF
VINCENTE;AZ;;;;NON_MAPPATO;famiglia non riconosciuta;5;5;ADMIRAL, BBET, DOMUSBET, STANLEYBET;CALCIO | OLANDA - I DIVISIONE | Eredivisie 2026/27 | VINCENTE | AZ
VINCENTE;Altro;;;;NON_MAPPATO;famiglia non riconosciuta;5;5;BBET, SPORTBET, WILLIAMHILL;CALCIO | MONDO - MONDIALI | Mondiali 2030 | VINCENTE | Altro
VINCENTE;Athletic Bilbao;;;;NON_MAPPATO;famiglia non riconosciuta;5;5;ADMIRAL, BBET, STANLEYBET, STARCASINO;CALCIO | SPAGNA - COPPA | Copa del Rey 2026/2027 | VINCENTE | Athletic Bilbao
VINCENTE;BAYERN;;;;NON_MAPPATO;famiglia non riconosciuta;5;5;ADMIRAL, STARCASINO;CALCIO | GERMANIA - I DIVISIONE | Bundesliga 2025/2026 | VINCENTE | BAYERN
VINCENTE;BOS Celtics;;;;NON_MAPPATO;famiglia non riconosciuta;5;5;ADMIRAL, WILLIAMHILL;BASKET | USA - NBA | NBA Cup 2026/27 | VINCENTE | BOS Celtics
VINCENTE;Barracas Central;;;;NON_MAPPATO;famiglia non riconosciuta;5;5;ADMIRAL, BBET;CALCIO | ARGENTINA - COPPA | Copa Argentina 2026 | VINCENTE | Barracas Central
VINCENTE;Burnley;;;;NON_MAPPATO;famiglia non riconosciuta;5;5;BBET, STANLEYBET;CALCIO | INGHILTERRA - II DIVISIONE | Championship 2026/27 | VINCENTE | Burnley
VINCENTE;CHI Bears;;;;NON_MAPPATO;famiglia non riconosciuta;5;5;BBET, DOMUSBET, WILLIAMHILL;FOOTBALL AMERICANO | USA - CAMPIONATO NFL | NFL 2026/2027 | VINCENTE | CHI Bears
VINCENTE;COL Avalanche;;;;NON_MAPPATO;famiglia non riconosciuta;5;5;DOMUSBET, MARATHON, WILLIAMHILL;HOCKEY GHIACCIO | AMERICA - NHL | NHL Central Division 2026/27 | VINCENTE | COL Avalanche
VINCENTE;Carpe A.;;;;NON_MAPPATO;famiglia non riconosciuta;5;5;ADMIRAL, BBET, STARCASINO;MOTOCICLISMO | MONDO - MOTOMONDIALE | Mondiale Moto3 2026 | VINCENTE | Carpe A.
VINCENTE;Chesterfield;;;;NON_MAPPATO;famiglia non riconosciuta;5;5;BBET, STANLEYBET, WILLIAMHILL;CALCIO | INGHILTERRA - IV DIVISIONE | League Two 2026/2027 | VINCENTE | Chesterfield
VINCENTE;DAL Cowboys;;;;NON_MAPPATO;famiglia non riconosciuta;5;5;DOMUSBET, SPORTBET, STARCASINO, WILLIAMHILL;FOOTBALL AMERICANO | USA - CAMPIONATO NFL | NFC East 2026/27 | VINCENTE | DAL Cowboys
VINCENTE;DEN Nuggets;;;;NON_MAPPATO;famiglia non riconosciuta;5;5;ADMIRAL, STARCASINO;BASKET | USA - NBA | NBA Cup 2026/27 | VINCENTE | DEN Nuggets
VINCENTE;DUCATI LENOVO TEAM;;;;NON_MAPPATO;famiglia non riconosciuta;5;5;ADMIRAL, DOMUSBET, WILLIAMHILL;MOTOCICLISMO | MONDO - MOTOMONDIALE | Mondiale Motogp 2026 - Team Vincente | VINCENTE | DUCATI LENOVO TEAM
VINCENTE;Erling Haaland;;;;NON_MAPPATO;famiglia non riconosciuta;5;5;ADMIRAL, BBET, DOMUSBET, SPORTBET;CALCIO | PALLONE D'ORO FIFA | Pallone D oro 2026 | VINCENTE | Erling Haaland
VINCENTE;Estudiantes LP;;;;NON_MAPPATO;famiglia non riconosciuta;5;4;ADMIRAL;CALCIO | ARGENTINA - COPPA | Copa Argentina 2026 | VINCENTE | Estudiantes LP
VINCENTE;Guevara I.;;;;NON_MAPPATO;famiglia non riconosciuta;5;5;BBET, DOMUSBET, STARCASINO, WILLIAMHILL;MOTOCICLISMO | MONDO - MOTOMONDIALE | Mondiale Moto2 2026 | VINCENTE | Guevara I.
VINCENTE;Huddersfield;;;;NON_MAPPATO;famiglia non riconosciuta;5;5;STARCASINO;CALCIO | INGHILTERRA - III DIVISIONE | League One 2026/2027 | VINCENTE | Huddersfield
VINCENTE;Independiente;;;;NON_MAPPATO;famiglia non riconosciuta;5;4;ADMIRAL;CALCIO | ARGENTINA - COPPA | Copa Argentina 2026 | VINCENTE | Independiente
VINCENTE;Instituto Cordoba;;;;NON_MAPPATO;famiglia non riconosciuta;5;4;ADMIRAL;CALCIO | ARGENTINA - COPPA | Copa Argentina 2026 | VINCENTE | Instituto Cordoba
VINCENTE;Manchester Utd;;;;NON_MAPPATO;famiglia non riconosciuta;5;5;ADMIRAL, DOMUSBET, WILLIAMHILL;CALCIO | INGHILTERRA - I DIVISIONE | Premier League 2026/27 - Prima Alla 5 giornata | VINCENTE | Manchester Utd
VINCENTE;Mirra Andreeva;;;;NON_MAPPATO;famiglia non riconosciuta;5;5;DOMUSBET, STANLEYBET, WILLIAMHILL;TENNIS | TORNEO DI SINGAPORE | Wta Singapore 2026 | VINCENTE | Mirra Andreeva
VINCENTE;Norvegia;;;;NON_MAPPATO;famiglia non riconosciuta;5;5;ADMIRAL, MARATHON, SPORTBET, STARCASINO;CALCIO | EUROPA - UEFA NATIONS LEAGUE | Europa Nations League 2026/2027 | VINCENTE | Norvegia
VINCENTE;Partick;;;;NON_MAPPATO;famiglia non riconosciuta;5;5;SPORTBET, STANLEYBET, STARCASINO;CALCIO | SCOZIA - II DIVISIONE | Championship 2026/27 | VINCENTE | Partick
VINCENTE;Portogallo;;;;NON_MAPPATO;famiglia non riconosciuta;5;5;ADMIRAL, STANLEYBET;CALCIO | EUROPA - CAMPIONATI EUROPEI | Europei 2028 | VINCENTE | Portogallo
VINCENTE;Primoz Roglic;;;;NON_MAPPATO;famiglia non riconosciuta;5;5;BBET, DOMUSBET, STANLEYBET;CICLISMO | MONDIALI SU STRADA | Montreal 2026 - Corsa In Linea Maschile Elite | VINCENTE | Primoz Roglic
VINCENTE;Real Sociedad;;;;NON_MAPPATO;famiglia non riconosciuta;5;5;ADMIRAL, DOMUSBET, MARATHON, STARCASINO;CALCIO | SPAGNA - COPPA | Copa del Rey 2026/2027 | VINCENTE | Real Sociedad
VINCENTE;Red Bull;;;;NON_MAPPATO;famiglia non riconosciuta;5;5;ADMIRAL, STARCASINO, WILLIAMHILL;AUTOMOBILISMO | MONDO - CAMPIONATO FORMULA 1 | Formula 1 Mondiale Costruttori 2026 | VINCENTE | Red Bull
VINCENTE;SEATTLE MARINERS;;;;NON_MAPPATO;famiglia non riconosciuta;5;5;DOMUSBET, STARCASINO;BASEBALL | AMERICA - MAJOR LEAGUE | MLB 2026 - American League West | VINCENTE | SEATTLE MARINERS
VINCENTE;SL. BRATISLAVA;;;;NON_MAPPATO;famiglia non riconosciuta;5;5;STARCASINO;CALCIO | SLOVACCHIA - I DIVISIONE | Super Liga 2025/26 | VINCENTE | SL. BRATISLAVA
VINCENTE;ST. JOHNSTON;;;;NON_MAPPATO;famiglia non riconosciuta;5;5;STARCASINO;CALCIO | SCOZIA - II DIVISIONE | Championship 25/26 | VINCENTE | ST. JOHNSTON
VINCENTE;Saarbrucken;;;;NON_MAPPATO;famiglia non riconosciuta;5;5;ADMIRAL, STARCASINO;CALCIO | GERMANIA - III DIVISIONE | 3.Liga 2026/27 | VINCENTE | Saarbrucken
VINCENTE;Thun;;;;NON_MAPPATO;famiglia non riconosciuta;5;5;ADMIRAL;CALCIO | SVIZZERA - I DIVISIONE | Super League 2026/27 | VINCENTE | Thun
VINCENTE;Troyes;;;;NON_MAPPATO;famiglia non riconosciuta;5;5;DOMUSBET, STARCASINO;CALCIO | FRANCIA - II DIVISIONE | Ligue 2 2025/2026 | VINCENTE | Troyes
VINCENTE;Usa;;;;NON_MAPPATO;famiglia non riconosciuta;5;5;BBET, STARCASINO;RUGBY | MONDO - COPPA DEL MONDO | Coppa Del Mondo 2027 | VINCENTE | Usa
VINCENTE;Vancouver Whitecaps;;;;NON_MAPPATO;famiglia non riconosciuta;5;5;ADMIRAL, BBET, DOMUSBET, SPORTBET;CALCIO | USA - I DIVISIONE | MLS 2026 | VINCENTE | Vancouver Whitecaps
VINCENTE CLASSIFICA CAPOCANNONIERE;Lautaro Martinez;;;;NON_MAPPATO;famiglia non riconosciuta;5;5;STARCASINO;CALCIO | ITALIA - I DIVISIONE | Serie A 2026/27 | VINCENTE CLASSIFICA CAPOCANNONIERE | Lautaro Martinez
VINCENTE INFO AGG;BK Hacken;;;;NON_MAPPATO;famiglia non riconosciuta;5;5;WILLIAMHILL;CALCIO | SVEZIA - I DIVISIONE F. | Damallsvenskan 2026 | VINCENTE INFO AGG | BK Hacken
VINCENTE INFO AGG;Barcellona;;;;NON_MAPPATO;famiglia non riconosciuta;5;5;WILLIAMHILL;CALCIO | EUROPA - CHAMPIONS LEAGUE | UEFA Champions League 26/27 | VINCENTE INFO AGG | Barcellona
VINCENTE INFO AGG;Khvicha Kvaratskhelia;;;;NON_MAPPATO;famiglia non riconosciuta;5;5;WILLIAMHILL;CALCIO | PALLONE D'ORO FIFA | Pallone D oro 2026 | VINCENTE INFO AGG | Khvicha Kvaratskhelia
VINCENTE INFO AGG;Man Utd;;;;NON_MAPPATO;famiglia non riconosciuta;5;5;WILLIAMHILL;CALCIO | INGHILTERRA - I DIVISIONE | Premier League 26/27 | VINCENTE INFO AGG | Man Utd
VINCENTE INFO AGG;PSV;;;;NON_MAPPATO;famiglia non riconosciuta;5;5;WILLIAMHILL;CALCIO | OLANDA - I DIVISIONE | Eredivisie 2026/27 | VINCENTE INFO AGG | PSV
VINCENTE SENZA SQUADRA X;Borussia Dortmund;;;;NON_MAPPATO;famiglia non riconosciuta;5;5;STANLEYBET;CALCIO | GERMANIA - I DIVISIONE | Bundesliga 2026/2027 Senza Bayern Monaco | VINCENTE SENZA SQUADRA X | Borussia Dortmund
VINCENTE SENZA SQUADRA X I.A.5;Bayer Leverkusen;;;;NON_MAPPATO;famiglia non riconosciuta;5;5;STARCASINO;CALCIO | GERMANIA - I DIVISIONE | Bundesliga 2026/2027 Senza Bayern Monaco | VINCENTE SENZA SQUADRA X I.A.5 | Bayer Leverkusen
VINCENTE SENZA SQUADRA X I.A.5;DORTMUND;;;;NON_MAPPATO;famiglia non riconosciuta;5;5;STARCASINO;CALCIO | GERMANIA - I DIVISIONE | Bundesliga 2025/2026 Senza Bayern Monaco | VINCENTE SENZA SQUADRA X I.A.5 | DORTMUND
VINCENTE SENZA X;Ajax;;;;NON_MAPPATO;famiglia non riconosciuta;5;5;BBET, DOMUSBET, SPORTBET;CALCIO | OLANDA - I DIVISIONE | Eredivisie 2026/27 Senza PSV | VINCENTE SENZA X | Ajax
X2 - INFO1°T;X2;;;;NON_MAPPATO;famiglia non riconosciuta;5;5;MARATHON;CALCIO | EUROPA - UEFA NATIONS LEAGUE | Danimarca - Galles | X2 - INFO1°T | X2
X2+MG;X2 + MG;;;;NON_MAPPATO;famiglia non riconosciuta;5;5;ADMIRAL;CALCIO | ITALIA - I DIVISIONE | Genoa - Napoli | X2+MG | X2 + MG
12 + MULTIGOAL;12+ MULTIGOAL;;;;NON_MAPPATO;famiglia non riconosciuta;4;4;WILLIAMHILL;CALCIO | ITALIA - III DIVISIONE | Foggia - Sorrento | 12 + MULTIGOAL | 12+ MULTIGOAL
12/1;SI;;;;NON_MAPPATO;famiglia non riconosciuta;4;4;DOMUSBET;CALCIO | ITALIA - I DIVISIONE | Parma - Genoa | 12/1 | SI
1X + MULTIGOL;1X+ MULTIGOAL;;;;NON_MAPPATO;famiglia non riconosciuta;4;3;360BET;CALCIO | EUROPA - UEFA NATIONS LEAGUE | Germania - Grecia | 1X + MULTIGOL | 1X+ MULTIGOAL
1X FT + GG/NG 2T;1X FT + GG 2T;;;;NON_MAPPATO;famiglia non riconosciuta;4;2;DOMUSBET;CALCIO | EUROPA - EUROPA LEAGUE | Milan - Benfica | 1X FT + GG/NG 2T | 1X FT + GG 2T
2/12;SI;;;;NON_MAPPATO;famiglia non riconosciuta;4;1;DOMUSBET;CALCIO | EUROPA - EUROPA LEAGUE | Besiktas - Marsiglia | 2/12 | SI
ACCOPPIATA IN ORDINE FINALE INFO AGG;Napoli - Inter;;;;NON_MAPPATO;famiglia non riconosciuta;4;4;ADMIRAL;CALCIO | ITALIA - I DIVISIONE | Serie A 2026/27 | ACCOPPIATA IN ORDINE FINALE INFO AGG | Napoli - Inter
ACCOPPIATA NON IN ORDINE QUALIFICA UFFICIALE;Antonelli K. - Russell G.;;;;NON_MAPPATO;famiglia non riconosciuta;4;4;DOMUSBET;AUTOMOBILISMO | MONDO - CAMPIONATO FORMULA 1 | GP Baku QUALIFICHE | ACCOPPIATA NON IN ORDINE QUALIFICA UFFICIALE | Antonelli K. - Russell G.
CAPOCANNONIERE;Raphinha (Barcellona);;;;NON_MAPPATO;famiglia non riconosciuta;4;4;BBET, DOMUSBET, SPORTBET;CALCIO | EUROPA - CHAMPIONS LEAGUE | UEFA Champions League 26/27 | CAPOCANNONIERE | Raphinha (Barcellona)
CAPOCANNONIERE SQUADRA;Mbappe K.;;;;NON_MAPPATO;famiglia non riconosciuta;4;4;ADMIRAL;CALCIO | MONDO - MONDIALI | FRANCIA (Mondiale 2026) | CAPOCANNONIERE SQUADRA | Mbappe K.
CAPOCANNONIERE TORNEO;Erling Haaland;;;;NON_MAPPATO;famiglia non riconosciuta;4;4;WILLIAMHILL;CALCIO | INGHILTERRA - I DIVISIONE | Premier League 26/27 | CAPOCANNONIERE TORNEO | Erling Haaland
CAPOCANNONIERE TORNEO;Moise Kean;;;;NON_MAPPATO;famiglia non riconosciuta;4;4;WILLIAMHILL;CALCIO | ITALIA - I DIVISIONE | Serie A 2026/27 | CAPOCANNONIERE TORNEO | Moise Kean
CASA VINCE A 0;No;;;;NON_MAPPATO;famiglia non riconosciuta;4;4;STARCASINO;CALCIO | ITALIA - I DIVISIONE | Lecce - Bologna | CASA VINCE A 0 | No
ESPULSIONE CASA T.R;SI;;;;NON_MAPPATO;famiglia non riconosciuta;4;1;DOMUSBET;CALCIO | EUROPA - EUROPA LEAGUE | Olympiakos - Jagiellonia Bialystok | ESPULSIONE CASA T.R | SI
GG/NG+MG 2-3;GG+MG;;;;NON_MAPPATO;famiglia non riconosciuta;4;4;DOMUSBET;CALCIO | ITALIA - I DIVISIONE | Roma - Inter | GG/NG+MG 2-3 | GG+MG
GIOCATORE INFO1 1°MARCATORE+MULTIESITO;1° + 0-3/1-3/2-3;;;;NON_MAPPATO;famiglia non riconosciuta;4;4;DOMUSBET;CALCIO | EUROPA - UEFA NATIONS LEAGUE | Turchia - Francia | GIOCATORE INFO1 1°MARCATORE+MULTIESITO | 1° + 0-3/1-3/2-3
GIOCATORE INFO1 SEGNA+MULTIESITO;GOL + 0-4/1-4/2-4/3-4;;;;NON_MAPPATO;famiglia non riconosciuta;4;4;DOMUSBET;CALCIO | SPAGNA - I DIVISIONE | Siviglia - Barcellona | GIOCATORE INFO1 SEGNA+MULTIESITO | GOL + 0-4/1-4/2-4/3-4
GIOCATORE INFO1 SEGNA+RIS.ESATTO;Segna & 4-3;;;;NON_MAPPATO;famiglia non riconosciuta;4;4;DOMUSBET;CALCIO | USA - I DIVISIONE | Inter Miami - San Diego FC | GIOCATORE INFO1 SEGNA+RIS.ESATTO | Segna & 4-3
GOAL DOPO IL 90°;Si;;;;NON_MAPPATO;famiglia non riconosciuta;4;1;STARCASINO;CALCIO | EUROPA - UEFA NATIONS LEAGUE | Germania - Grecia | GOAL DOPO IL 90° | Si
GOL DA FUORI AREA (INC.TS.);SI;;;;NON_MAPPATO;famiglia non riconosciuta;4;3;BBET, SPORTBET;CALCIO | EUROPA - UEFA NATIONS LEAGUE | Norvegia - Portogallo | GOL DA FUORI AREA (INC.TS.) | SI
HANDICAP INFO1 CORNER - INFO2°T;SQUADRA OSPITE;;;;NON_MAPPATO;famiglia non riconosciuta;4;4;WILLIAMHILL;CALCIO | EUROPA - UEFA NATIONS LEAGUE | San Marino - Finlandia | HANDICAP INFO1 CORNER - INFO2°T | SQUADRA OSPITE
HT/FT 1/X2;SI;;;;NON_MAPPATO;famiglia non riconosciuta;4;1;SPORTBET;CALCIO | EUROPA - UEFA NATIONS LEAGUE | Israele - Irlanda | HT/FT 1/X2 | SI
HT/FT 2/1X;SI;;;;NON_MAPPATO;famiglia non riconosciuta;4;1;SPORTBET;CALCIO | SPAGNA - II DIVISIONE | Real Oviedo - Sporting Gijon | HT/FT 2/1X | SI
HT/FT X/12;SI;;;;NON_MAPPATO;famiglia non riconosciuta;4;2;BBET;CALCIO | EUROPA - UEFA NATIONS LEAGUE | Israele - Irlanda | HT/FT X/12 | SI
INFO1 ASSIST INFO2°TEMPO;SI;;;;NON_MAPPATO;famiglia non riconosciuta;4;1;MARATHON;CALCIO | EUROPA - UEFA NATIONS LEAGUE | Danimarca - Galles | INFO1 ASSIST INFO2°TEMPO | SI
INFO1 PRIMO CARTELLINO;SI;;;;NON_MAPPATO;famiglia non riconosciuta;4;2;MARATHON;CALCIO | EUROPA - UEFA NATIONS LEAGUE | Danimarca - Galles | INFO1 PRIMO CARTELLINO | SI
INFO1 SEGNA O ASSIST XL;Si;;;;NON_MAPPATO;famiglia non riconosciuta;4;1;STARCASINO;CALCIO | EUROPA - UEFA NATIONS LEAGUE | Germania - Grecia | INFO1 SEGNA O ASSIST XL | Si
INFO1 U/O INFO2 FALLI COMMESSI;OVER;;;;NON_MAPPATO;famiglia non riconosciuta;4;2;MARATHON;CALCIO | EUROPA - UEFA NATIONS LEAGUE | Danimarca - Galles | INFO1 U/O INFO2 FALLI COMMESSI | OVER
INFO1° CORNER;Casa;;;;NON_MAPPATO;famiglia non riconosciuta;4;1;STARCASINO;CALCIO | EUROPA - UEFA NATIONS LEAGUE | Turchia - Italia | INFO1° CORNER | Casa
MARCATORE + 1X;MARCATORE + 1X;;;;NON_MAPPATO;famiglia non riconosciuta;4;4;MARATHON, SPORTBET, WILLIAMHILL;CALCIO | EUROPA - UEFA NATIONS LEAGUE | Norvegia - Portogallo | MARCATORE + 1X | MARCATORE + 1X
MARCATORE+MULTIESITO;GOL + 1-0/2-0/2-1;;;;NON_MAPPATO;famiglia non riconosciuta;4;4;SPORTBET;CALCIO | EUROPA - CHAMPIONS LEAGUE | Real Madrid - Inter | MARCATORE+MULTIESITO | GOL + 1-0/2-0/2-1
MIGLIORE DEL GRUPPO;Barcellona;;;;NON_MAPPATO;famiglia non riconosciuta;4;4;DOMUSBET, MARATHON, STARCASINO, WILLIAMHILL;CALCIO | EUROPA - CHAMPIONS LEAGUE | UEFA Champions League 26/27 | MIGLIORE DEL GRUPPO | Barcellona
MIGLIORE DEL GRUPPO;Portogallo;;;;NON_MAPPATO;famiglia non riconosciuta;4;4;BBET, MARATHON, SPORTBET;CALCIO | EUROPA - UEFA NATIONS LEAGUE | Europa Nations League 2026/2027 | MIGLIORE DEL GRUPPO | Portogallo
MIGLIORE DEL GRUPPO;Ungheria;;;;NON_MAPPATO;famiglia non riconosciuta;4;4;DOMUSBET, STARCASINO, WILLIAMHILL;CALCIO | EUROPA - UEFA NATIONS LEAGUE | Europa Nations League 2026/2027 | MIGLIORE DEL GRUPPO | Ungheria
MINUTO ULTIMO GOAL;76 - FINE PARTITA;;;;NON_MAPPATO;famiglia non riconosciuta;4;1;STARCASINO;CALCIO | EUROPA - UEFA NATIONS LEAGUE | Belgio - Francia | MINUTO ULTIMO GOAL | 76 - FINE PARTITA
MULTIGOAL OSPITE;Si;Si;;;NON_MAPPATO;famiglia non riconosciuta;4;3;STARCASINO;CALCIO | EUROPA - UEFA NATIONS LEAGUE | Repubblica Ceca - Croazia | MULTIGOAL OSPITE | Si
NUMERO CARTELLINI OSPITE;4+;;;;NON_MAPPATO;famiglia non riconosciuta;4;2;STANLEYBET, TOTOSI;CALCIO | EUROPA - UEFA NATIONS LEAGUE | Serbia - Olanda | NUMERO CARTELLINI OSPITE | 4+
OSPITE SEGNA;SI;SI;;;NON_MAPPATO;famiglia non riconosciuta;4;4;DOMUSBET;CALCIO | ITALIA - I DIVISIONE | Inter - Udinese | OSPITE SEGNA | SI
OSPITE SEGNA - 1°T;SI;;;;NON_MAPPATO;famiglia non riconosciuta;4;2;MARATHON;CALCIO | ITALIA - III DIVISIONE | S.S.D. Casarano Calcio - Monopoli | OSPITE SEGNA - 1°T | SI
PAREGGIO ALMENO UN TEMPO;Si;;;;NON_MAPPATO;famiglia non riconosciuta;4;3;STARCASINO;CALCIO | EUROPA - UEFA NATIONS LEAGUE | Danimarca - Galles | PAREGGIO ALMENO UN TEMPO | Si
PARI/DISPARI - INFO1°T;Pari;;;;NON_MAPPATO;famiglia non riconosciuta;4;2;STARCASINO, WILLIAMHILL;CALCIO | EUROPA - UEFA NATIONS LEAGUE | Gibilterra - Andorra | PARI/DISPARI - INFO1°T | Pari
PARZ/FIN+UN/OV INFO1;X/1+OVER;;;;NON_MAPPATO;famiglia non riconosciuta;4;2;DOMUSBET;CALCIO | AFRICA - QUAL. COPPA D'AFRICA | Costa d'Avorio - Ghana | PARZ/FIN+UN/OV INFO1 | X/1+OVER
PARZ/FIN+UN/OV INFO1;X/2+OVER;;;;NON_MAPPATO;famiglia non riconosciuta;4;4;DOMUSBET;CALCIO | EUROPA - UEFA NATIONS LEAGUE | Inghilterra - Spagna | PARZ/FIN+UN/OV INFO1 | X/2+OVER
PARZIALE/FINALE + UNDER/OVER;2/2+OVER;;U/O Gol;;NON_MAPPATO;etichetta non riconosciuta per famiglia U/O Gol;4;3;SPORTBET, STANLEYBET;CALCIO | EUROPA - UEFA NATIONS LEAGUE | Serbia - Olanda | PARZIALE/FINALE + UNDER/OVER | 2/2+OVER
PRIME DUE IN ORDINE;Inter - Como;;;;NON_MAPPATO;famiglia non riconosciuta;4;4;BBET, DOMUSBET;CALCIO | ITALIA - I DIVISIONE | Serie A 2026/27 | PRIME DUE IN ORDINE | Inter - Como
PRIME DUE IN ORDINE;Inter - Roma;;;;NON_MAPPATO;famiglia non riconosciuta;4;4;DOMUSBET, SPORTBET;CALCIO | ITALIA - I DIVISIONE | Serie A 2026/27 | PRIME DUE IN ORDINE | Inter - Roma
PRIME DUE IN ORDINE;Roma - Inter;;;;NON_MAPPATO;famiglia non riconosciuta;4;4;DOMUSBET, SPORTBET;CALCIO | ITALIA - I DIVISIONE | Serie A 2026/27 | PRIME DUE IN ORDINE | Roma - Inter
RETE INVIOLATA CASA;SI;;;;NON_MAPPATO;famiglia non riconosciuta;4;4;DOMUSBET, STANLEYBET;CALCIO | SERBIA - II DIVISIONE | Backa Topola - Gfk Dubocica | RETE INVIOLATA CASA | SI
RIS. ESATTO 0-2;NO;;;;NON_MAPPATO;famiglia non riconosciuta;4;4;DOMUSBET;TENNIS | TORNEO DI CHENGDU | Vacherot, Valentin - Harris, Lloyd | RIS. ESATTO 0-2 | NO
RIS. ESATTO HT/FT;0-1 0-2;;;;NON_MAPPATO;famiglia non riconosciuta;4;4;DOMUSBET;CALCIO | ITALIA - I DIVISIONE | Monza - Sassuolo | RIS. ESATTO HT/FT | 0-1 0-2
RIS. ESATTO HT/FT;0-1 0-3;;;;NON_MAPPATO;famiglia non riconosciuta;4;4;DOMUSBET;CALCIO | FRANCIA - I DIVISIONE | Marsiglia - PSG | RIS. ESATTO HT/FT | 0-1 0-3
RIS. ESATTO HT/FT;1-1 1-1;;;;NON_MAPPATO;famiglia non riconosciuta;4;4;DOMUSBET;CALCIO | EUROPA - UEFA NATIONS LEAGUE | Italia - Belgio | RIS. ESATTO HT/FT | 1-1 1-1
RIS.ESATTO MULTIPLO 3;3-3 4-4 ALTRO;;;;NON_MAPPATO;famiglia non riconosciuta;4;2;DOMUSBET;CALCIO | EUROPA - EUROPA LEAGUE | Crystal Palace - Lech Poznan | RIS.ESATTO MULTIPLO 3 | 3-3 4-4 ALTRO
RIS.ESATTO MULTIPLO 3;4-1 4-2;;;;NON_MAPPATO;famiglia non riconosciuta;4;4;DOMUSBET, STANLEYBET;CALCIO | SPAGNA - I DIVISIONE | Barcellona - Racing Santander | RIS.ESATTO MULTIPLO 3 | 4-1 4-2
SCUDERIA DEL VINCENTE INFO1;Mercedes;;;;NON_MAPPATO;famiglia non riconosciuta;4;4;DOMUSBET;AUTOMOBILISMO | MONDO - CAMPIONATO FORMULA 1 | GP Baku GARA | SCUDERIA DEL VINCENTE INFO1 | Mercedes
SEGNA + RIS.ESATTO;Segna & 3-0;;;;NON_MAPPATO;famiglia non riconosciuta;4;4;BBET, SPORTBET;CALCIO | EUROPA - UEFA NATIONS LEAGUE | Danimarca - Galles | SEGNA + RIS.ESATTO | Segna & 3-0
SEGNA IN ENTRAMBI I TEMPI;SI;;;;NON_MAPPATO;famiglia non riconosciuta;4;2;SPORTBET;CALCIO | EUROPA - UEFA NATIONS LEAGUE | Serbia - Olanda | SEGNA IN ENTRAMBI I TEMPI | SI
SEGNA+RIS. ESATTO;1-3 + GIOCATORE SEGNA;;;;NON_MAPPATO;famiglia non riconosciuta;4;4;MARATHON, WILLIAMHILL;CALCIO | EUROPA - UEFA NATIONS LEAGUE | Serbia - Olanda | SEGNA+RIS. ESATTO | 1-3 + GIOCATORE SEGNA
SOMMA GOL 2° TEMPO;2;;;;NON_MAPPATO;famiglia non riconosciuta;4;1;SPORTBET;CALCIO | EUROPA - UEFA NATIONS LEAGUE | Norvegia - Portogallo | SOMMA GOL 2° TEMPO | 2
SOMMA GOL 2° TEMPO;>2;;;;NON_MAPPATO;famiglia non riconosciuta;4;1;SPORTBET;CALCIO | EUROPA - CONFERENCE LEAGUE | CSKA Sofia - Monaco | SOMMA GOL 2° TEMPO | >2
SOMMA GOL OSPITE;3 o più;;;;NON_MAPPATO;famiglia non riconosciuta;4;4;BBET, STANLEYBET;CALCIO | AFRICA - QUAL. COPPA D'AFRICA | Etiopia - Senegal | SOMMA GOL OSPITE | 3 o più
SOMMA PUNTI NO T.S.;171-180;;;;NON_MAPPATO;famiglia non riconosciuta;4;2;DOMUSBET;BASKET | ITALIA - I DIVISIONE | Derthona Basket - Scaligera Basket Verona | SOMMA PUNTI NO T.S. | 171-180
SQUADRA X O SQUADRA Y VINCE LA MANIFESTAZIONE;SI;;;;NON_MAPPATO;famiglia non riconosciuta;4;4;SPORTBET;CALCIO | ITALIA - I DIVISIONE | Serie A 2026/27 | SQUADRA X O SQUADRA Y VINCE LA MANIFESTAZIONE | SI
T/T + U/O INFO1 INCL. EX IN;1 + OVER;;;;NON_MAPPATO;famiglia non riconosciuta;4;1;DOMUSBET;BASEBALL | AMERICA - MAJOR LEAGUE | Philadelphia Phillies - Milwaukee Brewers | T/T + U/O INFO1 INCL. EX IN | 1 + OVER
T/T HAND ANGOLI;1;;;;NON_MAPPATO;famiglia non riconosciuta;4;4;TOTOSI;CALCIO | EUROPA - UEFA NATIONS LEAGUE | Georgia - Ucraina | T/T HAND ANGOLI | 1
T/T INFO1 HANDICAP CORNER INFO2° TEMPO;SQUADRA CASA;;;;NON_MAPPATO;famiglia non riconosciuta;4;4;360BET;CALCIO | EUROPA - UEFA NATIONS LEAGUE | Danimarca - Galles | T/T INFO1 HANDICAP CORNER INFO2° TEMPO | SQUADRA CASA
T/T SET INFO1 - GAME INFO2;1;;;;NON_MAPPATO;famiglia non riconosciuta;4;4;WILLIAMHILL;TENNIS | TORNEO DI SEOUL | Korneeva, Alina - Astakhova, Darya | T/T SET INFO1 - GAME INFO2 | 1
TOTALE CARTELLINI;8;;;;NON_MAPPATO;famiglia non riconosciuta;4;4;DOMUSBET;CALCIO | AMERICA - COPPA LIBERTADORES | Flamengo - Independiente del Valle | TOTALE CARTELLINI | 8
TOTALE CARTELLINI;<4;;;;NON_MAPPATO;famiglia non riconosciuta;4;1;DOMUSBET;CALCIO | EUROPA - EUROPA LEAGUE | OFI Creta - Hoffenheim | TOTALE CARTELLINI | <4
TOTALE CARTELLINI INFO1°T;4;;;;NON_MAPPATO;famiglia non riconosciuta;4;3;DOMUSBET;CALCIO | SPAGNA - I DIVISIONE | Real Betis - Getafe | TOTALE CARTELLINI INFO1°T | 4
TOTALE CARTELLINI OSPITE;>3;;;;NON_MAPPATO;famiglia non riconosciuta;4;2;MARATHON, WILLIAMHILL;CALCIO | EUROPA - UEFA NATIONS LEAGUE | Austria - Kosovo | TOTALE CARTELLINI OSPITE | >3
TOTALE CARTELLINI TEMPO INFO1;5;;;;NON_MAPPATO;famiglia non riconosciuta;4;2;MARATHON;CALCIO | SPAGNA - II DIVISIONE | Real Valladolid - Cordoba CF | TOTALE CARTELLINI TEMPO INFO1 | 5
TOTALE CARTELLINI TEMPO INFO1;6 O PIU;;;;NON_MAPPATO;famiglia non riconosciuta;4;2;MARATHON;CALCIO | SPAGNA - II DIVISIONE | Real Valladolid - Cordoba CF | TOTALE CARTELLINI TEMPO INFO1 | 6 O PIU
TOTALE CORNER (3 ESITI);9 - 11;;;;NON_MAPPATO;famiglia non riconosciuta;4;2;DOMUSBET;CALCIO | EUROPA - UEFA NATIONS LEAGUE | Slovacchia - Moldova | TOTALE CORNER (3 ESITI) | 9 - 11
U/O BATTUTE VALIDE (INCL. EXTRA INNING);Over;;;;NON_MAPPATO;famiglia non riconosciuta;4;4;STARCASINO, WILLIAMHILL;BASEBALL | AMERICA - MAJOR LEAGUE | San Diego Padres - Arizona Diamondbacks | U/O BATTUTE VALIDE (INCL. EXTRA INNING) | Over
U/O CART. CASA + U/O CART. OSPITE;OVER+OVER;;;;NON_MAPPATO;famiglia non riconosciuta;4;1;MARATHON;CALCIO | EUROPA - UEFA NATIONS LEAGUE | Norvegia - Portogallo | U/O CART. CASA + U/O CART. OSPITE | OVER+OVER
U/O GOAL SQUADRA (TORNEO INCL. T.S.);Over;;;;NON_MAPPATO;famiglia non riconosciuta;4;4;WILLIAMHILL;CALCIO | ITALIA - I DIVISIONE | Serie A 2026/27 | U/O GOAL SQUADRA (TORNEO INCL. T.S.) | Over
U/O INFO1 CARTELLINI - INFO2°T;Over;;;;NON_MAPPATO;famiglia non riconosciuta;4;1;STARCASINO;CALCIO | EUROPA - UEFA NATIONS LEAGUE | Gibilterra - Andorra | U/O INFO1 CARTELLINI - INFO2°T | Over
U/O INFO1 CARTELLINI - INFO2°T;UNDER;;;;NON_MAPPATO;famiglia non riconosciuta;4;2;MARATHON;CALCIO | EUROPA - UEFA NATIONS LEAGUE | Serbia - Olanda | U/O INFO1 CARTELLINI - INFO2°T | UNDER
U/O INFO1 CORNER - INFO2°T;Under;;;;NON_MAPPATO;famiglia non riconosciuta;4;1;STARCASINO;CALCIO | EUROPA - UEFA NATIONS LEAGUE | Gibilterra - Andorra | U/O INFO1 CORNER - INFO2°T | Under
U/O INFO1 FALLI COMMESSI;Over;;;;NON_MAPPATO;famiglia non riconosciuta;4;3;WILLIAMHILL;CALCIO | EUROPA - UEFA NATIONS LEAGUE | Serbia - Olanda | U/O INFO1 FALLI COMMESSI | Over
U/O INFO1 GAMES GIOCATORE INFO2;Over;;;;NON_MAPPATO;famiglia non riconosciuta;4;4;STARCASINO;TENNIS | TORNEO DI CHENGDU | Basilashvili, Nikoloz - Davidovich Fokina, Alejandro | U/O INFO1 GAMES GIOCATORE INFO2 | Over
U/O INFO1 GAMES SET INFO2;OVER;;;;NON_MAPPATO;famiglia non riconosciuta;4;4;MARATHON, SPORTBET;TENNIS | LAVER CUP | Jodar, Rafael - Fritz, Taylor | U/O INFO1 GAMES SET INFO2 | OVER
U/O INFO1 GOL INFO2 TEMPO;UNDER;;;;NON_MAPPATO;famiglia non riconosciuta;4;4;DOMUSBET;PALLAMANO | ASIA - GIOCHI ASIATICI | Cina - Qatar | U/O INFO1 GOL INFO2 TEMPO | UNDER
U/O INFO1 PUNTI COMPRESI EXTRA INNING;UNDER;;;;NON_MAPPATO;famiglia non riconosciuta;4;2;MARATHON;BASEBALL | AMERICA - MAJOR LEAGUE | Toronto Blue Jays - Cincinnati Reds | U/O INFO1 PUNTI COMPRESI EXTRA INNING | UNDER
U/O INFO1 PUNTI COMPRESI EXTRA INNING;Under;;;;NON_MAPPATO;famiglia non riconosciuta;4;1;STARCASINO;BASEBALL | AMERICA - MAJOR LEAGUE | Washington Nationals - New York Mets | U/O INFO1 PUNTI COMPRESI EXTRA INNING | Under
U/O INFO1 PUNTI SQUADRA INFO2;UNDER;;;;NON_MAPPATO;famiglia non riconosciuta;4;4;DOMUSBET;VOLLEY | EUROPA - CAMP. EUROPEO | Slovenia - Serbia | U/O INFO1 PUNTI SQUADRA INFO2 | UNDER
U/O INFO1 RIMBALZI INFO2;OVER;;;;NON_MAPPATO;famiglia non riconosciuta;4;3;MARATHON;BASKET | ITALIA - I DIVISIONE | Maxima Roma - Napoli Basket | U/O INFO1 RIMBALZI INFO2 | OVER
U/O INFO1 RIMESSE DAL FONDO INCL. T.S;OVER;;;;NON_MAPPATO;famiglia non riconosciuta;4;4;DOMUSBET;CALCIO | EUROPA - EUROPA LEAGUE | OFI Creta - Hoffenheim | U/O INFO1 RIMESSE DAL FONDO INCL. T.S | OVER
U/O INFO1 SQUADRA INFO2;Under;;;;NON_MAPPATO;famiglia non riconosciuta;4;1;STARCASINO;BASKET | FRANCIA - I DIVISIONE | Cholet Basket - Asvel Lyon Villeurbanne | U/O INFO1 SQUADRA INFO2 | Under
U/O INFO1 TIRI IN PORTA;UNDER;;;;NON_MAPPATO;famiglia non riconosciuta;4;4;MARATHON;CALCIO | EUROPA - UEFA NATIONS LEAGUE | Israele - Irlanda | U/O INFO1 TIRI IN PORTA | UNDER
U/O INFO1 TOT PUNTI INFO2 TEMPO;OVER;;;;NON_MAPPATO;famiglia non riconosciuta;4;1;SPORTBET;BASKET | POLONIA - I DIVISIONE F. | Widzew Lodz - AZS AJP Gorzow Wielkopolski | U/O INFO1 TOT PUNTI INFO2 TEMPO | OVER
U/O INFO1 TOUCHDOWN INCL. TS;OVER;;;;NON_MAPPATO;famiglia non riconosciuta;4;2;DOMUSBET;FOOTBALL AMERICANO | USA - CAMPIONATO NFL | Pittsburgh Steelers - Cincinnati Bengals | U/O INFO1 TOUCHDOWN INCL. TS | OVER
U/O PUNTI SQUADRA;OVER;;;;NON_MAPPATO;famiglia non riconosciuta;4;4;BBET, SPORTBET;CALCIO | ITALIA - I DIVISIONE | Serie A 2026/27 | U/O PUNTI SQUADRA | OVER
U/O TIRI IN PORTA TEAM 1 (INCLUSO TS);Over;;;;NON_MAPPATO;famiglia non riconosciuta;4;3;WILLIAMHILL;CALCIO | EUROPA - UEFA NATIONS LEAGUE | Danimarca - Galles | U/O TIRI IN PORTA TEAM 1 (INCLUSO TS) | Over
VINCENTE;AL NASR;;;;NON_MAPPATO;famiglia non riconosciuta;4;4;STARCASINO;CALCIO | ARABIA S. - I DIVISIONE | Saudi Pro League 2025/26 | VINCENTE | AL NASR
VINCENTE;Antonelli, Andrea Kimi;;;;NON_MAPPATO;famiglia non riconosciuta;4;4;DOMUSBET;AUTOMOBILISMO | MONDO - CAMPIONATO FORMULA 1 | Corsa Azerbaijan Grand Prix 2026 | VINCENTE | Antonelli, Andrea Kimi
VINCENTE;Ascoli Calcio 1898 Fc;;;;NON_MAPPATO;famiglia non riconosciuta;4;4;DOMUSBET, MARATHON, WILLIAMHILL;CALCIO | ITALIA - II DIVISIONE | Serie B 2026 - 2027 | VINCENTE | Ascoli Calcio 1898 Fc
VINCENTE;Asd Sorrento 1945;;;;NON_MAPPATO;famiglia non riconosciuta;4;4;STANLEYBET, STARCASINO;CALCIO | ITALIA - III DIVISIONE | Serie C Girone C | VINCENTE | Asd Sorrento 1945
VINCENTE;Aston Martin;;;;NON_MAPPATO;famiglia non riconosciuta;4;4;ADMIRAL, WILLIAMHILL;AUTOMOBILISMO | MONDO - CAMPIONATO FORMULA 1 | Formula 1 Mondiale Costruttori 2026 | VINCENTE | Aston Martin
VINCENTE;Banfield;;;;NON_MAPPATO;famiglia non riconosciuta;4;4;ADMIRAL;CALCIO | ARGENTINA - COPPA | Copa Argentina 2026 | VINCENTE | Banfield
VINCENTE;Bassani A.;;;;NON_MAPPATO;famiglia non riconosciuta;4;4;ADMIRAL, BBET, STARCASINO;MOTOCICLISMO | MONDO - MONDIALE SUPERBIKE | Superbike - Vincente Mondiale 2026 | VINCENTE | Bassani A.
VINCENTE;Ben Healy;;;;NON_MAPPATO;famiglia non riconosciuta;4;4;360BET, BBET, STANLEYBET, WILLIAMHILL;CICLISMO | MONDIALI SU STRADA | Montreal 2026 - Corsa In Linea Maschile Elite | VINCENTE | Ben Healy
VINCENTE;Brasile;;;;NON_MAPPATO;famiglia non riconosciuta;4;4;DOMUSBET, STARCASINO, WILLIAMHILL;CALCIO | MONDO - MONDIALI | Mondiali 2030 | VINCENTE | Brasile
VINCENTE;Brondby;;;;NON_MAPPATO;famiglia non riconosciuta;4;4;ADMIRAL, DOMUSBET;CALCIO | DANIMARCA - I DIVISIONE | Superligaen 2026/27 | VINCENTE | Brondby
VINCENTE;Carlisle;;;;NON_MAPPATO;famiglia non riconosciuta;4;4;STARCASINO;CALCIO | INGHILTERRA - V DIVISIONE | National League 2026/2027 | VINCENTE | Carlisle
VINCENTE;Crystal Palace;;;;NON_MAPPATO;famiglia non riconosciuta;4;4;ADMIRAL, STANLEYBET, STARCASINO;CALCIO | EUROPA - CONFERENCE LEAGUE | Conference League 2025/26 | VINCENTE | Crystal Palace
VINCENTE;DEN HAAG;;;;NON_MAPPATO;famiglia non riconosciuta;4;4;STARCASINO;CALCIO | OLANDA - II DIVISIONE | Eerste Divisie 2025/2026 | VINCENTE | DEN HAAG
VINCENTE;Deportivo Garcilaso;;;;NON_MAPPATO;famiglia non riconosciuta;4;4;WILLIAMHILL;CALCIO | PERU - I DIVISIONE | Liga 1 2026 - Clausura | VINCENTE | Deportivo Garcilaso
VINCENTE;Dinamo Bucarest;;;;NON_MAPPATO;famiglia non riconosciuta;4;4;DOMUSBET, MARATHON, SPORTBET;CALCIO | ROMANIA - I DIVISIONE | Liga 1 2026/27 | VINCENTE | Dinamo Bucarest
VINCENTE;FC Emmen;;;;NON_MAPPATO;famiglia non riconosciuta;4;4;ADMIRAL, STARCASINO;CALCIO | OLANDA - II DIVISIONE | Eerste Divisie 2026/27 | VINCENTE | FC Emmen
VINCENTE;Falkenbergs FF;;;;NON_MAPPATO;famiglia non riconosciuta;4;4;DOMUSBET, STANLEYBET;CALCIO | SVEZIA - II DIVISIONE | Superettan 2026 | VINCENTE | Falkenbergs FF
VINCENTE;Fernandez R.;;;;NON_MAPPATO;famiglia non riconosciuta;4;4;ADMIRAL, SPORTBET, WILLIAMHILL;MOTOCICLISMO | MONDO - MOTOMONDIALE | Mondiale Motogp 2026 | VINCENTE | Fernandez R.
VINCENTE;Fluminense;;;;NON_MAPPATO;famiglia non riconosciuta;4;4;ADMIRAL;CALCIO | AMERICA - COPPA LIBERTADORES | Copa Libertadores 2026 | VINCENTE | Fluminense
VINCENTE;Frosinone;;;;NON_MAPPATO;famiglia non riconosciuta;4;4;ADMIRAL, STARCASINO, WILLIAMHILL;CALCIO | ITALIA - II DIVISIONE | Serie B 2025/26 | VINCENTE | Frosinone
VINCENTE;Gasly P.;;;;NON_MAPPATO;famiglia non riconosciuta;4;4;BBET, DOMUSBET, WILLIAMHILL;AUTOMOBILISMO | MONDO - CAMPIONATO FORMULA 1 | Formula 1 Mondiale Piloti 2026 | VINCENTE | Gasly P.
VINCENTE;Gimnasia LP;;;;NON_MAPPATO;famiglia non riconosciuta;4;4;ADMIRAL;CALCIO | ARGENTINA - COPPA | Copa Argentina 2026 | VINCENTE | Gimnasia LP
VINCENTE;Iva Jovic;;;;NON_MAPPATO;famiglia non riconosciuta;4;4;DOMUSBET;TENNIS | TORNEO DI GUADALAJARA | Wta Guadalajara 2026 | VINCENTE | Iva Jovic
VINCENTE;Jelena Ostapenko;;;;NON_MAPPATO;famiglia non riconosciuta;4;4;DOMUSBET;TENNIS | TORNEO DI SEOUL | Wta Seoul 2026 | VINCENTE | Jelena Ostapenko
VINCENTE;Julian Alvarez;;;;NON_MAPPATO;famiglia non riconosciuta;4;4;ADMIRAL, DOMUSBET, STARCASINO;CALCIO | PALLONE D'ORO FIFA | Pallone D oro 2026 | VINCENTE | Julian Alvarez
VINCENTE;KC Chiefs;;;;NON_MAPPATO;famiglia non riconosciuta;4;4;MARATHON, SPORTBET, STARCASINO, WILLIAMHILL;FOOTBALL AMERICANO | USA - CAMPIONATO NFL | NFL 2026/2027 | VINCENTE | KC Chiefs
VINCENTE;Kongsvinger;;;;NON_MAPPATO;famiglia non riconosciuta;4;4;STANLEYBET, STARCASINO;CALCIO | NORVEGIA - II DIVISIONE | Norvegia 2 -2026 | VINCENTE | Kongsvinger
VINCENTE;LV Aces;;;;NON_MAPPATO;famiglia non riconosciuta;4;4;ADMIRAL, DOMUSBET;BASKET | USA - WNBA | WNBA Commissioner Cup 2026 | VINCENTE | LV Aces
VINCENTE;Lens;;;;NON_MAPPATO;famiglia non riconosciuta;4;4;ADMIRAL, WILLIAMHILL;CALCIO | FRANCIA - COPPA | Coppa Di Francia 2026/27 | VINCENTE | Lens
VINCENTE;Lilla;;;;NON_MAPPATO;famiglia non riconosciuta;4;4;ADMIRAL, BBET, STANLEYBET;CALCIO | FRANCIA - COPPA | Coppa Di Francia 2026/27 | VINCENTE | Lilla
VINCENTE;Maiorca;;;;NON_MAPPATO;famiglia non riconosciuta;4;4;ADMIRAL, BBET, STARCASINO;CALCIO | SPAGNA - COPPA | Copa del Rey 2026/2027 | VINCENTE | Maiorca
VINCENTE;Malmo FF;;;;NON_MAPPATO;famiglia non riconosciuta;4;4;BBET, DOMUSBET, STANLEYBET;CALCIO | SVEZIA - I DIVISIONE | Allsvenskanliga 2026 | VINCENTE | Malmo FF
VINCENTE;Monza;;;;NON_MAPPATO;famiglia non riconosciuta;4;4;ADMIRAL, BBET, SPORTBET;CALCIO | ITALIA - II DIVISIONE | Serie B 2025/26 | VINCENTE | Monza
VINCENTE;NY Liberty;;;;NON_MAPPATO;famiglia non riconosciuta;4;4;ADMIRAL;BASKET | USA - WNBA | WNBA Commissioner Cup 2026 | VINCENTE | NY Liberty
VINCENTE;Napoli Basketball;;;;NON_MAPPATO;famiglia non riconosciuta;4;4;DOMUSBET, STARCASINO;BASKET | ITALIA - I DIVISIONE | Lba 2026/27 | VINCENTE | Napoli Basketball
VINCENTE;Nottingham Forest;;;;NON_MAPPATO;famiglia non riconosciuta;4;4;DOMUSBET, STARCASINO;CALCIO | INGHILTERRA - I DIVISIONE | Premier League 26/27 | VINCENTE | Nottingham Forest
VINCENTE;ORL Magic;;;;NON_MAPPATO;famiglia non riconosciuta;4;4;ADMIRAL, STARCASINO;BASKET | USA - NBA | NBA Cup 2026/27 | VINCENTE | ORL Magic
VINCENTE;Ocasio-Cortez A.;;;;NON_MAPPATO;famiglia non riconosciuta;4;4;BBET, STANLEYBET, STARCASINO;ELEZIONI POLITICHE | ELEZIONI PRESIDENZIALI USA | Vincente Presidenziali USA 2028 | VINCENTE | Ocasio-Cortez A.
VINCENTE;Olympiacos;;;;NON_MAPPATO;famiglia non riconosciuta;4;4;ADMIRAL, DOMUSBET;BASKET | GRECIA - I DIVISIONE | Grecia A1 - 2025/2026 | VINCENTE | Olympiacos
VINCENTE;Openjobmetis Varese;;;;NON_MAPPATO;famiglia non riconosciuta;4;4;DOMUSBET, SPORTBET;BASKET | ITALIA - I DIVISIONE | Lba 2026/27 | VINCENTE | Openjobmetis Varese
VINCENTE;Pau Cubarsi;;;;NON_MAPPATO;famiglia non riconosciuta;4;4;DOMUSBET, SPORTBET, WILLIAMHILL;CALCIO | PALLONE D'ORO FIFA | Pallone D oro 2026 | VINCENTE | Pau Cubarsi
VINCENTE;Pescara;;;;NON_MAPPATO;famiglia non riconosciuta;4;4;DOMUSBET, STANLEYBET, STARCASINO;CALCIO | ITALIA - III DIVISIONE | Italia - Serie C Girone B | VINCENTE | Pescara
VINCENTE;Port Vale;;;;NON_MAPPATO;famiglia non riconosciuta;4;4;BBET, STARCASINO, WILLIAMHILL;CALCIO | INGHILTERRA - IV DIVISIONE | League Two 2026/2027 | VINCENTE | Port Vale
VINCENTE;Potenza;;;;NON_MAPPATO;famiglia non riconosciuta;4;4;STARCASINO;CALCIO | ITALIA - III DIVISIONE | Serie C Girone C | VINCENTE | Potenza
VINCENTE;Racing Club;;;;NON_MAPPATO;famiglia non riconosciuta;4;3;ADMIRAL;CALCIO | ARGENTINA - COPPA | Copa Argentina 2026 | VINCENTE | Racing Club
VINCENTE;Rot-Weiss Essen;;;;NON_MAPPATO;famiglia non riconosciuta;4;4;STANLEYBET, STARCASINO;CALCIO | GERMANIA - III DIVISIONE | 3.Liga 2026/27 | VINCENTE | Rot-Weiss Essen
VINCENTE;Sinner J.;;;;NON_MAPPATO;famiglia non riconosciuta;4;4;BBET, DOMUSBET;TENNIS | TORNEO DI WIMBLEDON | Wimbledon Maschile - 2026 | VINCENTE | Sinner J.
VINCENTE;Svizzera;;;;NON_MAPPATO;famiglia non riconosciuta;4;4;ADMIRAL, DOMUSBET;CALCIO | MONDO - MONDIALI | Mondiale 2026 Gruppo B | VINCENTE | Svizzera
VINCENTE;Swindon;;;;NON_MAPPATO;famiglia non riconosciuta;4;4;STARCASINO;CALCIO | INGHILTERRA - IV DIVISIONE | League Two 2026/2027 | VINCENTE | Swindon
VINCENTE CLASSIFICA CAPOCANNONIERE;Randal Muani;;;;NON_MAPPATO;famiglia non riconosciuta;4;4;STARCASINO;CALCIO | ITALIA - I DIVISIONE | Serie A 2026/27 | VINCENTE CLASSIFICA CAPOCANNONIERE | Randal Muani
VINCENTE CLASSIFICA CAPOCANNONIERI INFO AGG;Erling Haaland;;;;NON_MAPPATO;famiglia non riconosciuta;4;4;MARATHON;CALCIO | INGHILTERRA - I DIVISIONE | Premier League 26/27 | VINCENTE CLASSIFICA CAPOCANNONIERI INFO AGG | Erling Haaland
VINCENTE CLASSIFICA CAPOCANNONIERI INFO AGG;Kylian Mbappe;;;;NON_MAPPATO;famiglia non riconosciuta;4;4;MARATHON, WILLIAMHILL;CALCIO | SPAGNA - I DIVISIONE | Liga 2026/2027 | VINCENTE CLASSIFICA CAPOCANNONIERI INFO AGG | Kylian Mbappe
VINCENTE INFO AGG;Lamine Yamal;;;;NON_MAPPATO;famiglia non riconosciuta;4;4;WILLIAMHILL;CALCIO | PALLONE D'ORO FIFA | Pallone D oro 2026 | VINCENTE INFO AGG | Lamine Yamal
VINCENTE INFO AGG;Manchester City;;;;NON_MAPPATO;famiglia non riconosciuta;4;4;WILLIAMHILL;CALCIO | INGHILTERRA - I DIVISIONE | Premier League 2026/27 - Prima Alla 5 giornata | VINCENTE INFO AGG | Manchester City
VINCENTE SENZA SQUADRA X;Lione;;;;NON_MAPPATO;famiglia non riconosciuta;4;4;STANLEYBET;CALCIO | FRANCIA - I DIVISIONE | Ligue 1 2026/27 Senza PSG | VINCENTE SENZA SQUADRA X | Lione
VINCENTE SENZA SQUADRA X I.A.5;Como;;;;NON_MAPPATO;famiglia non riconosciuta;4;4;MARATHON;CALCIO | ITALIA - I DIVISIONE | Serie A 2026/2027 Senza Inter | VINCENTE SENZA SQUADRA X I.A.5 | Como
VINCENTE SENZA SQUADRA X I.A.5;Marsiglia;;;;NON_MAPPATO;famiglia non riconosciuta;4;4;ADMIRAL, STARCASINO;CALCIO | FRANCIA - I DIVISIONE | Ligue 1 2026/27 Senza PSG | VINCENTE SENZA SQUADRA X I.A.5 | Marsiglia
VINCENTE SENZA SQUADRA X I.A.5;Monaco;;;;NON_MAPPATO;famiglia non riconosciuta;4;4;ADMIRAL, STARCASINO;CALCIO | FRANCIA - I DIVISIONE | Ligue 1 2026/27 Senza PSG | VINCENTE SENZA SQUADRA X I.A.5 | Monaco
X O GG;NO;;;;NON_MAPPATO;famiglia non riconosciuta;4;4;DOMUSBET, STANLEYBET;CALCIO | EUROPA - EUROPA LEAGUE | Omonia Nicosia - Celta Vigo | X O GG | NO
X O GG;SI;SI;;;NON_MAPPATO;famiglia non riconosciuta;4;3;DOMUSBET;CALCIO | EUROPA - CHAMPIONS LEAGUE | Fenerbahce - Roma | X O GG | SI
X2 + MULTIGOL;X2+ MULTIGOAL;;;;NON_MAPPATO;famiglia non riconosciuta;4;4;360BET;CALCIO | EUROPA - UEFA NATIONS LEAGUE | Gibilterra - Andorra | X2 + MULTIGOL | X2+ MULTIGOAL
12 + GG/NG TEMPO;12 + GG;;;;NON_MAPPATO;famiglia non riconosciuta;3;3;BBET;CALCIO | ITALIA - III DIVISIONE | Foggia - Sorrento | 12 + GG/NG TEMPO | 12 + GG
12 + U/O TEMPO;12 + OV;;;;NON_MAPPATO;famiglia non riconosciuta;3;1;SPORTBET;CALCIO | EUROPA - UEFA NATIONS LEAGUE | Norvegia - Portogallo | 12 + U/O TEMPO | 12 + OV
12+GG/NG INFO1°T;12 + NG;;;;NON_MAPPATO;famiglia non riconosciuta;3;2;DOMUSBET;CALCIO | FRANCIA - I DIVISIONE | Paris FC - Strasburgo | 12+GG/NG INFO1°T | 12 + NG
1X FT + GG/NG 1T;1X FT + NG 1T;;;;NON_MAPPATO;famiglia non riconosciuta;3;3;DOMUSBET;CALCIO | FRANCIA - I DIVISIONE | Angers - Troyes | 1X FT + GG/NG 1T | 1X FT + NG 1T
1X/X;SI;;;;NON_MAPPATO;famiglia non riconosciuta;3;3;DOMUSBET;CALCIO | ITALIA - I DIVISIONE | Monza - Sassuolo | 1X/X | SI
1°BREAK;Giocatore 1;;;;NON_MAPPATO;famiglia non riconosciuta;3;2;DOMUSBET;TENNIS | TORNEO DI SINGAPORE | Andreeva, Mirra - Sasnovich, Aliaksandra | 1°BREAK | Giocatore 1
1°BREAK;Giocatore 2;;;;NON_MAPPATO;famiglia non riconosciuta;3;1;DOMUSBET;TENNIS | TORNEO DI SINGAPORE | Prozorova, Tatiana - Eala, Alexandra | 1°BREAK | Giocatore 2
2 O OV;Si;Si;;;NON_MAPPATO;famiglia non riconosciuta;3;1;STARCASINO;CALCIO | EUROPA - UEFA NATIONS LEAGUE | Repubblica Ceca - Croazia | 2 O OV | Si
2 O OVER INFO1 O GG;Si;;;;NON_MAPPATO;famiglia non riconosciuta;3;3;STARCASINO;CALCIO | MONDO - MONDIALI U20 F. | Spagna - Repubblica Democratica di Corea | 2 O OVER INFO1 O GG | Si
2 O UN TEMPO;SI;;;;NON_MAPPATO;famiglia non riconosciuta;3;3;DOMUSBET;CALCIO | ITALIA - I DIVISIONE | Fiorentina - Napoli | 2 O UN TEMPO | SI
ACCOPPIATA FINALE;Argentina - Spagna;;;;NON_MAPPATO;famiglia non riconosciuta;3;3;ADMIRAL;CALCIO | MONDO - MONDIALI | Mondiali 2026 | ACCOPPIATA FINALE | Argentina - Spagna
ACCOPPIATA IN ORDINE FINALE INFO AGG;Como - Inter;;;;NON_MAPPATO;famiglia non riconosciuta;3;3;ADMIRAL;CALCIO | ITALIA - I DIVISIONE | Serie A 2026/27 | ACCOPPIATA IN ORDINE FINALE INFO AGG | Como - Inter
ACCOPPIATA IN ORDINE FINALE INFO AGG;Juventus - Napoli;;;;NON_MAPPATO;famiglia non riconosciuta;3;3;ADMIRAL;CALCIO | ITALIA - I DIVISIONE | Serie A 2026/27 | ACCOPPIATA IN ORDINE FINALE INFO AGG | Juventus - Napoli
ACCOPPIATA PRIMI DUE IN ORDINE;Antonelli K. - Russell G.;;;;NON_MAPPATO;famiglia non riconosciuta;3;3;DOMUSBET;AUTOMOBILISMO | MONDO - CAMPIONATO FORMULA 1 | GP Baku GARA | ACCOPPIATA PRIMI DUE IN ORDINE | Antonelli K. - Russell G.
ACCOPPIATA PRIMI DUE IN ORDINE;Russell G. - Antonelli K.;;;;NON_MAPPATO;famiglia non riconosciuta;3;3;DOMUSBET;AUTOMOBILISMO | MONDO - CAMPIONATO FORMULA 1 | GP Baku GARA | ACCOPPIATA PRIMI DUE IN ORDINE | Russell G. - Antonelli K.
CAPOCANNONIERE;Ayase Ueda (Feyenoord);;;;NON_MAPPATO;famiglia non riconosciuta;3;3;DOMUSBET, STANLEYBET;CALCIO | OLANDA - I DIVISIONE | Eredivisie 2026/27 | CAPOCANNONIERE | Ayase Ueda (Feyenoord)
CAPOCANNONIERE;Kylian Mbappe (Real Madrid);;;;NON_MAPPATO;famiglia non riconosciuta;3;3;DOMUSBET, SPORTBET;CALCIO | EUROPA - CHAMPIONS LEAGUE | UEFA Champions League 26/27 | CAPOCANNONIERE | Kylian Mbappe (Real Madrid)
CAPOCANNONIERE;Ousmane Dembele;;;;NON_MAPPATO;famiglia non riconosciuta;3;3;DOMUSBET, STANLEYBET;CALCIO | FRANCIA - I DIVISIONE | Ligue 1 2026/2027 | CAPOCANNONIERE | Ousmane Dembele
CAPOCANNONIERE;Raphinha;;;;NON_MAPPATO;famiglia non riconosciuta;3;3;DOMUSBET, STANLEYBET;CALCIO | SPAGNA - I DIVISIONE | Liga 2026/2027 | CAPOCANNONIERE | Raphinha
CAPOCANNONIERE SQUADRA;Marko Arnautovic;;;;NON_MAPPATO;famiglia non riconosciuta;3;3;ADMIRAL;CALCIO | MONDO - MONDIALI | AUSTRIA (Mondiale 2026) | CAPOCANNONIERE SQUADRA | Marko Arnautovic
CAPOCANNONIERE TORNEO;Esteban Lepaul;;;;NON_MAPPATO;famiglia non riconosciuta;3;3;WILLIAMHILL;CALCIO | FRANCIA - I DIVISIONE | Ligue 1 2026/2027 | CAPOCANNONIERE TORNEO | Esteban Lepaul
CAPOCANNONIERE TORNEO;Pedro Guilherme;;;;NON_MAPPATO;famiglia non riconosciuta;3;3;WILLIAMHILL;CALCIO | BRASILE - I DIVISIONE | Brasile A 2026 | CAPOCANNONIERE TORNEO | Pedro Guilherme
CHI SEGNA ULTIMO GOL;OSPITE;;;;NON_MAPPATO;famiglia non riconosciuta;3;2;DOMUSBET;CALCIO | EUROPA - EUROPA LEAGUE | SK Sturm Graz - Rennes | CHI SEGNA ULTIMO GOL | OSPITE
ESPULSIONE CASA;SI;;;;NON_MAPPATO;famiglia non riconosciuta;3;1;WILLIAMHILL;CALCIO | EUROPA - UEFA NATIONS LEAGUE | Serbia - Olanda | ESPULSIONE CASA | SI
ESPULSIONE OSPITE;SI;;;;NON_MAPPATO;famiglia non riconosciuta;3;1;WILLIAMHILL;CALCIO | EUROPA - UEFA NATIONS LEAGUE | Danimarca - Galles | ESPULSIONE OSPITE | SI
G2 VINCE ALMENO 1 SET;SI;SI;;;NON_MAPPATO;famiglia non riconosciuta;3;3;DOMUSBET;TENNIS | CHALLENGER DI POLONIA | Sachko, Vitaliy - Monteiro, Thiago | G2 VINCE ALMENO 1 SET | SI
GIOCATORE INFO1 MARCATORE+12;MARCATORE + 12;;;;NON_MAPPATO;famiglia non riconosciuta;3;3;DOMUSBET;CALCIO | EUROPA - EUROPA LEAGUE | Real Sociedad - Bournemouth | GIOCATORE INFO1 MARCATORE+12 | MARCATORE + 12
GIOCATORE X O IL SUO SOSTITUTO REALIZZA IN TOTALE ALMENO Y TIRI IN PORTA IN ENTRAMBI I TEMPI;SI;;;;NON_MAPPATO;famiglia non riconosciuta;3;3;SPORTBET;CALCIO | EUROPA - UEFA NATIONS LEAGUE | Norvegia - Portogallo | GIOCATORE X O IL SUO SOSTITUTO REALIZZA IN TOTALE ALMENO Y TIRI IN PORTA IN ENTRAMBI I TEMPI | SI
GIOCATORE X O SUO SOSTITUTO IN TOTALE SEGNANO ALMENO UN GOAL E REALIZZANO ALMENO UN ASSIST INCL.T.S.;SI;;;;NON_MAPPATO;famiglia non riconosciuta;3;2;BBET;CALCIO | EUROPA - UEFA NATIONS LEAGUE | Serbia - Olanda | GIOCATORE X O SUO SOSTITUTO IN TOTALE SEGNANO ALMENO UN GOAL E REALIZZANO ALMENO UN ASSIST INCL.T.S. | SI
HANDICAP CORNER;2;;;;NON_MAPPATO;famiglia non riconosciuta;3;3;360BET, BBET;CALCIO | EUROPA - UEFA NATIONS LEAGUE | Serbia - Olanda | HANDICAP CORNER | 2
HT/FT 12/X2;SI;;;;NON_MAPPATO;famiglia non riconosciuta;3;2;MARATHON, WILLIAMHILL;CALCIO | EUROPA - UEFA NATIONS LEAGUE | Norvegia - Portogallo | HT/FT 12/X2 | SI
INFO1 CARTELLINO XL;Si;;;;NON_MAPPATO;famiglia non riconosciuta;3;2;STARCASINO;CALCIO | EUROPA - UEFA NATIONS LEAGUE | Danimarca - Galles | INFO1 CARTELLINO XL | Si
INFO1 CARTELLINO XXL;Si;;;;NON_MAPPATO;famiglia non riconosciuta;3;1;STARCASINO;CALCIO | EUROPA - UEFA NATIONS LEAGUE | Danimarca - Galles | INFO1 CARTELLINO XXL | Si
INFO1 GIRO VELOCE E VINCE GP;Si;;;;NON_MAPPATO;famiglia non riconosciuta;3;3;DOMUSBET;AUTOMOBILISMO | MONDO - CAMPIONATO FORMULA 1 | GP Baku GARA | INFO1 GIRO VELOCE E VINCE GP | Si
INFO1 O SUO SOSTITUTO U/O INFO2 TIRI IN PORTA CON PALI/TRAVERSE;Over;;;;NON_MAPPATO;famiglia non riconosciuta;3;3;WILLIAMHILL;CALCIO | EUROPA - UEFA NATIONS LEAGUE | Danimarca - Galles | INFO1 O SUO SOSTITUTO U/O INFO2 TIRI IN PORTA CON PALI/TRAVERSE | Over
INFO1 QUASI MARCATORE;Si;;;;NON_MAPPATO;famiglia non riconosciuta;3;3;STARCASINO;CALCIO | EUROPA - UEFA NATIONS LEAGUE | Norvegia - Portogallo | INFO1 QUASI MARCATORE | Si
INFO1 TEMPO (1X + GG/NG);1X + GOAL;;;;NON_MAPPATO;famiglia non riconosciuta;3;1;MARATHON;CALCIO | SPAGNA - II DIVISIONE | Eibar - UD Las Palmas | INFO1 TEMPO (1X + GG/NG) | 1X + GOAL
MARCATORE + GG/NG;GOAL + MARCATORE SI;;;;NON_MAPPATO;famiglia non riconosciuta;3;2;STARCASINO;CALCIO | EUROPA - UEFA NATIONS LEAGUE | Germania - Grecia | MARCATORE + GG/NG | GOAL + MARCATORE SI
MARCATORE+MULTIESITO;GOL + 4-0/4-1/4-2/4-3;;;;NON_MAPPATO;famiglia non riconosciuta;3;3;BBET, SPORTBET;CALCIO | EUROPA - UEFA NATIONS LEAGUE | Norvegia - Portogallo | MARCATORE+MULTIESITO | GOL + 4-0/4-1/4-2/4-3
MARGINE VITTORIA (12 ESITI);A+26;;;;NON_MAPPATO;famiglia non riconosciuta;3;3;DOMUSBET;BASKET | GERMANIA - I DIVISIONE | Bayern Monaco - Bamberg Baskets | MARGINE VITTORIA (12 ESITI) | A+26
MARGINE VITTORIA (12 ESITI);B+26;;;;NON_MAPPATO;famiglia non riconosciuta;3;3;DOMUSBET;BASKET | GERMANIA - I DIVISIONE | Phoenix Hagen - Ulm Basketball | MARGINE VITTORIA (12 ESITI) | B+26
MARGINE VITTORIA (7 ESITI);6-10;;;;NON_MAPPATO;famiglia non riconosciuta;3;2;DOMUSBET;BASKET | SPAGNA - SUPERCOPPA | Valencia - Barcellona | MARGINE VITTORIA (7 ESITI) | 6-10
MARGINE VITTORIA 7 ESITI;Ospite di 2;;;;NON_MAPPATO;famiglia non riconosciuta;3;3;DOMUSBET;CALCIO | OLANDA - II DIVISIONE | Jong Ajax Amsterdam YOUTH - Roda | MARGINE VITTORIA 7 ESITI | Ospite di 2
MARGINE VITTORIA GARA;Più di 10sec;;;;NON_MAPPATO;famiglia non riconosciuta;3;3;DOMUSBET;AUTOMOBILISMO | MONDO - CAMPIONATO FORMULA 1 | GP Baku GARA | MARGINE VITTORIA GARA | Più di 10sec
METODO DEL GOAL;RIGORE;;;;NON_MAPPATO;famiglia non riconosciuta;3;1;MARATHON;CALCIO | EUROPA - UEFA NATIONS LEAGUE | Germania - Grecia | METODO DEL GOAL | RIGORE
MG CASA INFO1-INFO2  + MG OSPITE INFO3-INFO4;SI;SI;;;NON_MAPPATO;famiglia non riconosciuta;3;2;DOMUSBET;CALCIO | ITALIA - I DIVISIONE | Torino - Roma | MG CASA INFO1-INFO2 + MG OSPITE INFO3-INFO4 | SI
MIGLIOR ASSISTMAN;Michael Olise (Bayern Monaco);;;;NON_MAPPATO;famiglia non riconosciuta;3;3;DOMUSBET;CALCIO | EUROPA - CHAMPIONS LEAGUE | UEFA Champions League 26/27 | MIGLIOR ASSISTMAN | Michael Olise (Bayern Monaco)
MIGLIORE DEL GRUPPO;Georgia;;;;NON_MAPPATO;famiglia non riconosciuta;3;3;SPORTBET, STARCASINO;CALCIO | EUROPA - UEFA NATIONS LEAGUE | Europa Nations League 2026/2027 | MIGLIORE DEL GRUPPO | Georgia
MIGLIORE DEL GRUPPO;Man City;;;;NON_MAPPATO;famiglia non riconosciuta;3;3;DOMUSBET, STARCASINO, WILLIAMHILL;CALCIO | EUROPA - CHAMPIONS LEAGUE | UEFA Champions League 26/27 | MIGLIORE DEL GRUPPO | Man City
MIGLIORE DEL GRUPPO;Svezia;;;;NON_MAPPATO;famiglia non riconosciuta;3;3;MARATHON, STARCASINO;CALCIO | EUROPA - UEFA NATIONS LEAGUE | Europa Nations League 2026/2027 | MIGLIORE DEL GRUPPO | Svezia
MIGLIORE IN CAMPO;Caleta Car D.;;;;NON_MAPPATO;famiglia non riconosciuta;3;3;DOMUSBET;CALCIO | ITALIA - I DIVISIONE | Monza - Sassuolo | MIGLIORE IN CAMPO | Caleta Car D.
MIGLIORE IN CAMPO;Christian Pulisic;;;;NON_MAPPATO;famiglia non riconosciuta;3;3;DOMUSBET;CALCIO | ITALIA - I DIVISIONE | Milan - Lecce | MIGLIORE IN CAMPO | Christian Pulisic
MODALITA DELLA VITTORIA;SQ 1 NEI SUPPLEMENTARI;;;;NON_MAPPATO;famiglia non riconosciuta;3;3;ADMIRAL;CALCIO | EUROPA - CHAMPIONS LEAGUE | Paris Saint-Germain - Arsenal | MODALITA DELLA VITTORIA | SQ 1 NEI SUPPLEMENTARI
MULTIGOAL;Si;Si;;;NON_MAPPATO;famiglia non riconosciuta;3;1;STARCASINO;CALCIO | EUROPA - UEFA NATIONS LEAGUE | Macedonia del Nord - Svizzera | MULTIGOAL | Si
MULTIGOL INFO1-INFO2 2°T;SI;;;;NON_MAPPATO;famiglia non riconosciuta;3;3;ADMIRAL;CALCIO | ITALIA - I DIVISIONE | Genoa - Napoli | MULTIGOL INFO1-INFO2 2°T | SI
MULTIGOL OSPITE INFO1-INFO2;SI;SI;;;NON_MAPPATO;famiglia non riconosciuta;3;3;DOMUSBET;CALCIO | ITALIA - I DIVISIONE | Torino - Roma | MULTIGOL OSPITE INFO1-INFO2 | SI
NG O UN 2.5;NO;;;;NON_MAPPATO;famiglia non riconosciuta;3;2;DOMUSBET;CALCIO | USA - I DIVISIONE | New England Revolution - Orlando City | NG O UN 2.5 | NO
NUMERO CARTELLINI OSPITE TEMPO INFO1;1;;;;NON_MAPPATO;famiglia non riconosciuta;3;1;STANLEYBET;CALCIO | EUROPA - UEFA NATIONS LEAGUE | Austria - Kosovo | NUMERO CARTELLINI OSPITE TEMPO INFO1 | 1
OV INFO1 1°T + UN INFO2 2°T;SI;;;;NON_MAPPATO;famiglia non riconosciuta;3;3;DOMUSBET;CALCIO | EUROPA - EUROPA LEAGUE | Celtic - Ferencvaros | OV INFO1 1°T + UN INFO2 2°T | SI
PARZ/FIN+U/O INFO1 INFO2°T;2/2 + OVER;;;;NON_MAPPATO;famiglia non riconosciuta;3;3;DOMUSBET;CALCIO | ITALIA - I DIVISIONE | Venezia - Lazio | PARZ/FIN+U/O INFO1 INFO2°T | 2/2 + OVER
PARZ/FINALE + UNDER/OVER;1/1+OVER;;U/O Gol;;NON_MAPPATO;etichetta non riconosciuta per famiglia U/O Gol;3;2;BBET;CALCIO | EUROPA - UEFA NATIONS LEAGUE | Austria - Kosovo | PARZ/FINALE + UNDER/OVER | 1/1+OVER
PRIME DUE IN ORDINE;1 Arsenal, 2 Man City;;;;NON_MAPPATO;famiglia non riconosciuta;3;3;360BET, DOMUSBET;CALCIO | INGHILTERRA - I DIVISIONE | Premier League 26/27 | PRIME DUE IN ORDINE | 1 Arsenal, 2 Man City
PRIMO MARCATORE (INC.TS.);SI;;;;NON_MAPPATO;famiglia non riconosciuta;3;2;BBET, TOTOSI;CALCIO | EUROPA - UEFA NATIONS LEAGUE | Danimarca - Galles | PRIMO MARCATORE (INC.TS.) | SI
PROMOSSA SI/NO (LEGABILE);SI;;;;NON_MAPPATO;famiglia non riconosciuta;3;3;MARATHON, WILLIAMHILL;CALCIO | ITALIA - II DIVISIONE | Serie B 2026 - 2027 | PROMOSSA SI/NO (LEGABILE) | SI
RIGORE PARATO T.R;SI;;;;NON_MAPPATO;famiglia non riconosciuta;3;2;DOMUSBET;CALCIO | EUROPA - UEFA NATIONS LEAGUE | Slovenia - Scozia | RIGORE PARATO T.R | SI
RIGORE SQUADRA X;Si;;;;NON_MAPPATO;famiglia non riconosciuta;3;2;STARCASINO;CALCIO | EUROPA - UEFA NATIONS LEAGUE | Danimarca - Galles | RIGORE SQUADRA X | Si
RIS. ESATTO HT/FT;1-0 1-2;;;;NON_MAPPATO;famiglia non riconosciuta;3;3;DOMUSBET;CALCIO | EUROPA - EUROPA LEAGUE | Besiktas - Marsiglia | RIS. ESATTO HT/FT | 1-0 1-2
RIS. ESATTO HT/FT;3-0 ALTRO;;;;NON_MAPPATO;famiglia non riconosciuta;3;2;DOMUSBET;CALCIO | INGHILTERRA - COPPA | Manchester City - Norwich | RIS. ESATTO HT/FT | 3-0 ALTRO
RIS. ESATTO INFO1°SET;3-6 4-6;;;;NON_MAPPATO;famiglia non riconosciuta;3;3;DOMUSBET;TENNIS | LAVER CUP | Jodar, Rafael - Fritz, Taylor | RIS. ESATTO INFO1°SET | 3-6 4-6
RIS. ESATTO INFO1°SET;6-0 6-1 6-2;;;;NON_MAPPATO;famiglia non riconosciuta;3;3;DOMUSBET;TENNIS | LAVER CUP | Alcaraz, Carlos - de Minaur, Alex | RIS. ESATTO INFO1°SET | 6-0 6-1 6-2
RIS. ESATTO MULTI ESITI 5;1-1 / 2-1 / 1-2 / 2-2;;;;NON_MAPPATO;famiglia non riconosciuta;3;1;ADMIRAL;CALCIO | MONDO - MONDIALI | Argentina - Svizzera | RIS. ESATTO MULTI ESITI 5 | 1-1 / 2-1 / 1-2 / 2-2
RIS.ESATTO MULTIPLO 2;0-4 1-4;;;;NON_MAPPATO;famiglia non riconosciuta;3;3;DOMUSBET;CALCIO | ITALIA - I DIVISIONE | Roma - Inter | RIS.ESATTO MULTIPLO 2 | 0-4 1-4
RIS.ESATTO MULTIPLO 4;2-0 / 2-1 / 3-0 / 3-1;;;;NON_MAPPATO;famiglia non riconosciuta;3;1;360BET;CALCIO | EUROPA - UEFA NATIONS LEAGUE | Germania - Grecia | RIS.ESATTO MULTIPLO 4 | 2-0 / 2-1 / 3-0 / 3-1
RISULTATO ESATTO - INFO1°T;ALTRO;;Risultato Esatto;;NON_MAPPATO;etichetta non riconosciuta per famiglia Risultato Esatto;3;2;MARATHON;CALCIO | AMICHEVOLI SQUADRE NAZIONALI | Haiti - Tunisia | RISULTATO ESATTO - INFO1°T | ALTRO
RISULTATO ESATTO 5 GOL;1-5;;Risultato Esatto;;NON_MAPPATO;etichetta non riconosciuta per famiglia Risultato Esatto;3;3;DOMUSBET, STANLEYBET;CALCIO | ITALIA - I DIVISIONE | Roma - Inter | RISULTATO ESATTO 5 GOL | 1-5
RISULTATO ESATTO 5 GOL;3-5;;Risultato Esatto;;NON_MAPPATO;etichetta non riconosciuta per famiglia Risultato Esatto;3;3;DOMUSBET, SPORTBET;CALCIO | ITALIA - I DIVISIONE | Roma - Inter | RISULTATO ESATTO 5 GOL | 3-5
RISULTATO ESATTO 5 GOL;5-2;;Risultato Esatto;;NON_MAPPATO;etichetta non riconosciuta per famiglia Risultato Esatto;3;3;DOMUSBET;CALCIO | OLANDA - COPPA | ACV Assen - VV Hoogeveen | RISULTATO ESATTO 5 GOL | 5-2
SCUDERIA VINCENTE POLE;Ferrari;;;;NON_MAPPATO;famiglia non riconosciuta;3;3;DOMUSBET;AUTOMOBILISMO | MONDO - CAMPIONATO FORMULA 1 | GP Baku QUALIFICHE | SCUDERIA VINCENTE POLE | Ferrari
SEGNA + RIS.ESATTO;Segna & 1-3;;;;NON_MAPPATO;famiglia non riconosciuta;3;3;BBET;CALCIO | EUROPA - UEFA NATIONS LEAGUE | Norvegia - Portogallo | SEGNA + RIS.ESATTO | Segna & 1-3
SEGNA + RIS.ESATTO;Segna & 3-1;;;;NON_MAPPATO;famiglia non riconosciuta;3;3;BBET, SPORTBET;CALCIO | EUROPA - UEFA NATIONS LEAGUE | Germania - Grecia | SEGNA + RIS.ESATTO | Segna & 3-1
SEGNA+RIS. ESATTO;0-2 + GIOCATORE SEGNA;;;;NON_MAPPATO;famiglia non riconosciuta;3;3;WILLIAMHILL;CALCIO | EUROPA - UEFA NATIONS LEAGUE | Serbia - Olanda | SEGNA+RIS. ESATTO | 0-2 + GIOCATORE SEGNA
SEGNA+RIS. ESATTO;0-3 + GIOCATORE SEGNA;;;;NON_MAPPATO;famiglia non riconosciuta;3;3;MARATHON;CALCIO | EUROPA - UEFA NATIONS LEAGUE | Serbia - Olanda | SEGNA+RIS. ESATTO | 0-3 + GIOCATORE SEGNA
SEGNA+RIS. ESATTO;1-1 + GIOCATORE SEGNA;;;;NON_MAPPATO;famiglia non riconosciuta;3;3;MARATHON;CALCIO | EUROPA - UEFA NATIONS LEAGUE | Serbia - Olanda | SEGNA+RIS. ESATTO | 1-1 + GIOCATORE SEGNA
SEGNA+RIS. ESATTO;1-2 + GIOCATORE SEGNA;;;;NON_MAPPATO;famiglia non riconosciuta;3;3;MARATHON;CALCIO | EUROPA - UEFA NATIONS LEAGUE | Serbia - Olanda | SEGNA+RIS. ESATTO | 1-2 + GIOCATORE SEGNA
SEGNA+RIS. ESATTO;2-2 + GIOCATORE SEGNA;;;;NON_MAPPATO;famiglia non riconosciuta;3;3;MARATHON;CALCIO | EUROPA - UEFA NATIONS LEAGUE | Serbia - Olanda | SEGNA+RIS. ESATTO | 2-2 + GIOCATORE SEGNA
SEGNA+RIS. ESATTO;2-3 + GIOCATORE SEGNA;;;;NON_MAPPATO;famiglia non riconosciuta;3;3;MARATHON;CALCIO | EUROPA - UEFA NATIONS LEAGUE | Serbia - Olanda | SEGNA+RIS. ESATTO | 2-3 + GIOCATORE SEGNA
SEGNA+RIS. ESATTO;3-0 + GIOCATORE SEGNA;;;;NON_MAPPATO;famiglia non riconosciuta;3;3;MARATHON;CALCIO | EUROPA - UEFA NATIONS LEAGUE | Danimarca - Galles | SEGNA+RIS. ESATTO | 3-0 + GIOCATORE SEGNA
SOMMA GOAL - TEMPO;>2;;;;NON_MAPPATO;famiglia non riconosciuta;3;1;MARATHON;CALCIO | EUROPA - UEFA NATIONS LEAGUE | Danimarca - Galles | SOMMA GOAL - TEMPO | >2
SOMMA GOAL OSPITE;1;;;;NON_MAPPATO;famiglia non riconosciuta;3;1;WILLIAMHILL;CALCIO | ITALIA - I DIVISIONE | Cagliari Calcio - Juventus | SOMMA GOAL OSPITE | 1
SQUADRA 2 VINCE ESATTAMENTE UN SET SI/NO;SI;;;;NON_MAPPATO;famiglia non riconosciuta;3;3;DOMUSBET;VOLLEY | EUROPA - CAMP. EUROPEO | Belgio - Repubblica Ceca | SQUADRA 2 VINCE ESATTAMENTE UN SET SI/NO | SI
SQUADRA X SEGNA ENTRAMBI I TEMPI;NO;;;;NON_MAPPATO;famiglia non riconosciuta;3;3;360BET;CALCIO | EUROPA - UEFA NATIONS LEAGUE | Germania - Grecia | SQUADRA X SEGNA ENTRAMBI I TEMPI | NO
T/T HANDICAP NEL QUARTO;2;;;;NON_MAPPATO;famiglia non riconosciuta;3;3;WILLIAMHILL;BASKET | SPAGNA - I DIVISIONE | Valencia - Caprabo Lleida | T/T HANDICAP NEL QUARTO | 2
T/T HANDICAP TEMPO;1;;;;NON_MAPPATO;famiglia non riconosciuta;3;3;TOTOSI, WILLIAMHILL;BASKET | CROAZIA - I DIVISIONE | K.K. Kvarner 2010 - Kk Cedevita Zagreb Junior | T/T HANDICAP TEMPO | 1
T/T TEMPO X;2;;;;NON_MAPPATO;famiglia non riconosciuta;3;2;MARATHON, STARCASINO;BASKET | ITALIA - II DIVISIONE | Benedetto Xiv Cento - US Victoria Libertas | T/T TEMPO X | 2
TEMPI SUPPLEMENTARI;NO;;;;NON_MAPPATO;famiglia non riconosciuta;3;1;DOMUSBET;FOOTBALL AMERICANO | USA - CAMPIONATO NFL | Tampa Bay Buccaneers - Cleveland Browns | TEMPI SUPPLEMENTARI | NO
TIE BREAK NEL SET;SI;;;;NON_MAPPATO;famiglia non riconosciuta;3;3;DOMUSBET;TENNIS | TORNEO DI CHENGDU | Harris, Lloyd - Hurkacz, Hubert | TIE BREAK NEL SET | SI
TOTALE CORNER (3 ESITI);>11;;;;NON_MAPPATO;famiglia non riconosciuta;3;2;STARCASINO;CALCIO | EUROPA - UEFA NATIONS LEAGUE | Norvegia - Portogallo | TOTALE CORNER (3 ESITI) | >11
TOTALE CORNER (5 ESITI);DA 9 A 11;;;;NON_MAPPATO;famiglia non riconosciuta;3;1;WILLIAMHILL;CALCIO | EUROPA - UEFA NATIONS LEAGUE | Austria - Kosovo | TOTALE CORNER (5 ESITI) | DA 9 A 11
TOTALE CORNER CASA;0-2;;;;NON_MAPPATO;famiglia non riconosciuta;3;3;WILLIAMHILL;CALCIO | EUROPA - UEFA NATIONS LEAGUE | San Marino - Albania | TOTALE CORNER CASA | 0-2
TOTALE CORNER CASA;3-4;;;;NON_MAPPATO;famiglia non riconosciuta;3;3;DOMUSBET;CALCIO | SPAGNA - I DIVISIONE | Espanyol - Elche | TOTALE CORNER CASA | 3-4
TOTALE CORNER CASA TEMPO;4+;;;;NON_MAPPATO;famiglia non riconosciuta;3;2;BBET;CALCIO | EUROPA - UEFA NATIONS LEAGUE | Danimarca - Galles | TOTALE CORNER CASA TEMPO | 4+
U/O;Under;Under;;;NON_MAPPATO;famiglia non riconosciuta;3;2;STARCASINO;CALCIO | EUROPA - UEFA NATIONS LEAGUE | Isole Far Oer - Kazakistan | U/O | Under
U/O 180;UNDER;;;;NON_MAPPATO;famiglia non riconosciuta;3;3;DOMUSBET;FRECCETTE | MONDO - MODUS ICONS OF DARTS LEAGUE | Robertson, Scott - West, Steve | U/O 180 | UNDER
U/O CALCI D''ANGOLO TEAM 1 + U/O CALCI D''ANGOLO TEAM 2;OVER+OVER;;;;NON_MAPPATO;famiglia non riconosciuta;3;2;STARCASINO;CALCIO | EUROPA - UEFA NATIONS LEAGUE | Israele - Irlanda | U/O CALCI D''ANGOLO TEAM 1 + U/O CALCI D''ANGOLO TEAM 2 | OVER+OVER
U/O CART. CASA + U/O CART. OSPITE;U Casa+O Osp.;;;;NON_MAPPATO;famiglia non riconosciuta;3;2;WILLIAMHILL;CALCIO | EUROPA - UEFA NATIONS LEAGUE | Danimarca - Galles | U/O CART. CASA + U/O CART. OSPITE | U Casa+O Osp.
U/O FALLI COMMESSI INCL.TS;UNDER;;;;NON_MAPPATO;famiglia non riconosciuta;3;3;360BET, BBET;CALCIO | EUROPA - UEFA NATIONS LEAGUE | Norvegia - Portogallo | U/O FALLI COMMESSI INCL.TS | UNDER
U/O GOAL INFO1;Over;;;;NON_MAPPATO;famiglia non riconosciuta;3;3;STARCASINO, WILLIAMHILL;PALLAMANO | MONDO - IHF SUPER GLOBE | Fuchse Berlino - Veszprem | U/O GOAL INFO1 | Over
U/O INFO1;UNDER;UNDER;;;NON_MAPPATO;famiglia non riconosciuta;3;2;DOMUSBET;CALCIO | SPAGNA - I DIVISIONE | Villarreal - Real Betis | U/O INFO1 | UNDER
U/O INFO1 - INFO2° TEMPO;Over;Over;;;NON_MAPPATO;famiglia non riconosciuta;3;1;STARCASINO;CALCIO | EUROPA - UEFA NATIONS LEAGUE | Macedonia del Nord - Svizzera | U/O INFO1 - INFO2° TEMPO | Over
U/O INFO1 ACE;UNDER;;;;NON_MAPPATO;famiglia non riconosciuta;3;3;DOMUSBET;TENNIS | BILLIE JEAN KING CUP | Paolini, Jasmine - Svitolina, Elina | U/O INFO1 ACE | UNDER
U/O INFO1 FALLI COM. SQUADRA INFO2 INCL.T.S.;OVER;;;;NON_MAPPATO;famiglia non riconosciuta;3;3;ADMIRAL;CALCIO | MONDO - MONDIALI | Colombia - Ghana | U/O INFO1 FALLI COM. SQUADRA INFO2 INCL.T.S. | OVER
U/O INFO1 LEGNI;Over;;;;NON_MAPPATO;famiglia non riconosciuta;3;1;WILLIAMHILL;CALCIO | EUROPA - UEFA NATIONS LEAGUE | Danimarca - Galles | U/O INFO1 LEGNI | Over
U/O INFO1 PUNTI SQUADRA INFO2;OVER;;;;NON_MAPPATO;famiglia non riconosciuta;3;3;DOMUSBET;VOLLEY | EUROPA - CAMP. EUROPEO | Polonia - Germania | U/O INFO1 PUNTI SQUADRA INFO2 | OVER
U/O INFO1 PUNTI SQUADRA INFO2 TEMPO INFO3;OVER;;;;NON_MAPPATO;famiglia non riconosciuta;3;2;MARATHON, SPORTBET;BASKET | SVIZZERA - I DIVISIONE F. | Nyon Basket - Geneve Lplo | U/O INFO1 PUNTI SQUADRA INFO2 TEMPO INFO3 | OVER
U/O INFO1 QUARTO INFO2;Over;Over;;;NON_MAPPATO;famiglia non riconosciuta;3;1;STARCASINO;BASKET | ITALIA - II DIVISIONE | Fortitudo Bologna 103 - Pallacanestro Ruvo di Puglia | U/O INFO1 QUARTO INFO2 | Over
U/O INFO1 TIE BREAK;UNDER;;;;NON_MAPPATO;famiglia non riconosciuta;3;3;DOMUSBET;TENNIS | TORNEO DI HANGZHOU | Vukic, Aleksandar - Jacquet, Kyrian | U/O INFO1 TIE BREAK | UNDER
U/O INFO1 TIRI IN PORTA SQUADRA 2 INCL. T.S.;OVER;;;;NON_MAPPATO;famiglia non riconosciuta;3;3;ADMIRAL;CALCIO | MONDO - MONDIALI | Messico - Inghilterra | U/O INFO1 TIRI IN PORTA SQUADRA 2 INCL. T.S. | OVER
U/O INFO2 GOL GIOCATORE INFO1 NEL TORNEO;OVER;;;;NON_MAPPATO;famiglia non riconosciuta;3;3;DOMUSBET;CALCIO | ITALIA - I DIVISIONE | Serie A 2026/27 | U/O INFO2 GOL GIOCATORE INFO1 NEL TORNEO | OVER
U/O INFO2 PUNTI SQUADRA INFO1;UNDER;;;;NON_MAPPATO;famiglia non riconosciuta;3;2;DOMUSBET;CALCIO | ITALIA - I DIVISIONE | Serie A 2026/27 | U/O INFO2 PUNTI SQUADRA INFO1 | UNDER
U/O PALI/TRAVERSE INCL. T.S.;Over;;;;NON_MAPPATO;famiglia non riconosciuta;3;3;STARCASINO;CALCIO | EUROPA - UEFA NATIONS LEAGUE | Norvegia - Portogallo | U/O PALI/TRAVERSE INCL. T.S. | Over
U/O PUNTI CARTELLINI TEAM 1 + U/O PUNTI CARTELLINI TEAM 2;O Casa+O Osp.;;;;NON_MAPPATO;famiglia non riconosciuta;3;3;STARCASINO;CALCIO | EUROPA - UEFA NATIONS LEAGUE | Norvegia - Portogallo | U/O PUNTI CARTELLINI TEAM 1 + U/O PUNTI CARTELLINI TEAM 2 | O Casa+O Osp.
U/O PUNTI TEMPO X;UNDER;;;;NON_MAPPATO;famiglia non riconosciuta;3;3;360BET, TOTOSI;BASKET | ITALIA - I DIVISIONE | Maxima Roma - Napoli Basket | U/O PUNTI TEMPO X | UNDER
U/O PUNTI+RIMBALZI+ASSIST;OVER;;;;NON_MAPPATO;famiglia non riconosciuta;3;3;SPORTBET;BASKET | USA - WNBA | Las Vegas Aces - Indiana Fever | U/O PUNTI+RIMBALZI+ASSIST | OVER
U/O QUARTO;Under;;;;NON_MAPPATO;famiglia non riconosciuta;3;3;WILLIAMHILL;BASKET | GERMANIA - I DIVISIONE | Ulm Basketball - Wurzburg Baskets | U/O QUARTO | Under
U/O TEMPO ASIATICO;Under;;;;NON_MAPPATO;famiglia non riconosciuta;3;3;STARCASINO;CALCIO | AFRICA - QUAL. COPPA D'AFRICA | Repubblica Centrafricana - Burkina Faso | U/O TEMPO ASIATICO | Under
U/O TIRI TOTALI TEAM1 INCL.TS;UNDER;;;;NON_MAPPATO;famiglia non riconosciuta;3;2;MARATHON, STANLEYBET;CALCIO | EUROPA - UEFA NATIONS LEAGUE | Serbia - Olanda | U/O TIRI TOTALI TEAM1 INCL.TS | UNDER
U/O TIRI TOTALI TEAM1 INCL.TS;Under;;;;NON_MAPPATO;famiglia non riconosciuta;3;3;STARCASINO;CALCIO | EUROPA - UEFA NATIONS LEAGUE | Germania - Grecia | U/O TIRI TOTALI TEAM1 INCL.TS | Under
U/O X GOAL;OVER;;;;NON_MAPPATO;famiglia non riconosciuta;3;1;BBET;PALLAMANO | SVIZZERA - I DIVISIONE | Kriens-Lucerna - BSV Bern | U/O X GOAL | OVER
ULTIMA CLASSIFICATA;Manchester City FC;;;;NON_MAPPATO;famiglia non riconosciuta;3;3;DOMUSBET;CALCIO | INGHILTERRA - I DIVISIONE | Premier League 26/27 | ULTIMA CLASSIFICATA | Manchester City FC
ULTIMA CLASSIFICATA;Monza;;;;NON_MAPPATO;famiglia non riconosciuta;3;3;ADMIRAL, DOMUSBET;CALCIO | ITALIA - I DIVISIONE | Serie A 2026/27 | ULTIMA CLASSIFICATA | Monza
ULTIMA IN CLASSIFICA;Hull City;;;;NON_MAPPATO;famiglia non riconosciuta;3;3;STARCASINO, WILLIAMHILL;CALCIO | INGHILTERRA - I DIVISIONE | Premier League 26/27 | ULTIMA IN CLASSIFICA | Hull City
ULTIMA IN CLASSIFICA;Monza;;;;NON_MAPPATO;famiglia non riconosciuta;3;3;STARCASINO, WILLIAMHILL;CALCIO | ITALIA - I DIVISIONE | Serie A 2026/27 | ULTIMA IN CLASSIFICA | Monza
ULTIMA IN CLASSIFICA;Sassuolo;;;;NON_MAPPATO;famiglia non riconosciuta;3;3;STANLEYBET, WILLIAMHILL;CALCIO | ITALIA - I DIVISIONE | Serie A 2026/27 | ULTIMA IN CLASSIFICA | Sassuolo
ULTIMA IN CLASSIFICA INFO AGG;Coventry;;;;NON_MAPPATO;famiglia non riconosciuta;3;3;MARATHON;CALCIO | INGHILTERRA - I DIVISIONE | Premier League 26/27 | ULTIMA IN CLASSIFICA INFO AGG | Coventry
ULTIMA IN CLASSIFICA INFO AGG;Lecce;;;;NON_MAPPATO;famiglia non riconosciuta;3;3;MARATHON;CALCIO | ITALIA - I DIVISIONE | Serie A 2026/27 | ULTIMA IN CLASSIFICA INFO AGG | Lecce
UNDER INFO1 CASA + OVER INFO2 OSPITE;Si;;;;NON_MAPPATO;famiglia non riconosciuta;3;3;STARCASINO;CALCIO | EUROPA - UEFA NATIONS LEAGUE | Serbia - Olanda | UNDER INFO1 CASA + OVER INFO2 OSPITE | Si
UNDER/OVER INFO1;OVER;;;;NON_MAPPATO;famiglia non riconosciuta;3;3;TOTOSI;PALLAMANO | SLOVENIA - I DIVISIONE | Celje - Gorenje Velenje | UNDER/OVER INFO1 | OVER
UNDER/OVER INFO1  SQUADRA INFO2;OVER;;;;NON_MAPPATO;famiglia non riconosciuta;3;2;TOTOSI;HOCKEY GHIACCIO | CANADA - OHL U20 | Ottawa 67s - Sarnia Sting | UNDER/OVER INFO1 SQUADRA INFO2 | OVER
VINCENTE;2;;;;NON_MAPPATO;famiglia non riconosciuta;3;3;ADMIRAL;CALCIO | ITALIA - COPPA | Lazio - Inter | VINCENTE | 2
VINCENTE;Alemannia Aachen;;;;NON_MAPPATO;famiglia non riconosciuta;3;3;STARCASINO;CALCIO | GERMANIA - III DIVISIONE | 3.Liga 2026/27 | VINCENTE | Alemannia Aachen
VINCENTE;Anderlecht;;;;NON_MAPPATO;famiglia non riconosciuta;3;3;ADMIRAL;CALCIO | BELGIO - I DIVISIONE | Belgio Jupiler Pro League 2026/27 | VINCENTE | Anderlecht
VINCENTE;Argentinos Jrs;;;;NON_MAPPATO;famiglia non riconosciuta;3;3;ADMIRAL, SPORTBET;CALCIO | ARGENTINA - I DIVISIONE | Liga Profesional 2026 - Clausura | VINCENTE | Argentinos Jrs
VINCENTE;Auckland Fc;;;;NON_MAPPATO;famiglia non riconosciuta;3;3;DOMUSBET, STARCASINO;CALCIO | AUSTRALIA - I DIVISIONE | A-league 2027 | VINCENTE | Auckland Fc
VINCENTE;Audace Cerignola;;;;NON_MAPPATO;famiglia non riconosciuta;3;3;STANLEYBET, STARCASINO;CALCIO | ITALIA - III DIVISIONE | Serie C Girone C | VINCENTE | Audace Cerignola
VINCENTE;Avellino;;;;NON_MAPPATO;famiglia non riconosciuta;3;3;DOMUSBET, MARATHON, STARCASINO;CALCIO | ITALIA - II DIVISIONE | Serie B 2026 - 2027 | VINCENTE | Avellino
VINCENTE;Ben Shelton;;;;NON_MAPPATO;famiglia non riconosciuta;3;3;ADMIRAL, DOMUSBET, SPORTBET;TENNIS | AUSTRALIAN OPEN | Australian Open Maschile 2027 | VINCENTE | Ben Shelton
VINCENTE;Benoit Cosnefroy;;;;NON_MAPPATO;famiglia non riconosciuta;3;3;DOMUSBET;CICLISMO | UCI EUROPE TOUR | Gp De Wallonie 2026 | VINCENTE | Benoit Cosnefroy
VINCENTE;Boreham Wood;;;;NON_MAPPATO;famiglia non riconosciuta;3;3;DOMUSBET;CALCIO | INGHILTERRA - V DIVISIONE | National League 2026/2027 | VINCENTE | Boreham Wood
VINCENTE;Bottas V.;;;;NON_MAPPATO;famiglia non riconosciuta;3;3;SPORTBET, WILLIAMHILL;AUTOMOBILISMO | MONDO - CAMPIONATO FORMULA 1 | Formula 1 Mondiale Piloti 2026 | VINCENTE | Bottas V.
VINCENTE;C.Leclerc - Ferrari;;;;NON_MAPPATO;famiglia non riconosciuta;3;3;STANLEYBET;automobilismo | MONDO - CAMPIONATO FORMULA 1 | ACCOPPIATA MONDIALI PILOTI E COSTRUTTORI 2026 | VINCENTE | C.Leclerc - Ferrari
VINCENTE;CAR Hurricanes;;;;NON_MAPPATO;famiglia non riconosciuta;3;3;DOMUSBET, MARATHON, WILLIAMHILL;HOCKEY GHIACCIO | AMERICA - NHL | NHL Metropolitan Division 2026/27 | VINCENTE | CAR Hurricanes
VINCENTE;Cadillac;;;;NON_MAPPATO;famiglia non riconosciuta;3;3;BBET, STARCASINO;AUTOMOBILISMO | MONDO - CAMPIONATO FORMULA 1 | Formula 1 Mondiale Costruttori 2026 | VINCENTE | Cadillac
VINCENTE;Catanzaro;;;;NON_MAPPATO;famiglia non riconosciuta;3;3;BBET, SPORTBET;CALCIO | ITALIA - II DIVISIONE | Serie B 2026 - 2027 | VINCENTE | Catanzaro
VINCENTE;Clyde;;;;NON_MAPPATO;famiglia non riconosciuta;3;3;SPORTBET;CALCIO | SCOZIA - IV DIVISIONE | League Two 2026/27 | VINCENTE | Clyde
VINCENTE;Coco Gauff;;;;NON_MAPPATO;famiglia non riconosciuta;3;3;SPORTBET, STARCASINO, WILLIAMHILL;TENNIS | US OPEN | Us Open Femminile 2026 | VINCENTE | Coco Gauff
VINCENTE;DETROIT TIGERS;;;;NON_MAPPATO;famiglia non riconosciuta;3;3;DOMUSBET, STARCASINO;BASEBALL | AMERICA - MAJOR LEAGUE | MLB 2026 - American League Central | VINCENTE | DETROIT TIGERS
VINCENTE;Djurgarden;;;;NON_MAPPATO;famiglia non riconosciuta;3;3;ADMIRAL, STARCASINO;CALCIO | SVEZIA - I DIVISIONE | Allsvenskanliga 2026 | VINCENTE | Djurgarden
VINCENTE;Eintracht Francoforte;;;;NON_MAPPATO;famiglia non riconosciuta;3;3;STANLEYBET, STARCASINO;CALCIO | GERMANIA - COPPA DFB POKAL | DFB Cup 2026/27 | VINCENTE | Eintracht Francoforte
VINCENTE;Everton;;;;NON_MAPPATO;famiglia non riconosciuta;3;3;STARCASINO, WILLIAMHILL;CALCIO | INGHILTERRA - I DIVISIONE | Premier League 26/27 | VINCENTE | Everton
VINCENTE;FC Viktoria Koln;;;;NON_MAPPATO;famiglia non riconosciuta;3;3;STANLEYBET, STARCASINO;CALCIO | GERMANIA - III DIVISIONE | 3.Liga 2026/27 | VINCENTE | FC Viktoria Koln
VINCENTE;Fortuna Dusseldorf;;;;NON_MAPPATO;famiglia non riconosciuta;3;3;STARCASINO;CALCIO | GERMANIA - III DIVISIONE | 3.Liga 2026/27 | VINCENTE | Fortuna Dusseldorf
VINCENTE;Friburgo;;;;NON_MAPPATO;famiglia non riconosciuta;3;3;STANLEYBET, STARCASINO, WILLIAMHILL;CALCIO | EUROPA - CONFERENCE LEAGUE | Conference League 2026/27 | VINCENTE | Friburgo
VINCENTE;GB Packers;;;;NON_MAPPATO;famiglia non riconosciuta;3;3;SPORTBET, WILLIAMHILL;FOOTBALL AMERICANO | USA - CAMPIONATO NFL | NFC North 2026/27 | VINCENTE | GB Packers
VINCENTE;Genoa;;;;NON_MAPPATO;famiglia non riconosciuta;3;3;MARATHON, STANLEYBET, WILLIAMHILL;CALCIO | ITALIA - COPPA | Coppa Italia 2026/2027 | VINCENTE | Genoa
VINCENTE;Gent;;;;NON_MAPPATO;famiglia non riconosciuta;3;3;STARCASINO;CALCIO | BELGIO - I DIVISIONE | Belgio Jupiler Pro League 2026/27 | VINCENTE | Gent
VINCENTE;Gornik Zabrze;;;;NON_MAPPATO;famiglia non riconosciuta;3;3;ADMIRAL, STANLEYBET;CALCIO | POLONIA - I DIVISIONE | Ekstraklasa 2026/27 | VINCENTE | Gornik Zabrze
VINCENTE;Hannes Steinbach;;;;NON_MAPPATO;famiglia non riconosciuta;3;3;DOMUSBET;BASKET | USA - NBA | NBA 2026/27 Rookie dell Anno Regular Season | VINCENTE | Hannes Steinbach
VINCENTE;Hearts;;;;NON_MAPPATO;famiglia non riconosciuta;3;3;STARCASINO;CALCIO | SCOZIA - I DIVISIONE | Premiership 2026/27 | VINCENTE | Hearts
VINCENTE;Heidenheim;;;;NON_MAPPATO;famiglia non riconosciuta;3;3;ADMIRAL;CALCIO | GERMANIA - II DIVISIONE | Bundesliga II 2026/27 | VINCENTE | Heidenheim
VINCENTE;IND Colts;;;;NON_MAPPATO;famiglia non riconosciuta;3;3;BBET, STARCASINO;FOOTBALL AMERICANO | USA - CAMPIONATO NFL | Afc South 2026/27 | VINCENTE | IND Colts
VINCENTE;IND Fever;;;;NON_MAPPATO;famiglia non riconosciuta;3;3;ADMIRAL, DOMUSBET;BASKET | USA - WNBA | WNBA 2026 | VINCENTE | IND Fever
VINCENTE;JAX Jaguars;;;;NON_MAPPATO;famiglia non riconosciuta;3;3;ADMIRAL, SPORTBET, STARCASINO;FOOTBALL AMERICANO | USA - CAMPIONATO NFL | Afc South 2026/27 | VINCENTE | JAX Jaguars
VINCENTE;Jahn Regensburg;;;;NON_MAPPATO;famiglia non riconosciuta;3;3;STARCASINO;CALCIO | GERMANIA - III DIVISIONE | 3.Liga 2026/27 | VINCENTE | Jahn Regensburg
VINCENTE;Joao Fonseca;;;;NON_MAPPATO;famiglia non riconosciuta;3;3;BBET, DOMUSBET;TENNIS | AUSTRALIAN OPEN | Australian Open Maschile 27 | VINCENTE | Joao Fonseca
VINCENTE;Juan Ayuso;;;;NON_MAPPATO;famiglia non riconosciuta;3;3;STANLEYBET;ciclismo | MONDIALI SU STRADA | Montreal 2026 - Corsa In Linea Maschile Elite | VINCENTE | Juan Ayuso
VINCENTE;Lewis Askey;;;;NON_MAPPATO;famiglia non riconosciuta;3;3;DOMUSBET;CICLISMO | UCI EUROPE TOUR | Gp De Wallonie 2026 | VINCENTE | Lewis Askey
VINCENTE;Marina La Rosa;;;;NON_MAPPATO;famiglia non riconosciuta;3;3;MARATHON, STARCASINO, WILLIAMHILL;MANIFESTAZIONI DI SPETTACOLO | GRANDE FRATELLO VIP ITALIA | Grande Fratello Vip 2026 | VINCENTE | Marina La Rosa
VINCENTE;Milano HC;;;;NON_MAPPATO;famiglia non riconosciuta;3;3;SPORTBET, STARCASINO;HOCKEY GHIACCIO | AUSTRIA - I DIVISIONE | ICE Hockey League 2026/2027 | VINCENTE | Milano HC
VINCENTE;Modena;;;;NON_MAPPATO;famiglia non riconosciuta;3;3;ADMIRAL, DOMUSBET, SPORTBET;CALCIO | ITALIA - II DIVISIONE | Serie B 2026 - 2027 | VINCENTE | Modena
VINCENTE;Montpellier;;;;NON_MAPPATO;famiglia non riconosciuta;3;3;ADMIRAL, DOMUSBET, WILLIAMHILL;PALLAMANO | FRANCIA - I DIVISIONE | Starligue 2026/27 | VINCENTE | Montpellier
VINCENTE;NY YANKEES;;;;NON_MAPPATO;famiglia non riconosciuta;3;3;ADMIRAL, DOMUSBET;BASEBALL | AMERICA - MAJOR LEAGUE | MLB 2026 - American League East | VINCENTE | NY YANKEES
VINCENTE;Nantes;;;;NON_MAPPATO;famiglia non riconosciuta;3;3;ADMIRAL, STARCASINO, WILLIAMHILL;PALLAMANO | FRANCIA - I DIVISIONE | Starligue 2026/27 | VINCENTE | Nantes
VINCENTE;Naomi Osaka;;;;NON_MAPPATO;famiglia non riconosciuta;3;3;SPORTBET;TENNIS | AUSTRALIAN OPEN | Australian Open Femminile 2027 | VINCENTE | Naomi Osaka
VINCENTE;Newcastle Jets;;;;NON_MAPPATO;famiglia non riconosciuta;3;3;DOMUSBET;CALCIO | AUSTRALIA - I DIVISIONE | A-league 2027 | VINCENTE | Newcastle Jets
VINCENTE;Nizza;;;;NON_MAPPATO;famiglia non riconosciuta;3;3;ADMIRAL, STARCASINO;CALCIO | FRANCIA - COPPA | Coppa Di Francia 2026/27 | VINCENTE | Nizza
VINCENTE;Paesi Bassi;;;;NON_MAPPATO;famiglia non riconosciuta;3;3;ADMIRAL;CALCIO | MONDO - MONDIALI | Mondiale 2026 Gruppo F | VINCENTE | Paesi Bassi
VINCENTE;Paris FC;;;;NON_MAPPATO;famiglia non riconosciuta;3;3;ADMIRAL, STARCASINO;CALCIO | FRANCIA - COPPA | Coppa Di Francia 2026/27 | VINCENTE | Paris FC
VINCENTE;Paul Magnier;;;;NON_MAPPATO;famiglia non riconosciuta;3;3;DOMUSBET;CICLISMO | UCI PROSERIES | Giro Di Croazia Tappa 2 | VINCENTE | Paul Magnier
VINCENTE;Perez S.;;;;NON_MAPPATO;famiglia non riconosciuta;3;3;360BET, WILLIAMHILL;AUTOMOBILISMO | MONDO - CAMPIONATO FORMULA 1 | Formula 1 Mondiale Piloti 2026 | VINCENTE | Perez S.
VINCENTE;Perrone V.;;;;NON_MAPPATO;famiglia non riconosciuta;3;3;ADMIRAL;MOTOCICLISMO | MONDO - MOTOMONDIALE | Mondiale Moto3 2026 | VINCENTE | Perrone V.
VINCENTE;Quinn Simmons;;;;NON_MAPPATO;famiglia non riconosciuta;3;3;MARATHON, SPORTBET, STANLEYBET;CICLISMO | MONDIALI SU STRADA | Montreal 2026 - Corsa In Linea Maschile Elite | VINCENTE | Quinn Simmons
VINCENTE;Rapid Vienna;;;;NON_MAPPATO;famiglia non riconosciuta;3;3;ADMIRAL;CALCIO | AUSTRIA - I DIVISIONE | Bundesliga (AUT) 2026/27 | VINCENTE | Rapid Vienna
VINCENTE;Rosario Central;;;;NON_MAPPATO;famiglia non riconosciuta;3;3;ADMIRAL, SPORTBET;CALCIO | ARGENTINA - I DIVISIONE | Liga Profesional 2026 - Clausura | VINCENTE | Rosario Central
VINCENTE;SEA Seahawks;;;;NON_MAPPATO;famiglia non riconosciuta;3;3;ADMIRAL, STARCASINO, WILLIAMHILL;FOOTBALL AMERICANO | USA - CAMPIONATO NFL | NFC West 2026/27 | VINCENTE | SEA Seahawks
VINCENTE;SF 49ers;;;;NON_MAPPATO;famiglia non riconosciuta;3;3;BBET, SPORTBET, WILLIAMHILL;FOOTBALL AMERICANO | USA - CAMPIONATO NFL | NFL 2026/2027 | VINCENTE | SF 49ers
VINCENTE;Sheff Wed;;;;NON_MAPPATO;famiglia non riconosciuta;3;3;BBET, STARCASINO;CALCIO | INGHILTERRA - III DIVISIONE | League One 2026/2027 | VINCENTE | Sheff Wed
VINCENTE;Siviglia;;;;NON_MAPPATO;famiglia non riconosciuta;3;3;ADMIRAL;CALCIO | SPAGNA - COPPA | Copa del Rey 2026/2027 | VINCENTE | Siviglia
VINCENTE;St Patrick Athletic;;;;NON_MAPPATO;famiglia non riconosciuta;3;3;DOMUSBET, STARCASINO;CALCIO | IRLANDA - I DIVISIONE | Premier Division 2026 | VINCENTE | St Patrick Athletic
VINCENTE;Stenhousemuir;;;;NON_MAPPATO;famiglia non riconosciuta;3;3;SPORTBET, STANLEYBET;CALCIO | SCOZIA - II DIVISIONE | Championship 2026/27 | VINCENTE | Stenhousemuir
VINCENTE;Strasburgo;;;;NON_MAPPATO;famiglia non riconosciuta;3;3;ADMIRAL, STANLEYBET;CALCIO | FRANCIA - COPPA | Coppa Di Francia 2026/27 | VINCENTE | Strasburgo
VINCENTE;TOR Raptors;;;;NON_MAPPATO;famiglia non riconosciuta;3;3;ADMIRAL;BASKET | USA - NBA | NBA Cup 2026/27 | VINCENTE | TOR Raptors
VINCENTE;Tigre;;;;NON_MAPPATO;famiglia non riconosciuta;3;2;ADMIRAL;CALCIO | ARGENTINA - I DIVISIONE | Liga Profesional 2026 - Clausura | VINCENTE | Tigre
VINCENTE;Tromso;;;;NON_MAPPATO;famiglia non riconosciuta;3;3;ADMIRAL;CALCIO | NORVEGIA - I DIVISIONE | Eliteserien 2026 | VINCENTE | Tromso
VINCENTE;VALVERDE F;;;;NON_MAPPATO;famiglia non riconosciuta;3;3;DOMUSBET, SPORTBET, STARCASINO;CALCIO | PALLONE D'ORO FIFA | Pallone D oro 2026 | VINCENTE | VALVERDE F
VINCENTE;Valencia;;;;NON_MAPPATO;famiglia non riconosciuta;3;3;ADMIRAL, STARCASINO;CALCIO | SPAGNA - COPPA | Copa del Rey 2026/2027 | VINCENTE | Valencia
VINCENTE;Vicenza;;;;NON_MAPPATO;famiglia non riconosciuta;3;3;DOMUSBET, MARATHON, WILLIAMHILL;CALCIO | ITALIA - II DIVISIONE | Serie B 2026 - 2027 | VINCENTE | Vicenza
VINCENTE;Victor Wembanyama;;;;NON_MAPPATO;famiglia non riconosciuta;3;3;BBET, DOMUSBET, STARCASINO;BASKET | USA - NBA | NBA 2026/27 MVP Regular Season | VINCENTE | Victor Wembanyama
VINCENTE;Vila Nova;;;;NON_MAPPATO;famiglia non riconosciuta;3;3;STARCASINO;CALCIO | BRASILE - II DIVISIONE | Serie B 2026 | VINCENTE | Vila Nova
VINCENTE;WAS Wizards;;;;NON_MAPPATO;famiglia non riconosciuta;3;3;DOMUSBET;BASKET | USA - NBA | NBA - Eastern Conference 2026/27 | VINCENTE | WAS Wizards
VINCENTE;York;;;;NON_MAPPATO;famiglia non riconosciuta;3;3;STARCASINO, WILLIAMHILL;CALCIO | INGHILTERRA - IV DIVISIONE | League Two | VINCENTE | York
VINCENTE CLASSIFICA CAPOCANNONIERI INFO AGG;Donyell Malen;;;;NON_MAPPATO;famiglia non riconosciuta;3;3;MARATHON;CALCIO | ITALIA - I DIVISIONE | Serie A 2026/27 | VINCENTE CLASSIFICA CAPOCANNONIERI INFO AGG | Donyell Malen
VINCENTE INFO AGG;Arsenal;;;;NON_MAPPATO;famiglia non riconosciuta;3;3;WILLIAMHILL;CALCIO | INGHILTERRA - I DIVISIONE | Premier League 2026/27 - Prima Alla 10 giornata | VINCENTE INFO AGG | Arsenal
VINCENTE INFO AGG;Club Bruges;;;;NON_MAPPATO;famiglia non riconosciuta;3;3;WILLIAMHILL;CALCIO | BELGIO - I DIVISIONE | Belgio Jupiler Pro League 2026/27 | VINCENTE INFO AGG | Club Bruges
VINCENTE INFO AGG;SPAGNA;;;;NON_MAPPATO;famiglia non riconosciuta;3;3;WILLIAMHILL;CALCIO | MONDO - MONDIALI | Mondiali 2026 | VINCENTE INFO AGG | SPAGNA
VINCENTE INFO AGG;Slavia Praga;;;;NON_MAPPATO;famiglia non riconosciuta;3;3;WILLIAMHILL;CALCIO | REP. CECA- I DIVISIONE | 1 Liga 2026/27 | VINCENTE INFO AGG | Slavia Praga
VINCENTE INFO AGG  I.A. 5;Iga Swiatek;;;;NON_MAPPATO;famiglia non riconosciuta;3;3;STARCASINO;TENNIS | AUSTRALIAN OPEN | Australian Open Femminile 27 | VINCENTE INFO AGG I.A. 5 | Iga Swiatek
VINCENTE PROVE LIBERE;Leclerc C.;;;;NON_MAPPATO;famiglia non riconosciuta;3;3;DOMUSBET;AUTOMOBILISMO | MONDO - CAMPIONATO FORMULA 1 | GP Baku PROVE LIBERE 1 | VINCENTE PROVE LIBERE | Leclerc C.
VINCENTE SENZA INFO1;Leclerc C.;;;;NON_MAPPATO;famiglia non riconosciuta;3;3;DOMUSBET;AUTOMOBILISMO | MONDO - CAMPIONATO FORMULA 1 | GP Baku GARA | VINCENTE SENZA INFO1 | Leclerc C.
VINCENTE SENZA SQUADRA X I.A.5;Juventus;;;;NON_MAPPATO;famiglia non riconosciuta;3;3;ADMIRAL, STARCASINO;CALCIO | ITALIA - I DIVISIONE | Serie A 2026/2027 Senza Inter | VINCENTE SENZA SQUADRA X I.A.5 | Juventus
VINCENTE+CAPOCANNONIERE;Inter + Malen D. (Serie A 2026/2027);;;;NON_MAPPATO;famiglia non riconosciuta;3;3;DOMUSBET, STARCASINO;CALCIO | ITALIA - I DIVISIONE | Serie A 2026/27 | VINCENTE+CAPOCANNONIERE | Inter + Malen D. (Serie A 2026/2027)
X O UN;Si;;;;NON_MAPPATO;famiglia non riconosciuta;3;3;STARCASINO;CALCIO | EUROPA - UEFA NATIONS LEAGUE | Lituania - Azerbaigian | X O UN | Si
X2 FT + GG/NG 2T;X2 FT + GG 2T;;;;NON_MAPPATO;famiglia non riconosciuta;3;1;DOMUSBET;CALCIO | EUROPA - EUROPA LEAGUE | FC Ararat-Armenia - Sparta Praga | X2 FT + GG/NG 2T | X2 FT + GG 2T
X2+U/O INFO1;X2 + UN;X2 + UN;;;NON_MAPPATO;famiglia non riconosciuta;3;3;DOMUSBET;CALCIO | ITALIA - I DIVISIONE | Torino - Roma | X2+U/O INFO1 | X2 + UN
12 + U/O INFO1;12 + OVER;12 + OVER;U/O Gol;Over 12.5;NON_MAPPATO;coppia famiglia/esito non presente nel catalogo: U/O Gol / Over 12.5;2;1;STARCASINO;CALCIO | EUROPA - UEFA NATIONS LEAGUE | Inghilterra - Spagna | 12 + U/O INFO1 | 12 + OVER
1X + U/O INFO1;1X + UNDER;1X + UNDER;;;NON_MAPPATO;famiglia non riconosciuta;2;2;STARCASINO;CALCIO | EUROPA - UEFA NATIONS LEAGUE | Slovacchia - Moldova | 1X + U/O INFO1 | 1X + UNDER
1X2 QUARTO + U/O INFO1 INFO2 QUARTO;TEAM2 - UNDER N;;1X2;;NON_MAPPATO;etichetta non riconosciuta per famiglia 1X2;2;2;DOMUSBET;BASKET | ITALIA - I DIVISIONE | Universo Treviso Basket - BC Roma Spqr | 1X2 QUARTO + U/O INFO1 INFO2 QUARTO | TEAM2 - UNDER N
2 O OV INFO1 O GG;SI;SI;;;NON_MAPPATO;famiglia non riconosciuta;2;1;DOMUSBET;CALCIO | ITALIA - IV DIVISIONE | Asd Millesimo - US Alessandria | 2 O OV INFO1 O GG | SI
2 O UN 2.5 O NG;SI;;;;NON_MAPPATO;famiglia non riconosciuta;2;2;DOMUSBET;CALCIO | ITALIA - III DIVISIONE | Casertana - Catania FC | 2 O UN 2.5 O NG | SI
ACCOPPIATA FINALE;Inter - Roma;;;;NON_MAPPATO;famiglia non riconosciuta;2;2;WILLIAMHILL;CALCIO | ITALIA - I DIVISIONE | Serie A 2026/27 | ACCOPPIATA FINALE | Inter - Roma
ACCOPPIATA FINALE;Roma - Juventus;;;;NON_MAPPATO;famiglia non riconosciuta;2;2;STARCASINO;CALCIO | ITALIA - I DIVISIONE | Serie A 2026/27 | ACCOPPIATA FINALE | Roma - Juventus
ACCOPPIATA IN ORDINE FINALE INFO AGG;Atalanta - Inter;;;;NON_MAPPATO;famiglia non riconosciuta;2;2;ADMIRAL;CALCIO | ITALIA - I DIVISIONE | Serie A 2026/27 | ACCOPPIATA IN ORDINE FINALE INFO AGG | Atalanta - Inter
ACCOPPIATA IN ORDINE FINALE INFO AGG;Como - Juventus;;;;NON_MAPPATO;famiglia non riconosciuta;2;2;ADMIRAL;CALCIO | ITALIA - I DIVISIONE | Serie A 2026/27 | ACCOPPIATA IN ORDINE FINALE INFO AGG | Como - Juventus
ACCOPPIATA IN ORDINE FINALE INFO AGG;Como - Napoli;;;;NON_MAPPATO;famiglia non riconosciuta;2;2;ADMIRAL;CALCIO | ITALIA - I DIVISIONE | Serie A 2026/27 | ACCOPPIATA IN ORDINE FINALE INFO AGG | Como - Napoli
ACCOPPIATA IN ORDINE FINALE INFO AGG;Como - Roma;;;;NON_MAPPATO;famiglia non riconosciuta;2;2;ADMIRAL;CALCIO | ITALIA - I DIVISIONE | Serie A 2026/27 | ACCOPPIATA IN ORDINE FINALE INFO AGG | Como - Roma
ACCOPPIATA IN ORDINE FINALE INFO AGG;Inter - Fiorentina;;;;NON_MAPPATO;famiglia non riconosciuta;2;2;ADMIRAL;CALCIO | ITALIA - I DIVISIONE | Serie A 2026/27 | ACCOPPIATA IN ORDINE FINALE INFO AGG | Inter - Fiorentina
ACCOPPIATA IN ORDINE FINALE INFO AGG;Juventus - Atalanta;;;;NON_MAPPATO;famiglia non riconosciuta;2;2;ADMIRAL;CALCIO | ITALIA - I DIVISIONE | Serie A 2026/27 | ACCOPPIATA IN ORDINE FINALE INFO AGG | Juventus - Atalanta
ACCOPPIATA IN ORDINE FINALE INFO AGG;Juventus - Como;;;;NON_MAPPATO;famiglia non riconosciuta;2;2;ADMIRAL;CALCIO | ITALIA - I DIVISIONE | Serie A 2026/27 | ACCOPPIATA IN ORDINE FINALE INFO AGG | Juventus - Como
ACCOPPIATA IN ORDINE FINALE INFO AGG;Napoli - Atalanta;;;;NON_MAPPATO;famiglia non riconosciuta;2;2;ADMIRAL;CALCIO | ITALIA - I DIVISIONE | Serie A 2026/27 | ACCOPPIATA IN ORDINE FINALE INFO AGG | Napoli - Atalanta
ACCOPPIATA IN ORDINE FINALE INFO AGG;Napoli - Como;;;;NON_MAPPATO;famiglia non riconosciuta;2;2;ADMIRAL;CALCIO | ITALIA - I DIVISIONE | Serie A 2026/27 | ACCOPPIATA IN ORDINE FINALE INFO AGG | Napoli - Como
ACCOPPIATA IN ORDINE FINALE INFO AGG;Napoli - Juventus;;;;NON_MAPPATO;famiglia non riconosciuta;2;2;ADMIRAL;CALCIO | ITALIA - I DIVISIONE | Serie A 2026/27 | ACCOPPIATA IN ORDINE FINALE INFO AGG | Napoli - Juventus
ACCOPPIATA IN ORDINE FINALE INFO AGG;Napoli - Roma;;;;NON_MAPPATO;famiglia non riconosciuta;2;2;ADMIRAL;CALCIO | ITALIA - I DIVISIONE | Serie A 2026/27 | ACCOPPIATA IN ORDINE FINALE INFO AGG | Napoli - Roma
ACCOPPIATA IN ORDINE FINALE INFO AGG;Roma - Como;;;;NON_MAPPATO;famiglia non riconosciuta;2;2;ADMIRAL;CALCIO | ITALIA - I DIVISIONE | Serie A 2026/27 | ACCOPPIATA IN ORDINE FINALE INFO AGG | Roma - Como
ACCOPPIATA IN ORDINE FINALE INFO AGG;Roma - Napoli;;;;NON_MAPPATO;famiglia non riconosciuta;2;2;ADMIRAL;CALCIO | ITALIA - I DIVISIONE | Serie A 2026/27 | ACCOPPIATA IN ORDINE FINALE INFO AGG | Roma - Napoli
ACCOPPIATA PRIMI DUE IN ORDINE;Russell G. - Norris L.;;;;NON_MAPPATO;famiglia non riconosciuta;2;2;DOMUSBET;AUTOMOBILISMO | MONDO - CAMPIONATO FORMULA 1 | GP Baku GARA | ACCOPPIATA PRIMI DUE IN ORDINE | Russell G. - Norris L.
ACCOPPIATA PRIMI DUE IN ORDINE;Russell G. - Piastri O.;;;;NON_MAPPATO;famiglia non riconosciuta;2;2;DOMUSBET;AUTOMOBILISMO | MONDO - CAMPIONATO FORMULA 1 | GP Baku GARA | ACCOPPIATA PRIMI DUE IN ORDINE | Russell G. - Piastri O.
AI CALCI DI RIGORE SI/NO;SI;;;;NON_MAPPATO;famiglia non riconosciuta;2;2;ADMIRAL;CALCIO | MONDO - MONDIALI | Spagna - Argentina | AI CALCI DI RIGORE SI/NO | SI
ALMENO UN RIGORE ASSEGNATO A ENTRAMBE LE SQUADRE INCL. T.S.;Si;;Goal/NoGoal;;NON_MAPPATO;etichetta non riconosciuta per famiglia Goal/NoGoal;2;1;STARCASINO;CALCIO | EUROPA - UEFA NATIONS LEAGUE | Germania - Grecia | ALMENO UN RIGORE ASSEGNATO A ENTRAMBE LE SQUADRE INCL. T.S. | Si
BANDIERA ROSSA NELLA GARA;NO;;;;NON_MAPPATO;famiglia non riconosciuta;2;2;DOMUSBET;AUTOMOBILISMO | MONDO - CAMPIONATO FORMULA 1 | GP Baku GARA | BANDIERA ROSSA NELLA GARA | NO
CAPOCANNONIERE;Erling Haaland (Man City);;;;NON_MAPPATO;famiglia non riconosciuta;2;2;BBET;CALCIO | EUROPA - CHAMPIONS LEAGUE | UEFA Champions League 26/27 | CAPOCANNONIERE | Erling Haaland (Man City)
CAPOCANNONIERE;Ferran Torres (Psg);;;;NON_MAPPATO;famiglia non riconosciuta;2;2;BBET, SPORTBET;CALCIO | EUROPA - CHAMPIONS LEAGUE | UEFA Champions League 26/27 | CAPOCANNONIERE | Ferran Torres (Psg)
CAPOCANNONIERE;Marcus Thuram;;;;NON_MAPPATO;famiglia non riconosciuta;2;2;DOMUSBET, SPORTBET;CALCIO | ITALIA - I DIVISIONE | Serie A 2026/27 | CAPOCANNONIERE | Marcus Thuram
CAPOCANNONIERE;Rasmus Hojlund;;;;NON_MAPPATO;famiglia non riconosciuta;2;2;ADMIRAL, DOMUSBET;CALCIO | ITALIA - I DIVISIONE | Serie A 2026/27 | CAPOCANNONIERE | Rasmus Hojlund
CAPOCANNONIERE;Taty Castellanos;;;;NON_MAPPATO;famiglia non riconosciuta;2;2;ADMIRAL;CALCIO | INGHILTERRA - II DIVISIONE | Championship 2026/27 | CAPOCANNONIERE | Taty Castellanos
CAPOCANNONIERE SQUADRA;Just E.;;;;NON_MAPPATO;famiglia non riconosciuta;2;2;ADMIRAL;CALCIO | MONDO - MONDIALI | NUOVA ZELANDA (Mondiale 2026) | CAPOCANNONIERE SQUADRA | Just E.
CAPOCANNONIERE TORNEO;Benjamin Sesko;;;;NON_MAPPATO;famiglia non riconosciuta;2;2;WILLIAMHILL;CALCIO | INGHILTERRA - I DIVISIONE | Premier League 26/27 | CAPOCANNONIERE TORNEO | Benjamin Sesko
CAPOCANNONIERE TORNEO;Lautaro Martinez;;;;NON_MAPPATO;famiglia non riconosciuta;2;2;WILLIAMHILL;CALCIO | ITALIA - I DIVISIONE | Serie A 2026/27 | CAPOCANNONIERE TORNEO | Lautaro Martinez
CAPOCANNONIERE TORNEO;Lionel Messi;;;;NON_MAPPATO;famiglia non riconosciuta;2;2;WILLIAMHILL;CALCIO | USA - I DIVISIONE | MLS 2026 | CAPOCANNONIERE TORNEO | Lionel Messi
CAPOCANNONIERE TORNEO;Petar Musa;;;;NON_MAPPATO;famiglia non riconosciuta;2;2;WILLIAMHILL;CALCIO | USA - I DIVISIONE | MLS 2026 | CAPOCANNONIERE TORNEO | Petar Musa
CASA SEGNA - 1°T;NO;;;;NON_MAPPATO;famiglia non riconosciuta;2;1;MARATHON;CALCIO | EUROPA - UEFA NATIONS LEAGUE | Belgio - Francia | CASA SEGNA - 1°T | NO
CASA SEGNA - 2°T;Si;;;;NON_MAPPATO;famiglia non riconosciuta;2;2;STARCASINO;CALCIO | EUROPA - UEFA NATIONS LEAGUE | Austria - Kosovo | CASA SEGNA - 2°T | Si
CASA U/O 1°T + 2°T;UN + OV;;;;NON_MAPPATO;famiglia non riconosciuta;2;1;SPORTBET;CALCIO | ITALIA - I DIVISIONE | Inter - Parma Calcio | CASA U/O 1°T + 2°T | UN + OV
COMBO GG/NG 1°T/2°T;NG/NG;;;;NON_MAPPATO;famiglia non riconosciuta;2;2;DOMUSBET;CALCIO | EUROPA - UEFA NATIONS LEAGUE | Repubblica Ceca - Croazia | COMBO GG/NG 1°T/2°T | NG/NG
CORNER X;Giocatore 2;;;;NON_MAPPATO;famiglia non riconosciuta;2;1;DOMUSBET;CALCIO | ITALIA - I DIVISIONE | Frosinone - Como | CORNER X | Giocatore 2
D.C. IN+U/O INFO1;1X+OV;;;;NON_MAPPATO;famiglia non riconosciuta;2;2;ADMIRAL;CALCIO | MONDO - MONDIALI | Francia - Marocco | D.C. IN+U/O INFO1 | 1X+OV
DOPPIETTA E SUO SOSTITUTO (INC.TS.);SI;;;;NON_MAPPATO;famiglia non riconosciuta;2;1;SPORTBET;CALCIO | EUROPA - UEFA NATIONS LEAGUE | Danimarca - Galles | DOPPIETTA E SUO SOSTITUTO (INC.TS.) | SI
DRAW NO BET (SOLO TR);1;;;;NON_MAPPATO;famiglia non riconosciuta;2;2;WILLIAMHILL;HOCKEY GHIACCIO | AUSTRIA - I DIVISIONE | Pioneers Vorarlberg - Fehervar AV19 | DRAW NO BET (SOLO TR) | 1
DRAW NO BET - INFO1°T;1;;;;NON_MAPPATO;famiglia non riconosciuta;2;2;WILLIAMHILL;CALCIO | GUATEMALA - I DIVISIONE | Mictlan - CSD Sacachispas | DRAW NO BET - INFO1°T | 1
ENTRAMBE LE AUTO INFO1 CLASSIFICATE;SI;;;;NON_MAPPATO;famiglia non riconosciuta;2;2;DOMUSBET;AUTOMOBILISMO | MONDO - CAMPIONATO FORMULA 1 | GP Baku GARA | ENTRAMBE LE AUTO INFO1 CLASSIFICATE | SI
ENTRAMBI VINCONO ALMENO UN SET;NO;;;;NON_MAPPATO;famiglia non riconosciuta;2;2;DOMUSBET;TENNIS | TORNEO DI HANGZHOU | Jacquet, Kyrian - Etcheverry, Tomas Martin | ENTRAMBI VINCONO ALMENO UN SET | NO
G2 VINCE ALMENO 1 SET;No;;;;NON_MAPPATO;famiglia non riconosciuta;2;1;STARCASINO;TENNIS | CHALLENGER DI BRASILE | Saraiva Dos Santos, Paulo Andre - Scheidt, Augusto | G2 VINCE ALMENO 1 SET | No
GG O UN 2.5;SI;;;;NON_MAPPATO;famiglia non riconosciuta;2;1;DOMUSBET;CALCIO | INGHILTERRA - COPPA | Manchester United - Brighton | GG O UN 2.5 | SI
GG/NG PLUS;SI;;;;NON_MAPPATO;famiglia non riconosciuta;2;1;STANLEYBET;CALCIO | EUROPA - UEFA NATIONS LEAGUE | Irlanda del Nord - Ungheria | GG/NG PLUS | SI
GIOC. INFO1 COLPISCE PALO/TRAVERSA INC TS;SI;;;;NON_MAPPATO;famiglia non riconosciuta;2;2;DOMUSBET;CALCIO | USA - I DIVISIONE | Inter Miami - San Diego FC | GIOC. INFO1 COLPISCE PALO/TRAVERSA INC TS | SI
GIOC. INFO1 MARCATORE 76°-FT;SI;;;;NON_MAPPATO;famiglia non riconosciuta;2;2;DOMUSBET;CALCIO | ITALIA - I DIVISIONE | Roma - Inter | GIOC. INFO1 MARCATORE 76°-FT | SI
GIOC. INFO1 SEGNA+U/O INFO2;SEGNA + UNDER;;;;NON_MAPPATO;famiglia non riconosciuta;2;2;DOMUSBET;CALCIO | EUROPA - EUROPA LEAGUE | Juventus - NEC Nimega | GIOC. INFO1 SEGNA+U/O INFO2 | SEGNA + UNDER
GIOC. X O GIOC. Y E SOSTITUTI ALMENO 1 CARTELLINO INCLUSO TS/RIGORI/FISCHIO FINALE/PANCHINA;SI;;;;NON_MAPPATO;famiglia non riconosciuta;2;1;STANLEYBET;CALCIO | EUROPA - UEFA NATIONS LEAGUE | Serbia - Olanda | GIOC. X O GIOC. Y E SOSTITUTI ALMENO 1 CARTELLINO INCLUSO TS/RIGORI/FISCHIO FINALE/PANCHINA | SI
GIOCATORE INFO1 1°MARCATORE+MULTIESITO;1° + 0-1/0-2/1-2;;;;NON_MAPPATO;famiglia non riconosciuta;2;2;DOMUSBET;CALCIO | SPAGNA - I DIVISIONE | Atletico Madrid - Real Madrid | GIOCATORE INFO1 1°MARCATORE+MULTIESITO | 1° + 0-1/0-2/1-2
GIOCATORE INFO1 SEGNA+RIS.ESATTO;Segna & 4-4;;;;NON_MAPPATO;famiglia non riconosciuta;2;2;DOMUSBET;CALCIO | ITALIA - I DIVISIONE | Roma - Inter | GIOCATORE INFO1 SEGNA+RIS.ESATTO | Segna & 4-4
GIOCATORE X O SUO SOSTITUTO SEGNANO IN TOTALE ALMENO Y GOAL (INC.TS.);SI;;;;NON_MAPPATO;famiglia non riconosciuta;2;2;BBET;CALCIO | EUROPA - UEFA NATIONS LEAGUE | Danimarca - Galles | GIOCATORE X O SUO SOSTITUTO SEGNANO IN TOTALE ALMENO Y GOAL (INC.TS.) | SI
GOL INFO1 TEMPI SUPPL.;NESSUNO;;;;NON_MAPPATO;famiglia non riconosciuta;2;2;DOMUSBET;CALCIO | MONDO - MONDIALI U20 F. | Brasile U20 - Stati Uniti U20 | GOL INFO1 TEMPI SUPPL. | NESSUNO
GOL O ASSIST O CARTELLINO (INC.TS.);SI;;;;NON_MAPPATO;famiglia non riconosciuta;2;2;SPORTBET;CALCIO | EUROPA - UEFA NATIONS LEAGUE | Germania - Grecia | GOL O ASSIST O CARTELLINO (INC.TS.) | SI
HT/FT + U/O 0.5 1°T;2/2 + OVER;;;;NON_MAPPATO;famiglia non riconosciuta;2;1;SPORTBET;CALCIO | EUROPA - CHAMPIONS LEAGUE | Viking FK - Bayern Monaco | HT/FT + U/O 0.5 1°T | 2/2 + OVER
INFO1 ASSIST TEMPO INFO2;SI;;;;NON_MAPPATO;famiglia non riconosciuta;2;1;SPORTBET;CALCIO | EUROPA - UEFA NATIONS LEAGUE | Serbia - Olanda | INFO1 ASSIST TEMPO INFO2 | SI
INFO1 E SUO SOSTITUTO ALMENO INFO2 GOL COMPRESO PALO/TRAVERSA;SI;;;;NON_MAPPATO;famiglia non riconosciuta;2;1;STANLEYBET;CALCIO | EUROPA - UEFA NATIONS LEAGUE | Danimarca - Galles | INFO1 E SUO SOSTITUTO ALMENO INFO2 GOL COMPRESO PALO/TRAVERSA | SI
INFO1 MARCATORE + X2;MARCATORE + X2;;;;NON_MAPPATO;famiglia non riconosciuta;2;1;STARCASINO;CALCIO | EUROPA - UEFA NATIONS LEAGUE | Israele - Irlanda | INFO1 MARCATORE + X2 | MARCATORE + X2
INFO1 PIAZZATO TRA I PRIMI INFO3;Si;;;;NON_MAPPATO;famiglia non riconosciuta;2;2;STARCASINO;AUTOMOBILISMO | MONDO - CAMPIONATO FORMULA 1 | GP Sepang GARA | INFO1 PIAZZATO TRA I PRIMI INFO3 | Si
INFO1 REALIZZA ALMENO INFO2 TIRI DA 3;SI;;;;NON_MAPPATO;famiglia non riconosciuta;2;2;DOMUSBET;BASKET | SPAGNA - I DIVISIONE | Barcellona - CB Coruna | INFO1 REALIZZA ALMENO INFO2 TIRI DA 3 | SI
INFO1 SEGNA + RIS. ESATTO;1-2 + GIOCATORE SEGNA;;;;NON_MAPPATO;famiglia non riconosciuta;2;2;STARCASINO;CALCIO | EUROPA - UEFA NATIONS LEAGUE | Austria - Kosovo | INFO1 SEGNA + RIS. ESATTO | 1-2 + GIOCATORE SEGNA
INFO1 SEGNA + RIS. ESATTO;2-1 + GIOCATORE SEGNA;;;;NON_MAPPATO;famiglia non riconosciuta;2;2;STARCASINO;CALCIO | EUROPA - UEFA NATIONS LEAGUE | Norvegia - Portogallo | INFO1 SEGNA + RIS. ESATTO | 2-1 + GIOCATORE SEGNA
INFO1 SEGNA + RIS. ESATTO;2-2 + GIOCATORE SEGNA;;;;NON_MAPPATO;famiglia non riconosciuta;2;1;STARCASINO;CALCIO | EUROPA - UEFA NATIONS LEAGUE | Norvegia - Portogallo | INFO1 SEGNA + RIS. ESATTO | 2-2 + GIOCATORE SEGNA
INFO1 SEGNA DI TESTA;SI;;;;NON_MAPPATO;famiglia non riconosciuta;2;1;MARATHON;CALCIO | EUROPA - UEFA NATIONS LEAGUE | Danimarca - Galles | INFO1 SEGNA DI TESTA | SI
INFO1 TIRI TOTALI XL INFO2;Over;;;;NON_MAPPATO;famiglia non riconosciuta;2;2;STARCASINO;CALCIO | EUROPA - UEFA NATIONS LEAGUE | Germania - Grecia | INFO1 TIRI TOTALI XL INFO2 | Over
INFO1 TIRI TOTALI: ALMENO INFO2;Si;;;;NON_MAPPATO;famiglia non riconosciuta;2;1;STARCASINO;CALCIO | EUROPA - UEFA NATIONS LEAGUE | Danimarca - Galles | INFO1 TIRI TOTALI: ALMENO INFO2 | Si
INFO1 U/O INFO2 GOAL NELLA MANIF.;Over;;;;NON_MAPPATO;famiglia non riconosciuta;2;2;STARCASINO;CALCIO | ITALIA - I DIVISIONE | Serie A 2026/27 | INFO1 U/O INFO2 GOAL NELLA MANIF. | Over
INFO1° CORNER;Ospite;;;;NON_MAPPATO;famiglia non riconosciuta;2;1;STARCASINO;CALCIO | EUROPA - UEFA NATIONS LEAGUE | Romania - Bosnia-Erzegovina | INFO1° CORNER | Ospite
INFO1° GOL FASCIA ORARIA;1-10;;;;NON_MAPPATO;famiglia non riconosciuta;2;1;DOMUSBET;CALCIO | GERMANIA - I DIVISIONE | Bayer Leverkusen - Lipsia | INFO1° GOL FASCIA ORARIA | 1-10
MARCATORE 15-30 MIN;SI;;;;NON_MAPPATO;famiglia non riconosciuta;2;1;SPORTBET;CALCIO | EUROPA - UEFA NATIONS LEAGUE | Serbia - Olanda | MARCATORE 15-30 MIN | SI
MARGINE VITTORIA (12 ESITI);B6-10;;;;NON_MAPPATO;famiglia non riconosciuta;2;1;DOMUSBET;BASKET | SPAGNA - I DIVISIONE | Breogan - Joventut Badalona | MARGINE VITTORIA (12 ESITI) | B6-10
METODO DEL INFO1° GOL T.R;PUNIZIONE;;;;NON_MAPPATO;famiglia non riconosciuta;2;2;DOMUSBET;CALCIO | ITALIA - I DIVISIONE | Frosinone - Como | METODO DEL INFO1° GOL T.R | PUNIZIONE
MIGLIOR ASSISTMAN;Lamine Yamal (Barcellona);;;;NON_MAPPATO;famiglia non riconosciuta;2;2;DOMUSBET;CALCIO | EUROPA - CHAMPIONS LEAGUE | UEFA Champions League 26/27 | MIGLIOR ASSISTMAN | Lamine Yamal (Barcellona)
MIGLIORE DEL GRUPPO;Como;;;;NON_MAPPATO;famiglia non riconosciuta;2;2;DOMUSBET, STARCASINO;CALCIO | EUROPA - CHAMPIONS LEAGUE | UEFA Champions League 26/27 | MIGLIORE DEL GRUPPO | Como
MIGLIORE DEL GRUPPO;Roma;;;;NON_MAPPATO;famiglia non riconosciuta;2;2;STARCASINO, WILLIAMHILL;CALCIO | EUROPA - CHAMPIONS LEAGUE | UEFA Champions League 26/27 | MIGLIORE DEL GRUPPO | Roma
MIGLIORE IN CAMPO;Antonio Raimondo;;;;NON_MAPPATO;famiglia non riconosciuta;2;2;DOMUSBET;CALCIO | ITALIA - I DIVISIONE | Frosinone - Como | MIGLIORE IN CAMPO | Antonio Raimondo
OVER INFO1 CASA + UNDER INFO2 OSPITE;Si;;;;NON_MAPPATO;famiglia non riconosciuta;2;2;STARCASINO;CALCIO | EUROPA - UEFA NATIONS LEAGUE | Danimarca - Galles | OVER INFO1 CASA + UNDER INFO2 OSPITE | Si
PARI/DISPARI - INFO1°T;Dispari;;;;NON_MAPPATO;famiglia non riconosciuta;2;1;WILLIAMHILL;CALCIO | EUROPA - UEFA NATIONS LEAGUE | Serbia - Olanda | PARI/DISPARI - INFO1°T | Dispari
PARI/DISPARI CASA;Pari;;;;NON_MAPPATO;famiglia non riconosciuta;2;2;STARCASINO, WILLIAMHILL;CALCIO | EUROPA - UEFA NATIONS LEAGUE | Serbia - Olanda | PARI/DISPARI CASA | Pari
PARI/DISPARI OSPITE;Pari;;;;NON_MAPPATO;famiglia non riconosciuta;2;1;STARCASINO;CALCIO | EUROPA - UEFA NATIONS LEAGUE | Norvegia - Portogallo | PARI/DISPARI OSPITE | Pari
PARI/DISPARI SET;PARI;;;;NON_MAPPATO;famiglia non riconosciuta;2;2;DOMUSBET, STANLEYBET;VOLLEY | EUROPA - CAMP. EUROPEO | Finlandia - Slovenia | PARI/DISPARI SET | PARI
PARTE TABELLONE VINCENTE;PARTE ALTA DEL TABELLONE;;;;NON_MAPPATO;famiglia non riconosciuta;2;1;STARCASINO;TENNIS | TORNEO DI MONTREAL | Atp Montreal Sing 2026 | PARTE TABELLONE VINCENTE | PARTE ALTA DEL TABELLONE
PARZ/FIN+U/O INFO1 INFO2°T;1/1 + UNDER;;;;NON_MAPPATO;famiglia non riconosciuta;2;2;DOMUSBET;CALCIO | GERMANIA - I DIVISIONE | Bayern Monaco - Union Berlino | PARZ/FIN+U/O INFO1 INFO2°T | 1/1 + UNDER
PARZ/FIN+U/O INFO1 INFO2°T;X/X + OVER;;;;NON_MAPPATO;famiglia non riconosciuta;2;2;DOMUSBET;CALCIO | SPAGNA - I DIVISIONE | Getafe - Malaga CF | PARZ/FIN+U/O INFO1 INFO2°T | X/X + OVER
PARZ/FIN+UN/OV INFO1;1/2+OVER;;;;NON_MAPPATO;famiglia non riconosciuta;2;2;DOMUSBET;CALCIO | ITALIA - III DIVISIONE | S.S.D. Casarano Calcio - Monopoli | PARZ/FIN+UN/OV INFO1 | 1/2+OVER
PARZ/FIN+UN/OV INFO1;2/1+OVER;;;;NON_MAPPATO;famiglia non riconosciuta;2;1;DOMUSBET;CALCIO | ITALIA - I DIVISIONE | Udinese - Cagliari | PARZ/FIN+UN/OV INFO1 | 2/1+OVER
PARZ/FIN+UN/OV INFO1;X/1+UNDER;;;;NON_MAPPATO;famiglia non riconosciuta;2;2;DOMUSBET;CALCIO | ITALIA - I DIVISIONE | Juventus - Atalanta | PARZ/FIN+UN/OV INFO1 | X/1+UNDER
PARZ/FIN+UN/OV INFO1;X/X+UNDER;;;;NON_MAPPATO;famiglia non riconosciuta;2;1;DOMUSBET;CALCIO | ITALIA - I DIVISIONE | Parma - Genoa | PARZ/FIN+UN/OV INFO1 | X/X+UNDER
PARZIALE/FINALE + U/O;2/2+OVER;;;;NON_MAPPATO;famiglia non riconosciuta;2;2;STARCASINO;CALCIO | SPAGNA - I DIVISIONE | Alaves - Atletico Madrid | PARZIALE/FINALE + U/O | 2/2+OVER
PARZIALE/FINALE + UNDER/OVER;1/1+UNDER;;U/O Gol;;NON_MAPPATO;etichetta non riconosciuta per famiglia U/O Gol;2;2;SPORTBET, STANLEYBET;CALCIO | EUROPA - UEFA NATIONS LEAGUE | Austria - Kosovo | PARZIALE/FINALE + UNDER/OVER | 1/1+UNDER
PIAZZATO NEI PRIMI INFO1;Si;;;;NON_MAPPATO;famiglia non riconosciuta;2;2;STARCASINO;CALCIO | ITALIA - I DIVISIONE | Serie A 2026/27 | PIAZZATO NEI PRIMI INFO1 | Si
PRIMA SOSTITUZIONE;TEMPO 1;;;;NON_MAPPATO;famiglia non riconosciuta;2;2;DOMUSBET;CALCIO | EUROPA - EUROPA LEAGUE | Milan - Benfica | PRIMA SOSTITUZIONE | TEMPO 1
PRIMA SOSTITUZIONE NEL MATCH (4 ESITI);TEMPO 2;;;;NON_MAPPATO;famiglia non riconosciuta;2;1;STARCASINO;CALCIO | EUROPA - UEFA NATIONS LEAGUE | Norvegia - Portogallo | PRIMA SOSTITUZIONE NEL MATCH (4 ESITI) | TEMPO 2
PRIME DUE;Inter - Juventus;;;;NON_MAPPATO;famiglia non riconosciuta;2;2;BBET, DOMUSBET;CALCIO | ITALIA - I DIVISIONE | Serie A 2026/27 | PRIME DUE | Inter - Juventus
PRIME DUE;Napoli - Roma;;;;NON_MAPPATO;famiglia non riconosciuta;2;2;DOMUSBET, SPORTBET;CALCIO | ITALIA - I DIVISIONE | Serie A 2026/27 | PRIME DUE | Napoli - Roma
PRIME DUE;PSG / Arsenal;;;;NON_MAPPATO;famiglia non riconosciuta;2;2;DOMUSBET;CALCIO | EUROPA - CHAMPIONS LEAGUE | UEFA Champions League 25/26 | PRIME DUE | PSG / Arsenal
PRIME DUE IN ORDINE;1 Man City, 2 Arsenal;;;;NON_MAPPATO;famiglia non riconosciuta;2;2;360BET;CALCIO | INGHILTERRA - I DIVISIONE | Premier League 26/27 | PRIME DUE IN ORDINE | 1 Man City, 2 Arsenal
PRIMO PILOTA A RITIRARSI;Verstappen M.;;;;NON_MAPPATO;famiglia non riconosciuta;2;2;DOMUSBET;AUTOMOBILISMO | MONDO - CAMPIONATO FORMULA 1 | GP Baku GARA | PRIMO PILOTA A RITIRARSI | Verstappen M.
QUALIFICATO;Si;;;;NON_MAPPATO;famiglia non riconosciuta;2;1;STARCASINO;BASKET | ITALIA - I DIVISIONE | Tortona ( Qual. Play-Off ) | QUALIFICATO | Si
QUINTO SET SI/NO;NO;;;;NON_MAPPATO;famiglia non riconosciuta;2;2;DOMUSBET;VOLLEY | EUROPA - CAMP. EUROPEO | Finlandia - Francia | QUINTO SET SI/NO | NO
RIGORE PARATO;SI;;;;NON_MAPPATO;famiglia non riconosciuta;2;2;MARATHON, SPORTBET;CALCIO | EUROPA - UEFA NATIONS LEAGUE | Austria - Kosovo | RIGORE PARATO | SI
RIS. ESATTO HT/FT;0-0 0-2;;;;NON_MAPPATO;famiglia non riconosciuta;2;1;DOMUSBET;CALCIO | EUROPA - UEFA NATIONS LEAGUE | Repubblica Ceca - Croazia | RIS. ESATTO HT/FT | 0-0 0-2
RIS. ESATTO HT/FT;0-1 2-1;;;;NON_MAPPATO;famiglia non riconosciuta;2;2;DOMUSBET;CALCIO | EUROPA - EUROPA LEAGUE | Milan - Benfica | RIS. ESATTO HT/FT | 0-1 2-1
RIS. ESATTO HT/FT;0-2 1-2;;;;NON_MAPPATO;famiglia non riconosciuta;2;2;DOMUSBET;CALCIO | ITALIA - III DIVISIONE | Crotone - US Salernitana | RIS. ESATTO HT/FT | 0-2 1-2
RIS. ESATTO HT/FT;1-0 2-0;;;;NON_MAPPATO;famiglia non riconosciuta;2;2;DOMUSBET;CALCIO | ITALIA - I DIVISIONE | Monza - Sassuolo | RIS. ESATTO HT/FT | 1-0 2-0
RIS. ESATTO HT/FT;3-0 3-0;;;;NON_MAPPATO;famiglia non riconosciuta;2;2;DOMUSBET;CALCIO | GERMANIA - I DIVISIONE | Bayern Monaco - Union Berlino | RIS. ESATTO HT/FT | 3-0 3-0
RIS. ESATTO INFO1°SET;0-6 1-6 2-6;;;;NON_MAPPATO;famiglia non riconosciuta;2;2;DOMUSBET;TENNIS | LAVER CUP | Jodar, Rafael - Fritz, Taylor | RIS. ESATTO INFO1°SET | 0-6 1-6 2-6
RIS.ES+GIOCATORE INFO1 1°MARCATORE;0-3 + 1°Marc;;;;NON_MAPPATO;famiglia non riconosciuta;2;2;DOMUSBET;CALCIO | FRANCIA - I DIVISIONE | Marsiglia - PSG | RIS.ES+GIOCATORE INFO1 1°MARCATORE | 0-3 + 1°Marc
RIS.ES+GIOCATORE INFO1 1°MARCATORE;1-4 + 1°Marc;;;;NON_MAPPATO;famiglia non riconosciuta;2;2;DOMUSBET;CALCIO | FRANCIA - I DIVISIONE | Marsiglia - PSG | RIS.ES+GIOCATORE INFO1 1°MARCATORE | 1-4 + 1°Marc
RIS.ES+GIOCATORE INFO1 1°MARCATORE;2-0 + 1°Marc;;;;NON_MAPPATO;famiglia non riconosciuta;2;2;DOMUSBET;CALCIO | INGHILTERRA - I DIVISIONE | Manchester City - Sunderland | RIS.ES+GIOCATORE INFO1 1°MARCATORE | 2-0 + 1°Marc
RIS.ES+GIOCATORE INFO1 1°MARCATORE;4-0 + 1°Marc;;;;NON_MAPPATO;famiglia non riconosciuta;2;2;DOMUSBET;CALCIO | ITALIA - I DIVISIONE | Milan - Lecce | RIS.ES+GIOCATORE INFO1 1°MARCATORE | 4-0 + 1°Marc
RIS.ES+GIOCATORE INFO1 1°MARCATORE;4-1 + 1°Marc;;;;NON_MAPPATO;famiglia non riconosciuta;2;2;DOMUSBET;CALCIO | ITALIA - I DIVISIONE | Milan - Lecce | RIS.ES+GIOCATORE INFO1 1°MARCATORE | 4-1 + 1°Marc
RISULTATO ESATTO 5 GOL;0-5;;Risultato Esatto;;NON_MAPPATO;etichetta non riconosciuta per famiglia Risultato Esatto;2;2;DOMUSBET;CALCIO | ITALIA - I DIVISIONE | Roma - Inter | RISULTATO ESATTO 5 GOL | 0-5
RISULTATO ESATTO 5 GOL;2-5;;Risultato Esatto;;NON_MAPPATO;etichetta non riconosciuta per famiglia Risultato Esatto;2;2;SPORTBET;CALCIO | EUROPA - CHAMPIONS LEAGUE | Galatasaray - Barcellona | RISULTATO ESATTO 5 GOL | 2-5
RISULTATO ESATTO 5 GOL;5-0;;Risultato Esatto;;NON_MAPPATO;etichetta non riconosciuta per famiglia Risultato Esatto;2;2;DOMUSBET, SPORTBET;CALCIO | BRASILE - I DIVISIONE | Flamengo - Bragantino SP | RISULTATO ESATTO 5 GOL | 5-0
RISULTATO ESATTO MULTIPLO;2:3,2:4,3:4 O 1:5;;Risultato Esatto;;NON_MAPPATO;etichetta non riconosciuta per famiglia Risultato Esatto;2;1;MARATHON;CALCIO | EUROPA - UEFA NATIONS LEAGUE | Norvegia - Portogallo | RISULTATO ESATTO MULTIPLO | 2:3,2:4,3:4 O 1:5
SAFETY CAR VIRTUALE;SI;;;;NON_MAPPATO;famiglia non riconosciuta;2;2;DOMUSBET;AUTOMOBILISMO | MONDO - CAMPIONATO FORMULA 1 | GP Baku GARA | SAFETY CAR VIRTUALE | SI
SCUDERIA DEL VINCENTE INFO1;Ferrari;;;;NON_MAPPATO;famiglia non riconosciuta;2;2;DOMUSBET;AUTOMOBILISMO | MONDO - CAMPIONATO FORMULA 1 | GP Baku GARA | SCUDERIA DEL VINCENTE INFO1 | Ferrari
SCUDERIA DEL VINCENTE INFO1;Mclaren;;;;NON_MAPPATO;famiglia non riconosciuta;2;2;DOMUSBET;AUTOMOBILISMO | MONDO - CAMPIONATO FORMULA 1 | GP Baku GARA | SCUDERIA DEL VINCENTE INFO1 | Mclaren
SEGNA + RIS.ESATTO;Segna & 2-0;;;;NON_MAPPATO;famiglia non riconosciuta;2;2;SPORTBET;CALCIO | EUROPA - UEFA NATIONS LEAGUE | Danimarca - Galles | SEGNA + RIS.ESATTO | Segna & 2-0
SEGNA + RIS.ESATTO;Segna & 2-1;;;;NON_MAPPATO;famiglia non riconosciuta;2;2;BBET, SPORTBET;CALCIO | EUROPA - UEFA NATIONS LEAGUE | Germania - Grecia | SEGNA + RIS.ESATTO | Segna & 2-1
SEGNA GOAL - TEMPO;TEAM 2;;;;NON_MAPPATO;famiglia non riconosciuta;2;1;STARCASINO;CALCIO | EUROPA - UEFA NATIONS LEAGUE | Serbia - Olanda | SEGNA GOAL - TEMPO | TEAM 2
SEGNA GOL;TEAM 2;;;;NON_MAPPATO;famiglia non riconosciuta;2;2;360BET;CALCIO | EUROPA - UEFA NATIONS LEAGUE | Gibilterra - Andorra | SEGNA GOL | TEAM 2
SEGNA+RIS. ESATTO;4-1 + GIOCATORE SEGNA;;;;NON_MAPPATO;famiglia non riconosciuta;2;2;MARATHON;CALCIO | EUROPA - UEFA NATIONS LEAGUE | Danimarca - Galles | SEGNA+RIS. ESATTO | 4-1 + GIOCATORE SEGNA
SEGNANO TUTTE;SI;;;;NON_MAPPATO;famiglia non riconosciuta;2;2;MARATHON;CALCIO | SPECIALI CALCIO | HOJLUND, RASMUS (DANIMARCA) 27/09 / CRISTIANO RONALDO (PORTOGALLO) 27/09 / WOLTEMADE, NICK (GERMANIA) 27/09 / HAALAND, ERLING (NORVEGIA) 27/09 | SEGNANO TUTTE | SI
SOMMA GOAL CASA;>2;;;;NON_MAPPATO;famiglia non riconosciuta;2;2;WILLIAMHILL;CALCIO | EUROPA - UEFA NATIONS LEAGUE | Austria - Kosovo | SOMMA GOAL CASA | >2
SOMMA GOL INFO1°TEMPO;0;;;;NON_MAPPATO;famiglia non riconosciuta;2;1;DOMUSBET;CALCIO | EUROPA - UEFA NATIONS LEAGUE | Gibilterra - Andorra | SOMMA GOL INFO1°TEMPO | 0
SOMMA PUNTI NO T.S.;151-160;;;;NON_MAPPATO;famiglia non riconosciuta;2;2;DOMUSBET;BASKET | ITALIA - I DIVISIONE | Pallacanestro Varese - Virtus Bologna | SOMMA PUNTI NO T.S. | 151-160
SOMMA PUNTI NO T.S.;161-170;;;;NON_MAPPATO;famiglia non riconosciuta;2;2;DOMUSBET;BASKET | ITALIA - I DIVISIONE | Maxima Roma - Napoli Basket | SOMMA PUNTI NO T.S. | 161-170
SQUADRA INFO1 SBAGLIA UN RIGORE;SI;;;;NON_MAPPATO;famiglia non riconosciuta;2;1;STANLEYBET;CALCIO | EUROPA - UEFA NATIONS LEAGUE | Germania - Grecia | SQUADRA INFO1 SBAGLIA UN RIGORE | SI
SQUADRA X VINCE O VA IN VANTAGGIO DI 2 GOAL;SI;;;;NON_MAPPATO;famiglia non riconosciuta;2;1;SPORTBET;CALCIO | EUROPA - CHAMPIONS LEAGUE | Sabah Masazir - Slavia Praga | SQUADRA X VINCE O VA IN VANTAGGIO DI 2 GOAL | SI
SUPPL. SI/NO;SI;;;;NON_MAPPATO;famiglia non riconosciuta;2;2;ADMIRAL;CALCIO | MONDO - MONDIALI | Spagna - Argentina | SUPPL. SI/NO | SI
T/T (ESCLUSO RITIRO);1;;;;NON_MAPPATO;famiglia non riconosciuta;2;2;ADMIRAL;TENNIS | TORNEO DI STOCCARDA | Paul, Tommy - Mpetshi Perricard, Giovanni | T/T (ESCLUSO RITIRO) | 1
T/T + U/O INFO2 TIRI DA 3 REALIZZATI INFO1 INCL. T.S.;1 + OVER;;;;NON_MAPPATO;famiglia non riconosciuta;2;2;DOMUSBET;BASKET | EUROPA - EUROLEGA | Fenerbahce - Virtus Bologna | T/T + U/O INFO2 TIRI DA 3 REALIZZATI INFO1 INCL. T.S. | 1 + OVER
T/T + ULTIMO PUNTO;1 + Casa;;;;NON_MAPPATO;famiglia non riconosciuta;2;1;DOMUSBET;BASKET | USA - WNBA | Minnesota Lynx - New York Liberty | T/T + ULTIMO PUNTO | 1 + Casa
T/T + ULTIMO PUNTO;2+2;;;;NON_MAPPATO;famiglia non riconosciuta;2;2;STARCASINO;BASKET | USA - WNBA | Las Vegas Aces - Indiana Fever | T/T + ULTIMO PUNTO | 2+2
T/T GAME NEL SET;2;;;;NON_MAPPATO;famiglia non riconosciuta;2;2;BBET;TENNIS | TORNEO DI BOGOTA | Bassols Ribera, Marina - Herrero Linana, Alicia | T/T GAME NEL SET | 2
T/T HANDICAP INFO1 NEL QUARTO INFO2;1;;;;NON_MAPPATO;famiglia non riconosciuta;2;2;MARATHON;BASKET | ITALIA - II DIVISIONE | Basket Torino - Basket Mestre 1958 | T/T HANDICAP INFO1 NEL QUARTO INFO2 | 1
T/T INFO1 HANDICAP CORNER INFO2° TEMPO;SQUADRA OSPITE;;;;NON_MAPPATO;famiglia non riconosciuta;2;2;360BET;CALCIO | EUROPA - UEFA NATIONS LEAGUE | Serbia - Olanda | T/T INFO1 HANDICAP CORNER INFO2° TEMPO | SQUADRA OSPITE
T/T INFO1 SET (ESCL. RITIRO);2;2;;;NON_MAPPATO;famiglia non riconosciuta;2;2;DOMUSBET;TENNIS | CHALLENGER DI SPAGNA | Garcia Cid, Maria - Kabbaj, Yasmine | T/T INFO1 SET (ESCL. RITIRO) | 2
T/T QUARTO X;2;;;;NON_MAPPATO;famiglia non riconosciuta;2;2;TOTOSI, WILLIAMHILL;BASKET | ITALIA - I DIVISIONE | APU Udine - Basket Scafati 1969 | T/T QUARTO X | 2
T/T SET;2;;;;NON_MAPPATO;famiglia non riconosciuta;2;2;WILLIAMHILL;VOLLEY | VIETNAM - I DIVISIONE F. | Quang Ninh - Hai Phong | T/T SET | 2
TEMPO CON PIÙ GOL SQUADRA INFO1;1;;;;NON_MAPPATO;famiglia non riconosciuta;2;2;BBET;CALCIO | ITALIA - III DIVISIONE | Scafatese - Altamura | TEMPO CON PIÙ GOL SQUADRA INFO1 | 1
TEMPO CON PIÙ GOL SQUADRA INFO1;2;;;;NON_MAPPATO;famiglia non riconosciuta;2;2;BBET, SPORTBET;CALCIO | ITALIA - III DIVISIONE | Scafatese - Altamura | TEMPO CON PIÙ GOL SQUADRA INFO1 | 2
TOTALE CARTELLINI;4;;;;NON_MAPPATO;famiglia non riconosciuta;2;1;DOMUSBET;CALCIO | INGHILTERRA - II DIVISIONE | Millwall - West Ham | TOTALE CARTELLINI | 4
TOTALE CARTELLINI TEMPO INFO1;4;;;;NON_MAPPATO;famiglia non riconosciuta;2;2;MARATHON;CALCIO | SPAGNA - II DIVISIONE | Real Valladolid - Cordoba CF | TOTALE CARTELLINI TEMPO INFO1 | 4
TOTALE CORNER OSPITE;3-4;;;;NON_MAPPATO;famiglia non riconosciuta;2;2;DOMUSBET, SPORTBET;CALCIO | EUROPA - EUROPA LEAGUE | Besiktas - Marsiglia | TOTALE CORNER OSPITE | 3-4
TOTALE CORNER OSPITE;5-6;;;;NON_MAPPATO;famiglia non riconosciuta;2;2;DOMUSBET;CALCIO | EUROPA - EUROPA LEAGUE | Levski Sofia - Salisburgo | TOTALE CORNER OSPITE | 5-6
TOTALE CORNER OSPITE;>=7;;;;NON_MAPPATO;famiglia non riconosciuta;2;1;STARCASINO;CALCIO | EUROPA - UEFA NATIONS LEAGUE | Serbia - Olanda | TOTALE CORNER OSPITE | >=7
TRIPLETE SQUADRA X INFO AGG (LEGABILE);SI;;;;NON_MAPPATO;famiglia non riconosciuta;2;2;360BET, WILLIAMHILL;CALCIO | Serie A | Serie A 2026/27 | TRIPLETE SQUADRA X INFO AGG (LEGABILE) | SI
U/O ASIATICO;Over;;;;NON_MAPPATO;famiglia non riconosciuta;2;2;STARCASINO;CALCIO | EUROPA - UEFA NATIONS LEAGUE | Germania - Grecia | U/O ASIATICO | Over
U/O BREAK GIOCATORE;OVER;;;;NON_MAPPATO;famiglia non riconosciuta;2;1;SPORTBET;TENNIS | TORNEO DI CHENGDU | Harris, Lloyd - Hurkacz, Hubert | U/O BREAK GIOCATORE | OVER
U/O CALCI D''ANGOLO TEAM 1 + U/O CALCI D''ANGOLO TEAM 2;UNDER+UNDER;UNDER+UNDER;;;NON_MAPPATO;famiglia non riconosciuta;2;1;STARCASINO;CALCIO | EUROPA - UEFA NATIONS LEAGUE | Repubblica Ceca - Croazia | U/O CALCI D''ANGOLO TEAM 1 + U/O CALCI D''ANGOLO TEAM 2 | UNDER+UNDER
U/O CART. CASA + U/O CART. OSPITE;U Casa+U Osp.;;;;NON_MAPPATO;famiglia non riconosciuta;2;1;WILLIAMHILL;CALCIO | EUROPA - UEFA NATIONS LEAGUE | Austria - Kosovo | U/O CART. CASA + U/O CART. OSPITE | U Casa+U Osp.
U/O CARTELLINI CASA + U/O CARTELLINI OSPITE;UNDER+UNDER;;;;NON_MAPPATO;famiglia non riconosciuta;2;1;STANLEYBET;CALCIO | EUROPA - UEFA NATIONS LEAGUE | Germania - Grecia | U/O CARTELLINI CASA + U/O CARTELLINI OSPITE | UNDER+UNDER
U/O GAME;Under;;;;NON_MAPPATO;famiglia non riconosciuta;2;2;STARCASINO;TENNIS | TORNEO DI CHENGDU | Harris, Lloyd - Hurkacz, Hubert | U/O GAME | Under
U/O GIOCHI NEL MATCH;UNDER;;;;NON_MAPPATO;famiglia non riconosciuta;2;2;SPORTBET;TENNIS | LAVER CUP | Zverev, Alexander - Tien, Learner | U/O GIOCHI NEL MATCH | UNDER
U/O GOAL GIOCATORE (TORNEO);Over;;;;NON_MAPPATO;famiglia non riconosciuta;2;2;WILLIAMHILL;CALCIO | ITALIA - I DIVISIONE | Serie A 2026/27 | U/O GOAL GIOCATORE (TORNEO) | Over
U/O INFO1 + GG/NG;NO GOAL + UNDER;;;;NON_MAPPATO;famiglia non riconosciuta;2;2;MARATHON, STARCASINO;CALCIO | EUROPA - UEFA NATIONS LEAGUE | Gibilterra - Andorra | U/O INFO1 + GG/NG | NO GOAL + UNDER
U/O INFO1 ACE GIOCATORE INFO2;UNDER;;;;NON_MAPPATO;famiglia non riconosciuta;2;2;DOMUSBET;TENNIS | BILLIE JEAN KING CUP | Paolini, Jasmine - Zheng, Qinwen | U/O INFO1 ACE GIOCATORE INFO2 | UNDER
U/O INFO1 BATTUTE VALIDE SQUADRA INFO2 INCL. EX IN;OVER;;;;NON_MAPPATO;famiglia non riconosciuta;2;2;DOMUSBET;BASEBALL | AMERICA - MAJOR LEAGUE | Los Angeles Dodgers - San Diego Padres | U/O INFO1 BATTUTE VALIDE SQUADRA INFO2 INCL. EX IN | OVER
U/O INFO1 CARTELLINI - INFO2°T;OVER;;;;NON_MAPPATO;famiglia non riconosciuta;2;2;MARATHON;CALCIO | EUROPA - UEFA NATIONS LEAGUE | Germania - Grecia | U/O INFO1 CARTELLINI - INFO2°T | OVER
U/O INFO1 CARTELLINI SQUADRA INFO2;Under;;;;NON_MAPPATO;famiglia non riconosciuta;2;2;WILLIAMHILL;CALCIO | EUROPA - UEFA NATIONS LEAGUE | Austria - Kosovo | U/O INFO1 CARTELLINI SQUADRA INFO2 | Under
U/O INFO1 CLASSIFICATI;UNDER;;;;NON_MAPPATO;famiglia non riconosciuta;2;2;DOMUSBET;AUTOMOBILISMO | MONDO - CAMPIONATO FORMULA 1 | GP Baku GARA | U/O INFO1 CLASSIFICATI | UNDER
U/O INFO1 CORNER CASA + U/O INFO2 CORNER OSPITE;OVER+OVER;;;;NON_MAPPATO;famiglia non riconosciuta;2;2;MARATHON, WILLIAMHILL;CALCIO | EUROPA - UEFA NATIONS LEAGUE | Norvegia - Portogallo | U/O INFO1 CORNER CASA + U/O INFO2 CORNER OSPITE | OVER+OVER
U/O INFO1 CORNER T.R;OVER;OVER;;;NON_MAPPATO;famiglia non riconosciuta;2;2;DOMUSBET;CALCIO | ITALIA - I DIVISIONE | Inter - Udinese | U/O INFO1 CORNER T.R | OVER
U/O INFO1 CORNER TEMPO INFO2;UNDER;;;;NON_MAPPATO;famiglia non riconosciuta;2;1;STANLEYBET;CALCIO | EUROPA - UEFA NATIONS LEAGUE | Danimarca - Galles | U/O INFO1 CORNER TEMPO INFO2 | UNDER
U/O INFO1 FALLI COMMESSI;UNDER;;;;NON_MAPPATO;famiglia non riconosciuta;2;2;MARATHON;CALCIO | EUROPA - UEFA NATIONS LEAGUE | Norvegia - Portogallo | U/O INFO1 FALLI COMMESSI | UNDER
U/O INFO1 FIELD GOAL;OVER;;;;NON_MAPPATO;famiglia non riconosciuta;2;1;MARATHON;FOOTBALL AMERICANO | USA - CAMPIONATO NFL | Tampa Bay Buccaneers - Minnesota Vikings | U/O INFO1 FIELD GOAL | OVER
U/O INFO1 FRAME;Over;;;;NON_MAPPATO;famiglia non riconosciuta;2;2;WILLIAMHILL;SNOOKER | MONDO - RANKING EVENTS | Xintong, Zhao - Donaldson, Scott | U/O INFO1 FRAME | Over
U/O INFO1 FRAME;Under;;;;NON_MAPPATO;famiglia non riconosciuta;2;2;WILLIAMHILL;SNOOKER | MONDO - RANKING EVENTS | Guodong, Xiao - Holt, Michael | U/O INFO1 FRAME | Under
U/O INFO1 FUORIGIOCO INCL.TS;UNDER;;;;NON_MAPPATO;famiglia non riconosciuta;2;2;DOMUSBET;CALCIO | ITALIA - I DIVISIONE | Milan - Lecce | U/O INFO1 FUORIGIOCO INCL.TS | UNDER
U/O INFO1 GAME INFO2 SET;OVER;;;;NON_MAPPATO;famiglia non riconosciuta;2;2;ADMIRAL;TENNIS | TORNEO DI BASTAD | Borges, Nuno - Dimitrov, Grigor | U/O INFO1 GAME INFO2 SET | OVER
U/O INFO1 GOL;UNDER;;;;NON_MAPPATO;famiglia non riconosciuta;2;2;DOMUSBET;PALLAMANO | GERMANIA - COPPA | Essen - Potsdam | U/O INFO1 GOL | UNDER
U/O INFO1 INFO2 TEMPO;UNDER;UNDER;;;NON_MAPPATO;famiglia non riconosciuta;2;1;DOMUSBET;CALCIO | DANIMARCA - COPPA | Horsholm-Usserod - Aarhus Fremad | U/O INFO1 INFO2 TEMPO | UNDER
U/O INFO1 PLUS SQ INFO2;OVER;;;;NON_MAPPATO;famiglia non riconosciuta;2;2;DOMUSBET;CALCIO | EUROPA - UEFA NATIONS LEAGUE | Norvegia - Portogallo | U/O INFO1 PLUS SQ INFO2 | OVER
U/O INFO1 PUNTI SQUADRA INFO2 INFO3 QUARTO;OVER;;;;NON_MAPPATO;famiglia non riconosciuta;2;2;DOMUSBET;BASKET | EUROPA - EUROLEGA | Panathinaikos - Paris Basketball | U/O INFO1 PUNTI SQUADRA INFO2 INFO3 QUARTO | OVER
U/O INFO1 SET INCONTRO;Over;;;;NON_MAPPATO;famiglia non riconosciuta;2;2;STARCASINO;TENNIS | LAVER CUP | Jodar, Rafael - Fritz, Taylor | U/O INFO1 SET INCONTRO | Over
U/O INFO1 SQ. INFO2 - INFO3°T;Under;;;;NON_MAPPATO;famiglia non riconosciuta;2;2;STARCASINO;CALCIO | EUROPA - UEFA NATIONS LEAGUE | Danimarca - Galles | U/O INFO1 SQ. INFO2 - INFO3°T | Under
U/O INFO1 SQUADRA INFO2 (INCL. EVENTUALI O.T.);UNDER;;;;NON_MAPPATO;famiglia non riconosciuta;2;2;STANLEYBET;BASKET | ISRAELE - COPPA DI LEGA | Maccabi Tel Aviv - Ironi Kiryat ATA | U/O INFO1 SQUADRA INFO2 (INCL. EVENTUALI O.T.) | UNDER
U/O INFO1 SQUADRA INFO2 INFO3°T;OVER;OVER;;;NON_MAPPATO;famiglia non riconosciuta;2;2;DOMUSBET;CALCIO | DANIMARCA - COPPA | Naesby BK - Horsens | U/O INFO1 SQUADRA INFO2 INFO3°T | OVER
U/O INFO1 TEMPI SUPPL;UNDER;;;;NON_MAPPATO;famiglia non riconosciuta;2;2;DOMUSBET;CALCIO | INGHILTERRA - COPPA FA | Worksop Town - AFC Telford United | U/O INFO1 TEMPI SUPPL | UNDER
U/O INFO1 TIRI IN PORTA INCL.TS;OVER;OVER;;;NON_MAPPATO;famiglia non riconosciuta;2;1;DOMUSBET;CALCIO | ITALIA - I DIVISIONE | Inter - Udinese | U/O INFO1 TIRI IN PORTA INCL.TS | OVER
U/O INFO1+PARI/DISPARI;OVER + DISPARI;;;;NON_MAPPATO;famiglia non riconosciuta;2;1;DOMUSBET;CALCIO | NORVEGIA - III DIVISIONE | Arendal FK - Brattvaag | U/O INFO1+PARI/DISPARI | OVER + DISPARI
U/O INFO2 SET INCONTRO;Under;;;;NON_MAPPATO;famiglia non riconosciuta;2;2;WILLIAMHILL;TENNIS | CHALLENGER DI PORTOGALLO | Matusevich, Anton - Cacao, Tiago | U/O INFO2 SET INCONTRO | Under
U/O PUNTI NELLA META';OVER;;;;NON_MAPPATO;famiglia non riconosciuta;2;2;DOMUSBET;FOOTBALL AUSTRALIANO | AUSTRALIA - AFL FEMMINILE | Carlton Blues - Richmond Tigers | U/O PUNTI NELLA META' | OVER
U/O PUNTI SQUADRA X NELLA MANIFESTAZIONE STAGIONE REGOLARE I.A.35;UNDER;;;;NON_MAPPATO;famiglia non riconosciuta;2;2;MARATHON, STANLEYBET;CALCIO | ITALIA - I DIVISIONE | Serie A 2026/27 | U/O PUNTI SQUADRA X NELLA MANIFESTAZIONE STAGIONE REGOLARE I.A.35 | UNDER
U/O PUNTI+RIMBALZI+ASSIST;Over;;;;NON_MAPPATO;famiglia non riconosciuta;2;2;STARCASINO;BASKET | USA - WNBA | Las Vegas Aces - Indiana Fever | U/O PUNTI+RIMBALZI+ASSIST | Over
U/O SET;Over;;;;NON_MAPPATO;famiglia non riconosciuta;2;2;WILLIAMHILL;VOLLEY | POLONIA - II DIVISIONE | Avia Swidnik - Uks Sparta Grodzisk Mazowiecki | U/O SET | Over
U/O TIRI IN PORTA OSPITE TR;OVER;;;;NON_MAPPATO;famiglia non riconosciuta;2;1;STANLEYBET;CALCIO | EUROPA - UEFA NATIONS LEAGUE | Serbia - Olanda | U/O TIRI IN PORTA OSPITE TR | OVER
U/O TIRI IN PORTA TEAM 2 (INCLUSO TS);Over;;;;NON_MAPPATO;famiglia non riconosciuta;2;2;WILLIAMHILL;CALCIO | EUROPA - UEFA NATIONS LEAGUE | Austria - Kosovo | U/O TIRI IN PORTA TEAM 2 (INCLUSO TS) | Over
U/O TIRI TOTALI SQUADRA;OVER;;;;NON_MAPPATO;famiglia non riconosciuta;2;2;360BET, TOTOSI;CALCIO | EUROPA - UEFA NATIONS LEAGUE | Norvegia - Portogallo | U/O TIRI TOTALI SQUADRA | OVER
ULTIMA CLASSIFICATA;Frosinone;;;;NON_MAPPATO;famiglia non riconosciuta;2;2;ADMIRAL, DOMUSBET;CALCIO | ITALIA - I DIVISIONE | Serie A 2026/27 | ULTIMA CLASSIFICATA | Frosinone
ULTIMA CLASSIFICATA;Parma;;;;NON_MAPPATO;famiglia non riconosciuta;2;2;DOMUSBET, SPORTBET;CALCIO | ITALIA - I DIVISIONE | Serie A 2026/27 | ULTIMA CLASSIFICATA | Parma
ULTIMA CLASSIFICATA;Sabah;;;;NON_MAPPATO;famiglia non riconosciuta;2;2;DOMUSBET;CALCIO | EUROPA - CHAMPIONS LEAGUE | Champions League 2026/27 Fase Campionato | ULTIMA CLASSIFICATA | Sabah
ULTIMA IN CLASSIFICA;Cagliari;;;;NON_MAPPATO;famiglia non riconosciuta;2;2;STANLEYBET;CALCIO | ITALIA - I DIVISIONE | Serie A 2026/27 | ULTIMA IN CLASSIFICA | Cagliari
ULTIMA IN CLASSIFICA;Coventry;;;;NON_MAPPATO;famiglia non riconosciuta;2;2;STARCASINO, WILLIAMHILL;CALCIO | INGHILTERRA - I DIVISIONE | Premier League 26/27 | ULTIMA IN CLASSIFICA | Coventry
ULTIMA IN CLASSIFICA;Fiorentina;;;;NON_MAPPATO;famiglia non riconosciuta;2;2;STARCASINO, WILLIAMHILL;CALCIO | ITALIA - I DIVISIONE | Serie A 2026/27 | ULTIMA IN CLASSIFICA | Fiorentina
ULTIMA IN CLASSIFICA;Genoa;;;;NON_MAPPATO;famiglia non riconosciuta;2;2;STARCASINO, WILLIAMHILL;CALCIO | ITALIA - I DIVISIONE | Serie A 2026/27 | ULTIMA IN CLASSIFICA | Genoa
ULTIMA IN CLASSIFICA;Lecce;;;;NON_MAPPATO;famiglia non riconosciuta;2;2;STARCASINO;CALCIO | ITALIA - I DIVISIONE | Serie A 2026/27 | ULTIMA IN CLASSIFICA | Lecce
ULTIMA IN CLASSIFICA;Lens;;;;NON_MAPPATO;famiglia non riconosciuta;2;2;STARCASINO;CALCIO | FRANCIA - I DIVISIONE | Ligue 1 2026/2027 | ULTIMA IN CLASSIFICA | Lens
ULTIMA IN CLASSIFICA;Marsiglia;;;;NON_MAPPATO;famiglia non riconosciuta;2;2;STARCASINO;CALCIO | FRANCIA - I DIVISIONE | Ligue 1 2026/2027 | ULTIMA IN CLASSIFICA | Marsiglia
ULTIMA IN CLASSIFICA;Parma;;;;NON_MAPPATO;famiglia non riconosciuta;2;2;STARCASINO;CALCIO | ITALIA - I DIVISIONE | Serie A 2026/27 | ULTIMA IN CLASSIFICA | Parma
ULTIMA IN CLASSIFICA;Shakhtar Donetsk;;;;NON_MAPPATO;famiglia non riconosciuta;2;2;STARCASINO, WILLIAMHILL;CALCIO | EUROPA - CHAMPIONS LEAGUE | Champions League 2026/27 Fase Campionato | ULTIMA IN CLASSIFICA | Shakhtar Donetsk
ULTIMA IN CLASSIFICA;Venezia;;;;NON_MAPPATO;famiglia non riconosciuta;2;2;STARCASINO, WILLIAMHILL;CALCIO | ITALIA - I DIVISIONE | Serie A 2026/27 | ULTIMA IN CLASSIFICA | Venezia
UN 1°T + UN 2°T;Si;;;;NON_MAPPATO;famiglia non riconosciuta;2;2;STARCASINO;CALCIO | EUROPA - UEFA NATIONS LEAGUE | Norvegia - Portogallo | UN 1°T + UN 2°T | Si
VINCENTE;AEK ATENE;;;;NON_MAPPATO;famiglia non riconosciuta;2;2;STARCASINO;CALCIO | GRECIA - I DIVISIONE | Super League 1 2025/2026 | VINCENTE | AEK ATENE
VINCENTE;APRILIA RACING;;;;NON_MAPPATO;famiglia non riconosciuta;2;2;STANLEYBET;motociclismo | MONDO - MOTOMONDIALE | Mondiale Motogp 2026 - Team Vincente | VINCENTE | APRILIA RACING
VINCENTE;ATL Falcons;;;;NON_MAPPATO;famiglia non riconosciuta;2;2;DOMUSBET, SPORTBET;FOOTBALL AMERICANO | USA - CAMPIONATO NFL | NFC South 2026/27 | VINCENTE | ATL Falcons
VINCENTE;ATL Hawks;;;;NON_MAPPATO;famiglia non riconosciuta;2;2;ADMIRAL, DOMUSBET;BASKET | USA - NBA | NBA Cup 2026/27 | VINCENTE | ATL Hawks
VINCENTE;Aalborg Handbold;;;;NON_MAPPATO;famiglia non riconosciuta;2;2;ADMIRAL;PALLAMANO | DANIMARCA - I DIVISIONE | Danimarca 1 2026/27 | VINCENTE | Aalborg Handbold
VINCENTE;Ac Trento;;;;NON_MAPPATO;famiglia non riconosciuta;2;2;STANLEYBET, STARCASINO;CALCIO | ITALIA - III DIVISIONE | Serie C - Girone A | VINCENTE | Ac Trento
VINCENTE;Agius S.;;;;NON_MAPPATO;famiglia non riconosciuta;2;2;ADMIRAL, SPORTBET;MOTOCICLISMO | MONDO - MOTOMONDIALE | Mondiale Moto2 2026 | VINCENTE | Agius S.
VINCENTE;Alexandra Eala;;;;NON_MAPPATO;famiglia non riconosciuta;2;2;DOMUSBET, SPORTBET;TENNIS | TORNEO DI SINGAPORE | Wta Singapore 2026 | VINCENTE | Alexandra Eala
VINCENTE;Almansa D.;;;;NON_MAPPATO;famiglia non riconosciuta;2;2;ADMIRAL, SPORTBET;MOTOCICLISMO | MONDO - MOTOMONDIALE | Mondiale Moto3 2026 - Vincente Senza Quiles | VINCENTE | Almansa D.
VINCENTE;Almeria;;;;NON_MAPPATO;famiglia non riconosciuta;2;2;ADMIRAL, BBET;CALCIO | SPAGNA - II DIVISIONE | LaLiga 2 2025/2026 | VINCENTE | Almeria
VINCENTE;Argentina;;;;NON_MAPPATO;famiglia non riconosciuta;2;2;ADMIRAL, STARCASINO;CALCIO | MONDO - MONDIALI | Mondiale 2026 Gruppo J | VINCENTE | Argentina
VINCENTE;Arsenal (F);;;;NON_MAPPATO;famiglia non riconosciuta;2;2;DOMUSBET, STARCASINO;CALCIO | INGHILTERRA - I DIVISIONE F. | Inghilterra - Super League Femminile 2026/27 | VINCENTE | Arsenal (F)
VINCENTE;Ascoli;;;;NON_MAPPATO;famiglia non riconosciuta;2;2;STANLEYBET;CALCIO | ITALIA - III DIVISIONE | VINCENTE PLAY OFF SERIE C 2025/2026 | VINCENTE | Ascoli
VINCENTE;Asvel Lyon-Villeurbanne;;;;NON_MAPPATO;famiglia non riconosciuta;2;2;ADMIRAL;BASKET | FRANCIA - I DIVISIONE | LNB Pro A 2025/26 | VINCENTE | Asvel Lyon-Villeurbanne
VINCENTE;Atletico Tucuman;;;;NON_MAPPATO;famiglia non riconosciuta;2;2;ADMIRAL, BBET;CALCIO | ARGENTINA - COPPA | Copa Argentina 2026 | VINCENTE | Atletico Tucuman
VINCENTE;Bayern;;;;NON_MAPPATO;famiglia non riconosciuta;2;2;ADMIRAL, STANLEYBET;CALCIO | EUROPA - CHAMPIONS LEAGUE | UEFA Champions League 25/26 | VINCENTE | Bayern
VINCENTE;Bearman O.;;;;NON_MAPPATO;famiglia non riconosciuta;2;2;DOMUSBET, STARCASINO;AUTOMOBILISMO | MONDO - CAMPIONATO FORMULA 1 | Formula 1 Mondiale Piloti 2026 | VINCENTE | Bearman O.
VINCENTE;Belgio;;;;NON_MAPPATO;famiglia non riconosciuta;2;2;ADMIRAL;CALCIO | MONDO - MONDIALI | Mondiale 2026 Gruppo G | VINCENTE | Belgio
VINCENTE;Benevento;;;;NON_MAPPATO;famiglia non riconosciuta;2;2;MARATHON, SPORTBET;CALCIO | ITALIA - II DIVISIONE | Serie B 2026 - 2027 | VINCENTE | Benevento
VINCENTE;Bjerringbro-Silkeborg;;;;NON_MAPPATO;famiglia non riconosciuta;2;2;ADMIRAL;PALLAMANO | DANIMARCA - I DIVISIONE | Danimarca 1 2026/27 | VINCENTE | Bjerringbro-Silkeborg
VINCENTE;Bortoleto G.;;;;NON_MAPPATO;famiglia non riconosciuta;2;2;STARCASINO, WILLIAMHILL;AUTOMOBILISMO | MONDO - CAMPIONATO FORMULA 1 | Formula 1 Mondiale Piloti 2026 | VINCENTE | Bortoleto G.
VINCENTE;Botic Van De Zandschulp;;;;NON_MAPPATO;famiglia non riconosciuta;2;2;DOMUSBET;TENNIS | TORNEO DI CHENGDU | Atp Chengdu 2026 | VINCENTE | Botic Van De Zandschulp
VINCENTE;CONEGLIANO;;;;NON_MAPPATO;famiglia non riconosciuta;2;2;ADMIRAL;VOLLEY | ITALIA - I DIVISIONE F. | Serie A1 Femminile 2025/2026 | VINCENTE | CONEGLIANO
VINCENTE;Casertana Fc;;;;NON_MAPPATO;famiglia non riconosciuta;2;2;DOMUSBET, STANLEYBET;CALCIO | ITALIA - III DIVISIONE | Serie C Girone C | VINCENTE | Casertana Fc
VINCENTE;Cd Castellon;;;;NON_MAPPATO;famiglia non riconosciuta;2;2;BBET, STANLEYBET;CALCIO | SPAGNA - II DIVISIONE | Liga2 2026/27 | VINCENTE | Cd Castellon
VINCENTE;Cesena Fc;;;;NON_MAPPATO;famiglia non riconosciuta;2;2;ADMIRAL, MARATHON;CALCIO | ITALIA - II DIVISIONE | Serie B 2026 - 2027 | VINCENTE | Cesena Fc
VINCENTE;Chicago Fire;;;;NON_MAPPATO;famiglia non riconosciuta;2;2;BBET, WILLIAMHILL;CALCIO | USA - I DIVISIONE | MLS 2026 | VINCENTE | Chicago Fire
VINCENTE;Clinton H.;;;;NON_MAPPATO;famiglia non riconosciuta;2;2;ADMIRAL, STANLEYBET;ELEZIONI POLITICHE | ELEZIONI PRESIDENZIALI USA | Vincente Presidenziali USA 2028 | VINCENTE | Clinton H.
VINCENTE;Coleraine;;;;NON_MAPPATO;famiglia non riconosciuta;2;2;STARCASINO;CALCIO | IRLANDA DEL NORD - I DIVISIONE | NIFL Premiership 2026/27 | VINCENTE | Coleraine
VINCENTE;Corinthians;;;;NON_MAPPATO;famiglia non riconosciuta;2;2;STARCASINO;CALCIO | AMERICA - COPPA LIBERTADORES | Copa Libertadores 2026 | VINCENTE | Corinthians
VINCENTE;Criciuma;;;;NON_MAPPATO;famiglia non riconosciuta;2;2;DOMUSBET, STARCASINO;CALCIO | BRASILE - II DIVISIONE | Serie B 2026 | VINCENTE | Criciuma
VINCENTE;Danimarca;;;;NON_MAPPATO;famiglia non riconosciuta;2;2;ADMIRAL, SPORTBET;PALLAMANO | MONDO - MONDIALI | Mondiali Maschili 2027 | VINCENTE | Danimarca
VINCENTE;Denis Shapovalov;;;;NON_MAPPATO;famiglia non riconosciuta;2;2;DOMUSBET;TENNIS | TORNEO DI CHENGDU | Atp Chengdu 2026 | VINCENTE | Denis Shapovalov
VINCENTE;Deportivo La Coruna;;;;NON_MAPPATO;famiglia non riconosciuta;2;2;ADMIRAL;CALCIO | SPAGNA - II DIVISIONE | LaLiga 2 2025/2026 | VINCENTE | Deportivo La Coruna
VINCENTE;Deportivo Riestra;;;;NON_MAPPATO;famiglia non riconosciuta;2;2;ADMIRAL;CALCIO | ARGENTINA - COPPA | Copa Argentina 2026 | VINCENTE | Deportivo Riestra
VINCENTE;Dunajska Streda;;;;NON_MAPPATO;famiglia non riconosciuta;2;2;STARCASINO;CALCIO | SLOVACCHIA - I DIVISIONE | Super Liga 2026/27 | VINCENTE | Dunajska Streda
VINCENTE;Dylan Harper;;;;NON_MAPPATO;famiglia non riconosciuta;2;2;DOMUSBET, MARATHON;BASKET | USA - NBA | NBA 2026/27 Most Improved Player | VINCENTE | Dylan Harper
VINCENTE;EDM Oilers;;;;NON_MAPPATO;famiglia non riconosciuta;2;2;ADMIRAL, MARATHON;HOCKEY GHIACCIO | AMERICA - NHL | NHL Stanley Cup 2026/27 | VINCENTE | EDM Oilers
VINCENTE;Elina Svitolina;;;;NON_MAPPATO;famiglia non riconosciuta;2;2;MARATHON, STARCASINO;TENNIS | ROLAND GARROS | Roland Garros Femminile 27 | VINCENTE | Elina Svitolina
VINCENTE;Empoli Fc;;;;NON_MAPPATO;famiglia non riconosciuta;2;2;ADMIRAL, DOMUSBET;CALCIO | ITALIA - II DIVISIONE | Serie B 2026 - 2027 | VINCENTE | Empoli Fc
VINCENTE;FC Nordsjaelland;;;;NON_MAPPATO;famiglia non riconosciuta;2;2;ADMIRAL, STARCASINO;CALCIO | DANIMARCA - I DIVISIONE | Superligaen 2026/27 | VINCENTE | FC Nordsjaelland
VINCENTE;FK Austria Vienna;;;;NON_MAPPATO;famiglia non riconosciuta;2;2;ADMIRAL;CALCIO | AUSTRIA - I DIVISIONE | Bundesliga (AUT) 2026/27 | VINCENTE | FK Austria Vienna
VINCENTE;FLA Panthers;;;;NON_MAPPATO;famiglia non riconosciuta;2;2;MARATHON, WILLIAMHILL;HOCKEY GHIACCIO | AMERICA - NHL | NHL Atlantic Division 2026/27 | VINCENTE | FLA Panthers
VINCENTE;Fc Tokyo;;;;NON_MAPPATO;famiglia non riconosciuta;2;2;STARCASINO;CALCIO | GIAPPONE - I DIVISIONE | J-league 2027 | VINCENTE | Fc Tokyo
VINCENTE;Felix Auger Aliassime;;;;NON_MAPPATO;famiglia non riconosciuta;2;2;ADMIRAL, DOMUSBET;TENNIS | AUSTRALIAN OPEN | Australian Open Maschile 2027 | VINCENTE | Felix Auger Aliassime
VINCENTE;Fernandez A.;;;;NON_MAPPATO;famiglia non riconosciuta;2;2;ADMIRAL;MOTOCICLISMO | MONDO - MOTOMONDIALE | Mondiale Moto3 2026 | VINCENTE | Fernandez A.
VINCENTE;Fils Arthur;;;;NON_MAPPATO;famiglia non riconosciuta;2;2;ADMIRAL;TENNIS | TORNEO DI MONTREAL | Atp Montreal 2026 | VINCENTE | Fils Arthur
VINCENTE;Fredericia HK;;;;NON_MAPPATO;famiglia non riconosciuta;2;2;ADMIRAL;PALLAMANO | DANIMARCA - I DIVISIONE | Danimarca 1 2026/27 | VINCENTE | Fredericia HK
VINCENTE;GALATASARAY;;;;NON_MAPPATO;famiglia non riconosciuta;2;2;STARCASINO;CALCIO | TURCHIA - I DIVISIONE | Super Lig 2025/26 | VINCENTE | GALATASARAY
VINCENTE;GERMANIA;;;;NON_MAPPATO;famiglia non riconosciuta;2;2;SPORTBET, STANLEYBET;CALCIO | MONDO - MONDIALI | Mondiali 2026 | VINCENTE | GERMANIA
VINCENTE;GOG;;;;NON_MAPPATO;famiglia non riconosciuta;2;2;ADMIRAL;PALLAMANO | DANIMARCA - I DIVISIONE | Danimarca 1 2026/27 | VINCENTE | GOG
VINCENTE;GS Valkyries;;;;NON_MAPPATO;famiglia non riconosciuta;2;2;ADMIRAL;BASKET | USA - WNBA | WNBA 2026 | VINCENTE | GS Valkyries
VINCENTE;Genk;;;;NON_MAPPATO;famiglia non riconosciuta;2;2;DOMUSBET, WILLIAMHILL;CALCIO | BELGIO - I DIVISIONE | Belgio Jupiler Pro League 2026/27 | VINCENTE | Genk
VINCENTE;Getafe;;;;NON_MAPPATO;famiglia non riconosciuta;2;2;ADMIRAL, STANLEYBET;CALCIO | SPAGNA - COPPA | Copa del Rey 2026/2027 | VINCENTE | Getafe
VINCENTE;Haas;;;;NON_MAPPATO;famiglia non riconosciuta;2;2;ADMIRAL, WILLIAMHILL;AUTOMOBILISMO | MONDO - CAMPIONATO FORMULA 1 | Formula 1 Mondiale Costruttori 2026 | VINCENTE | Haas
VINCENTE;Hector Alvarez;;;;NON_MAPPATO;famiglia non riconosciuta;2;2;DOMUSBET;CICLISMO | MONDO - MONDIALI SU STRADA U23 | Mondiali 2026 - Cronometro Maschile U23 | VINCENTE | Hector Alvarez
VINCENTE;Hull;;;;NON_MAPPATO;famiglia non riconosciuta;2;2;STARCASINO, WILLIAMHILL;CALCIO | INGHILTERRA - I DIVISIONE | Premier League 26/27 | VINCENTE | Hull
VINCENTE;Independiente Rivadavia;;;;NON_MAPPATO;famiglia non riconosciuta;2;2;ADMIRAL;CALCIO | ARGENTINA - COPPA | Copa Argentina 2026 | VINCENTE | Independiente Rivadavia
VINCENTE;Jasper Philipsen;;;;NON_MAPPATO;famiglia non riconosciuta;2;2;DOMUSBET;CICLISMO | UCI PROSERIES | Flandrien 0.0 Classic 2026 | VINCENTE | Jasper Philipsen
VINCENTE;Jessica Pegula;;;;NON_MAPPATO;famiglia non riconosciuta;2;2;SPORTBET, STARCASINO;TENNIS | AUSTRALIAN OPEN | Australian Open Femminile 2027 | VINCENTE | Jessica Pegula
VINCENTE;Jodar Rafael;;;;NON_MAPPATO;famiglia non riconosciuta;2;2;ADMIRAL;TENNIS | TORNEO DI MONTREAL | Atp Montreal 2026 | VINCENTE | Jodar Rafael
VINCENTE;Jonas Vingegaard;;;;NON_MAPPATO;famiglia non riconosciuta;2;2;DOMUSBET, STANLEYBET;CICLISMO | TOUR DE FRANCE | Tour de France 2027 | VINCENTE | Jonas Vingegaard
VINCENTE;Kamilla Rakhimova;;;;NON_MAPPATO;famiglia non riconosciuta;2;2;DOMUSBET;TENNIS | TORNEO DI SEOUL | Wta Seoul 2026 | VINCENTE | Kamilla Rakhimova
VINCENTE;Katie Volynets;;;;NON_MAPPATO;famiglia non riconosciuta;2;2;DOMUSBET;TENNIS | TORNEO DI SEOUL | Wta Seoul 2026 | VINCENTE | Katie Volynets
VINCENTE;L.Hamilton - Ferrari;;;;NON_MAPPATO;famiglia non riconosciuta;2;2;STANLEYBET;automobilismo | MONDO - CAMPIONATO FORMULA 1 | ACCOPPIATA MONDIALI PILOTI E COSTRUTTORI 2026 | VINCENTE | L.Hamilton - Ferrari
VINCENTE;LA DODGERS;;;;NON_MAPPATO;famiglia non riconosciuta;2;2;ADMIRAL, STANLEYBET;BASEBALL | AMERICA - MAJOR LEAGUE | MLB 2026 - National League West | VINCENTE | LA DODGERS
VINCENTE;LAFC;;;;NON_MAPPATO;famiglia non riconosciuta;2;2;BBET, DOMUSBET;CALCIO | USA - I DIVISIONE | MLS 2026 | VINCENTE | LAFC
VINCENTE;Larne;;;;NON_MAPPATO;famiglia non riconosciuta;2;2;STARCASINO;CALCIO | IRLANDA DEL NORD - I DIVISIONE | NIFL Premiership 2026/27 | VINCENTE | Larne
VINCENTE;Laurence Pithie;;;;NON_MAPPATO;famiglia non riconosciuta;2;2;DOMUSBET;CICLISMO | UCI PROSERIES | Flandrien 0.0 Classic 2026 | VINCENTE | Laurence Pithie
VINCENTE;Le Pen M.;;;;NON_MAPPATO;famiglia non riconosciuta;2;2;STANLEYBET, STARCASINO;elezioni politiche | ELEZIONI PRESIDENZIALI FRANCIA | Elezioni Presidenziali Francia 2027 | VINCENTE | Le Pen M.
VINCENTE;Leclerc, Charles;;;;NON_MAPPATO;famiglia non riconosciuta;2;2;DOMUSBET;AUTOMOBILISMO | MONDO - CAMPIONATO FORMULA 1 | 2e prove libere Azerbaijan Grand Prix 2026 | VINCENTE | Leclerc, Charles
VINCENTE;Lincoln City;;;;NON_MAPPATO;famiglia non riconosciuta;2;2;STANLEYBET, STARCASINO;CALCIO | INGHILTERRA - III DIVISIONE | League One 25/26 | VINCENTE | Lincoln City
VINCENTE;Livingston;;;;NON_MAPPATO;famiglia non riconosciuta;2;2;SPORTBET;CALCIO | SCOZIA - II DIVISIONE | Championship 2026/27 | VINCENTE | Livingston
VINCENTE;Maastricht;;;;NON_MAPPATO;famiglia non riconosciuta;2;2;ADMIRAL, STARCASINO;CALCIO | OLANDA - II DIVISIONE | Eerste Divisie 2026/27 | VINCENTE | Maastricht
VINCENTE;Mathias Vacek;;;;NON_MAPPATO;famiglia non riconosciuta;2;2;BBET, STANLEYBET;CICLISMO | MONDIALI SU STRADA | Montreal 2026 - Corsa In Linea Maschile Elite | VINCENTE | Mathias Vacek
VINCENTE;Maya Joint;;;;NON_MAPPATO;famiglia non riconosciuta;2;2;DOMUSBET;TENNIS | TORNEO DI SEOUL | Wta Seoul 2026 | VINCENTE | Maya Joint
VINCENTE;Melenchon J. L.;;;;NON_MAPPATO;famiglia non riconosciuta;2;2;BBET;ELEZIONI POLITICHE | ELEZIONI PRESIDENZIALI FRANCIA | Elezioni Presidenziali Francia 2027 | VINCENTE | Melenchon J. L.
VINCENTE;Montella Y.;;;;NON_MAPPATO;famiglia non riconosciuta;2;2;ADMIRAL;MOTOCICLISMO | MONDO - MONDIALE SUPERBIKE | Superbike - Vincente Mondiale 2026 | VINCENTE | Montella Y.
VINCENTE;Morbidelli F.;;;;NON_MAPPATO;famiglia non riconosciuta;2;2;ADMIRAL, STANLEYBET;MOTOCICLISMO | MONDO - MOTOMONDIALE | Mondiale Motogp 2026 | VINCENTE | Morbidelli F.
VINCENTE;NE Patriots;;;;NON_MAPPATO;famiglia non riconosciuta;2;2;BBET, SPORTBET;FOOTBALL AMERICANO | USA - CAMPIONATO NFL | NFL 2026/2027 | VINCENTE | NE Patriots
VINCENTE;NO Saints;;;;NON_MAPPATO;famiglia non riconosciuta;2;2;DOMUSBET, WILLIAMHILL;FOOTBALL AMERICANO | USA - CAMPIONATO NFL | NFC South 2026/27 | VINCENTE | NO Saints
VINCENTE;NY METS;;;;NON_MAPPATO;famiglia non riconosciuta;2;2;DOMUSBET;BASEBALL | AMERICA - MAJOR LEAGUE | MLB 2026 - National League East | VINCENTE | NY METS
VINCENTE;Novak Djokovic;;;;NON_MAPPATO;famiglia non riconosciuta;2;2;DOMUSBET;TENNIS | AUSTRALIAN OPEN | Australian Open Maschile 2027 | VINCENTE | Novak Djokovic
VINCENTE;OLANDA;;;;NON_MAPPATO;famiglia non riconosciuta;2;2;ADMIRAL, SPORTBET;CALCIO | MONDO - MONDIALI | Mondiali 2026 | VINCENTE | OLANDA
VINCENTE;Olanda;;;;NON_MAPPATO;famiglia non riconosciuta;2;2;DOMUSBET, STANLEYBET;CALCIO | MONDO - MONDIALI | Mondiale 2026 Gruppo F | VINCENTE | Olanda
VINCENTE;Osasuna;;;;NON_MAPPATO;famiglia non riconosciuta;2;2;ADMIRAL, STARCASINO;CALCIO | SPAGNA - COPPA | Copa del Rey 2026/2027 | VINCENTE | Osasuna
VINCENTE;PHILADELPH. PHILLIES;;;;NON_MAPPATO;famiglia non riconosciuta;2;2;ADMIRAL, STARCASINO;BASEBALL | AMERICA - MAJOR LEAGUE | MLB 2026 - National League East | VINCENTE | PHILADELPH. PHILLIES
VINCENTE;POR Trail Blazers;;;;NON_MAPPATO;famiglia non riconosciuta;2;2;ADMIRAL;BASKET | USA - NBA | NBA - Western Conference 2026/27 | VINCENTE | POR Trail Blazers
VINCENTE;Parma;;;;NON_MAPPATO;famiglia non riconosciuta;2;2;ADMIRAL, SPORTBET;CALCIO | ITALIA - I DIVISIONE | Serie A 2026/27 | VINCENTE | Parma
VINCENTE;Partito Democratico;;;;NON_MAPPATO;famiglia non riconosciuta;2;2;DOMUSBET, SPORTBET;ELEZIONI POLITICHE | ELEZIONI PRESIDENZIALI USA | Partito Vincente Presidenziali USA 2028 | VINCENTE | Partito Democratico
VINCENTE;Petrucci D.;;;;NON_MAPPATO;famiglia non riconosciuta;2;2;ADMIRAL, STANLEYBET;MOTOCICLISMO | MONDO - MONDIALE SUPERBIKE | Superbike - Vincente Mondiale 2026 | VINCENTE | Petrucci D.
VINCENTE;Pisa;;;;NON_MAPPATO;famiglia non riconosciuta;2;2;WILLIAMHILL;CALCIO | ITALIA - II DIVISIONE | Serie B 2026 - 2027 | VINCENTE | Pisa
VINCENTE;Piu Di 2.5;;;;NON_MAPPATO;famiglia non riconosciuta;2;2;BBET;BASKET | USA - WNBA | Wnba 2026 - Totali Incontri Serie Ind Fever V Lv Aces | VINCENTE | Piu Di 2.5
VINCENTE;Quartararo F.;;;;NON_MAPPATO;famiglia non riconosciuta;2;2;BBET;MOTOCICLISMO | MONDO - MOTOMONDIALE | Mondiale Motogp 2026 | VINCENTE | Quartararo F.
VINCENTE;RAPHINHA D;;;;NON_MAPPATO;famiglia non riconosciuta;2;2;DOMUSBET;CALCIO | PALLONE D'ORO FIFA | Pallone D oro 2026 | VINCENTE | RAPHINHA D
VINCENTE;Raphinha;;;;NON_MAPPATO;famiglia non riconosciuta;2;2;DOMUSBET, TOTOSI;CALCIO | PALLONE D'ORO FIFA | Pallone D oro 2026 | VINCENTE | Raphinha
VINCENTE;Razgatlioglu T.;;;;NON_MAPPATO;famiglia non riconosciuta;2;2;ADMIRAL, STANLEYBET;MOTOCICLISMO | MONDO - MOTOMONDIALE | Mondiale Motogp 2026 | VINCENTE | Razgatlioglu T.
VINCENTE;Real Betis;;;;NON_MAPPATO;famiglia non riconosciuta;2;2;ADMIRAL, STANLEYBET;CALCIO | SPAGNA - COPPA | Copa del Rey 2026/2027 | VINCENTE | Real Betis
VINCENTE;Reims;;;;NON_MAPPATO;famiglia non riconosciuta;2;2;STANLEYBET, WILLIAMHILL;CALCIO | FRANCIA - II DIVISIONE | Ligue 2 2026/27 | VINCENTE | Reims
VINCENTE;Rennes;;;;NON_MAPPATO;famiglia non riconosciuta;2;2;ADMIRAL;CALCIO | FRANCIA - COPPA | Coppa Di Francia 2026/27 | VINCENTE | Rennes
VINCENTE;Roman Safiullin;;;;NON_MAPPATO;famiglia non riconosciuta;2;2;DOMUSBET;TENNIS | TORNEO DI HANGZHOU | Atp Hangzhou 2026 | VINCENTE | Roman Safiullin
VINCENTE;Rotherham;;;;NON_MAPPATO;famiglia non riconosciuta;2;2;BBET, WILLIAMHILL;CALCIO | INGHILTERRA - IV DIVISIONE | League Two 2026/2027 | VINCENTE | Rotherham
VINCENTE;SAN FRANCISCO GIANTS;;;;NON_MAPPATO;famiglia non riconosciuta;2;2;ADMIRAL;BASEBALL | AMERICA - MAJOR LEAGUE | MLB 2026 - National League West | VINCENTE | SAN FRANCISCO GIANTS
VINCENTE;SC Friburgo;;;;NON_MAPPATO;famiglia non riconosciuta;2;2;BBET, STANLEYBET;CALCIO | GERMANIA - COPPA DFB POKAL | DFB Cup 2026/27 | VINCENTE | SC Friburgo
VINCENTE;Sainz Jr. C.;;;;NON_MAPPATO;famiglia non riconosciuta;2;2;WILLIAMHILL;AUTOMOBILISMO | MONDO - CAMPIONATO FORMULA 1 | Formula 1 Mondiale Piloti 2026 | VINCENTE | Sainz Jr. C.
VINCENTE;San Lorenzo;;;;NON_MAPPATO;famiglia non riconosciuta;2;1;ADMIRAL;CALCIO | ARGENTINA - I DIVISIONE | Liga Profesional 2026 - Clausura | VINCENTE | San Lorenzo
VINCENTE;San Paolo;;;;NON_MAPPATO;famiglia non riconosciuta;2;2;ADMIRAL, DOMUSBET;CALCIO | BRASILE - I DIVISIONE | Brasile A 2026 | VINCENTE | San Paolo
VINCENTE;Sassari;;;;NON_MAPPATO;famiglia non riconosciuta;2;2;MARATHON, STARCASINO;BASKET | ITALIA - II DIVISIONE | Serie A2 2026/2027 - Regular Season | VINCENTE | Sassari
VINCENTE;Sassuolo;;;;NON_MAPPATO;famiglia non riconosciuta;2;2;ADMIRAL, SPORTBET;CALCIO | ITALIA - I DIVISIONE | Serie A 2026/27 | VINCENTE | Sassuolo
VINCENTE;Shanghai Port;;;;NON_MAPPATO;famiglia non riconosciuta;2;2;STANLEYBET;CALCIO | CINA - I DIVISIONE | Super League 2026 | VINCENTE | Shanghai Port
VINCENTE;Shelton Ben;;;;NON_MAPPATO;famiglia non riconosciuta;2;2;ADMIRAL;TENNIS | TORNEO DI MONTREAL | Atp Montreal 2026 | VINCENTE | Shelton Ben
VINCENTE;Skanderborg Handbold;;;;NON_MAPPATO;famiglia non riconosciuta;2;2;ADMIRAL;PALLAMANO | DANIMARCA - I DIVISIONE | Danimarca 1 2026/27 | VINCENTE | Skanderborg Handbold
VINCENTE;Skjern Handbold;;;;NON_MAPPATO;famiglia non riconosciuta;2;2;ADMIRAL;PALLAMANO | DANIMARCA - I DIVISIONE | Danimarca 1 2026/27 | VINCENTE | Skjern Handbold
VINCENTE;Southampton;;;;NON_MAPPATO;famiglia non riconosciuta;2;2;BBET, STANLEYBET;CALCIO | INGHILTERRA - II DIVISIONE | Championship 2026/27 | VINCENTE | Southampton
VINCENTE;Ss Arezzo;;;;NON_MAPPATO;famiglia non riconosciuta;2;2;MARATHON, SPORTBET;CALCIO | ITALIA - II DIVISIONE | Serie B 2026 - 2027 | VINCENTE | Ss Arezzo
VINCENTE;Stroll L.;;;;NON_MAPPATO;famiglia non riconosciuta;2;2;DOMUSBET, WILLIAMHILL;AUTOMOBILISMO | MONDO - CAMPIONATO FORMULA 1 | Formula 1 Mondiale Piloti 2026 | VINCENTE | Stroll L.
VINCENTE;Swansea;;;;NON_MAPPATO;famiglia non riconosciuta;2;2;STARCASINO;CALCIO | INGHILTERRA - II DIVISIONE | Championship 2026/27 | VINCENTE | Swansea
VINCENTE;Sydney Fc;;;;NON_MAPPATO;famiglia non riconosciuta;2;2;DOMUSBET;CALCIO | AUSTRALIA - I DIVISIONE | A-league 2027 | VINCENTE | Sydney Fc
VINCENTE;TAMPA BAY RAYS;;;;NON_MAPPATO;famiglia non riconosciuta;2;2;ADMIRAL, STARCASINO;BASEBALL | AMERICA - MAJOR LEAGUE | MLB 2026 - American League East | VINCENTE | TAMPA BAY RAYS
VINCENTE;THUN;;;;NON_MAPPATO;famiglia non riconosciuta;2;2;STARCASINO;CALCIO | SVIZZERA - I DIVISIONE | Super League 25/26 | VINCENTE | THUN
VINCENTE;TORONTO BLUE JAYS;;;;NON_MAPPATO;famiglia non riconosciuta;2;2;DOMUSBET;BASEBALL | AMERICA - MAJOR LEAGUE | MLB 2026 - American League East | VINCENTE | TORONTO BLUE JAYS
VINCENTE;Taylor Fritz;;;;NON_MAPPATO;famiglia non riconosciuta;2;2;DOMUSBET, WILLIAMHILL;TENNIS | AUSTRALIAN OPEN | Australian Open Maschile 27 | VINCENTE | Taylor Fritz
VINCENTE;Tolosa;;;;NON_MAPPATO;famiglia non riconosciuta;2;2;ADMIRAL;CALCIO | FRANCIA - COPPA | Coppa Di Francia 2026/27 | VINCENTE | Tolosa
VINCENTE;Tortona;;;;NON_MAPPATO;famiglia non riconosciuta;2;2;DOMUSBET;BASKET | ITALIA - SUPERCOPPA | Lega A - Supercoppa 2026 | VINCENTE | Tortona
VINCENTE;Turchia;;;;NON_MAPPATO;famiglia non riconosciuta;2;2;MARATHON, STANLEYBET;CALCIO | EUROPA - UEFA NATIONS LEAGUE | Europa Nations League 2026/2027 | VINCENTE | Turchia
VINCENTE;USA;;;;NON_MAPPATO;famiglia non riconosciuta;2;2;SPORTBET, STANLEYBET;CALCIO | MONDO - MONDIALI | Mondiali 2026 | VINCENTE | USA
VINCENTE;Utrecht;;;;NON_MAPPATO;famiglia non riconosciuta;2;2;STARCASINO;CALCIO | OLANDA - COPPA | KNVB BEKER 2026/27 | VINCENTE | Utrecht
VINCENTE;Valentin Vacherot;;;;NON_MAPPATO;famiglia non riconosciuta;2;2;DOMUSBET;TENNIS | TORNEO DI CHENGDU | Atp Chengdu 2026 | VINCENTE | Valentin Vacherot
VINCENTE;Villarreal;;;;NON_MAPPATO;famiglia non riconosciuta;2;2;ADMIRAL, STANLEYBET;CALCIO | SPAGNA - COPPA | Copa del Rey 2026/2027 | VINCENTE | Villarreal
VINCENTE;Vinicius Jr,;;;;NON_MAPPATO;famiglia non riconosciuta;2;2;SPORTBET, TOTOSI;CALCIO | PALLONE D'ORO FIFA | Pallone D oro 2026 | VINCENTE | Vinicius Jr,
VINCENTE;Virtus Bologna;;;;NON_MAPPATO;famiglia non riconosciuta;2;2;BBET, MARATHON;BASKET | ITALIA - I DIVISIONE | Lega A 2025/2026 - Regular Season | VINCENTE | Virtus Bologna
VINCENTE;Vissel Kobe;;;;NON_MAPPATO;famiglia non riconosciuta;2;2;DOMUSBET, MARATHON;CALCIO | GIAPPONE - I DIVISIONE | J-league 2027 | VINCENTE | Vissel Kobe
VINCENTE;Vojvodina;;;;NON_MAPPATO;famiglia non riconosciuta;2;2;STARCASINO;CALCIO | SERBIA - I DIVISIONE | Super Liga 2026/27 | VINCENTE | Vojvodina
VINCENTE;Wehen SV;;;;NON_MAPPATO;famiglia non riconosciuta;2;2;STARCASINO;CALCIO | GERMANIA - III DIVISIONE | 3.Liga 2026/27 | VINCENTE | Wehen SV
VINCENTE;Zalgiris;;;;NON_MAPPATO;famiglia non riconosciuta;2;2;ADMIRAL, STARCASINO;BASKET | EUROPA - EUROLEGA | Eurolega 2026/27 | VINCENTE | Zalgiris
VINCENTE AI RIGORI;SQUADRA 2;;;;NON_MAPPATO;famiglia non riconosciuta;2;2;DOMUSBET;CALCIO | INGHILTERRA - FOOTBALL LEAGUE TROPHY | Burton Albion - Nottingham Forest U21 | VINCENTE AI RIGORI | SQUADRA 2
VINCENTE CLASSIFICA CAPOCANNONIERE;Esteban Lepaul;;;;NON_MAPPATO;famiglia non riconosciuta;2;2;STARCASINO;CALCIO | FRANCIA - I DIVISIONE | Ligue 1 2026/2027 | VINCENTE CLASSIFICA CAPOCANNONIERE | Esteban Lepaul
VINCENTE CLASSIFICA CAPOCANNONIERE;Goncalo Ramos;;;;NON_MAPPATO;famiglia non riconosciuta;2;2;STARCASINO;CALCIO | ITALIA - I DIVISIONE | Serie A 2026/27 | VINCENTE CLASSIFICA CAPOCANNONIERE | Goncalo Ramos
VINCENTE CLASSIFICA CAPOCANNONIERE;Sam Surridge;;;;NON_MAPPATO;famiglia non riconosciuta;2;2;STARCASINO;CALCIO | USA - I DIVISIONE | MLS 2026 | VINCENTE CLASSIFICA CAPOCANNONIERE | Sam Surridge
VINCENTE CLASSIFICA CAPOCANNONIERI INFO AGG;Erling Haaland (Man City);;;;NON_MAPPATO;famiglia non riconosciuta;2;2;MARATHON;CALCIO | EUROPA - CHAMPIONS LEAGUE | UEFA Champions League 26/27 | VINCENTE CLASSIFICA CAPOCANNONIERI INFO AGG | Erling Haaland (Man City)
VINCENTE CLASSIFICA CAPOCANNONIERI INFO AGG;Harry Kane (Bayern Monaco);;;;NON_MAPPATO;famiglia non riconosciuta;2;2;MARATHON;CALCIO | GERMANIA - I DIVISIONE | Bundesliga 2026/2027 | VINCENTE CLASSIFICA CAPOCANNONIERI INFO AGG | Harry Kane (Bayern Monaco)
VINCENTE CLASSIFICA CAPOCANNONIERI INFO AGG;Pohjanpalo J.;;;;NON_MAPPATO;famiglia non riconosciuta;2;2;WILLIAMHILL;CALCIO | ITALIA - II DIVISIONE | Serie B 2025/26 | VINCENTE CLASSIFICA CAPOCANNONIERI INFO AGG | Pohjanpalo J.
VINCENTE DEL QUARTO;Elise Mertens;;;;NON_MAPPATO;famiglia non riconosciuta;2;2;DOMUSBET;TENNIS | TORNEO DI SINGAPORE | Wta Singapore 2026 - Secondo Quarto | VINCENTE DEL QUARTO | Elise Mertens
VINCENTE INFO AGG;AREZZO;;;;NON_MAPPATO;famiglia non riconosciuta;2;2;WILLIAMHILL;CALCIO | ITALIA - III DIVISIONE | Serie C 2025/26 GIRONE B | VINCENTE INFO AGG | AREZZO
VINCENTE INFO AGG;ARSENAL;;;;NON_MAPPATO;famiglia non riconosciuta;2;2;WILLIAMHILL;CALCIO | INGHILTERRA - I DIVISIONE | PREMIER LEAGUE 25/26 | VINCENTE INFO AGG | ARSENAL
VINCENTE INFO AGG;BENEVENTO;;;;NON_MAPPATO;famiglia non riconosciuta;2;2;WILLIAMHILL;CALCIO | ITALIA - III DIVISIONE | Serie C 2025/26 GIRONE C | VINCENTE INFO AGG | BENEVENTO
VINCENTE INFO AGG;Bologna;;;;NON_MAPPATO;famiglia non riconosciuta;2;2;WILLIAMHILL;CALCIO | ITALIA - I DIVISIONE | Serie A 2026/27 | VINCENTE INFO AGG | Bologna
VINCENTE INFO AGG;Celtic;;;;NON_MAPPATO;famiglia non riconosciuta;2;2;WILLIAMHILL;CALCIO | SCOZIA - I DIVISIONE | Premiership 2026/27 | VINCENTE INFO AGG | Celtic
VINCENTE INFO AGG;Colo Colo;;;;NON_MAPPATO;famiglia non riconosciuta;2;2;WILLIAMHILL;CALCIO | CILE - I DIVISIONE | Liga de Primera 2026 | VINCENTE INFO AGG | Colo Colo
VINCENTE INFO AGG;FRANCIA;;;;NON_MAPPATO;famiglia non riconosciuta;2;2;WILLIAMHILL;CALCIO | MONDO - MONDIALI | Mondiali 2026 | VINCENTE INFO AGG | FRANCIA
VINCENTE INFO AGG;INTER;;;;NON_MAPPATO;famiglia non riconosciuta;2;2;WILLIAMHILL;CALCIO | ITALIA - I DIVISIONE | Serie A 25/26 | VINCENTE INFO AGG | INTER
VINCENTE INFO AGG;Kylian Mbappe;;;;NON_MAPPATO;famiglia non riconosciuta;2;2;WILLIAMHILL;CALCIO | PALLONE D'ORO FIFA | Pallone D oro 2026 | VINCENTE INFO AGG | Kylian Mbappe
VINCENTE INFO AGG;Lazio;;;;NON_MAPPATO;famiglia non riconosciuta;2;2;WILLIAMHILL;CALCIO | ITALIA - I DIVISIONE | Serie A 2026/27 | VINCENTE INFO AGG | Lazio
VINCENTE INFO AGG;Lionel Messi;;;;NON_MAPPATO;famiglia non riconosciuta;2;2;WILLIAMHILL;CALCIO | PALLONE D'ORO FIFA | Pallone D oro 2026 | VINCENTE INFO AGG | Lionel Messi
VINCENTE INFO AGG;Ousmane Dembele;;;;NON_MAPPATO;famiglia non riconosciuta;2;2;WILLIAMHILL;CALCIO | PALLONE D'ORO FIFA | Pallone D oro 2026 | VINCENTE INFO AGG | Ousmane Dembele
VINCENTE INFO AGG  I.A. 5;Flavio Cobolli;;;;NON_MAPPATO;famiglia non riconosciuta;2;2;WILLIAMHILL;TENNIS | AUSTRALIAN OPEN | Australian Open Maschile 27 | VINCENTE INFO AGG I.A. 5 | Flavio Cobolli
VINCENTE INFO AGG  I.A. 5;Joao Fonseca;;;;NON_MAPPATO;famiglia non riconosciuta;2;2;STARCASINO;TENNIS | AUSTRALIAN OPEN | Australian Open Maschile 27 | VINCENTE INFO AGG I.A. 5 | Joao Fonseca
VINCENTE INFO AGG  I.A. 5;Novak Djokovic;;;;NON_MAPPATO;famiglia non riconosciuta;2;2;ADMIRAL, WILLIAMHILL;TENNIS | AUSTRALIAN OPEN | Australian Open Maschile 27 | VINCENTE INFO AGG I.A. 5 | Novak Djokovic
VINCENTE QUALIFICHE;Hamilton L.;;;;NON_MAPPATO;famiglia non riconosciuta;2;2;DOMUSBET;AUTOMOBILISMO | MONDO - CAMPIONATO FORMULA 1 | GP Baku QUALIFICHE | VINCENTE QUALIFICHE | Hamilton L.
VINCENTE QUALIFICHE;Piastri O.;;;;NON_MAPPATO;famiglia non riconosciuta;2;2;DOMUSBET;AUTOMOBILISMO | MONDO - CAMPIONATO FORMULA 1 | GP Baku QUALIFICHE | VINCENTE QUALIFICHE | Piastri O.
VINCENTE SENZA SQUADRA X;Lens;;;;NON_MAPPATO;famiglia non riconosciuta;2;2;STANLEYBET;CALCIO | FRANCIA - I DIVISIONE | Ligue 1 2026/27 Senza PSG | VINCENTE SENZA SQUADRA X | Lens
VINCENTE SENZA SQUADRA X;Roma;;;;NON_MAPPATO;famiglia non riconosciuta;2;2;STANLEYBET;CALCIO | ITALIA - I DIVISIONE | Serie A 2026/2027 Senza Inter | VINCENTE SENZA SQUADRA X | Roma
VINCENTE SENZA SQUADRA X I.A.5;NEC;;;;NON_MAPPATO;famiglia non riconosciuta;2;2;STARCASINO;CALCIO | OLANDA - I DIVISIONE | Eredivisie 2025/26 Senza PSV | VINCENTE SENZA SQUADRA X I.A.5 | NEC
VINCENTE SENZA SQUADRA X I.A.5;Twente;;;;NON_MAPPATO;famiglia non riconosciuta;2;2;STARCASINO;CALCIO | OLANDA - I DIVISIONE | Eredivisie 2026/27 Senza PSV | VINCENTE SENZA SQUADRA X I.A.5 | Twente
VINCENTE SENZA X;Feyenoord;;;;NON_MAPPATO;famiglia non riconosciuta;2;2;BBET, DOMUSBET;CALCIO | OLANDA - I DIVISIONE | Eredivisie 2026/27 Senza PSV | VINCENTE SENZA X | Feyenoord
X O OV TEMPO;SI;;;;NON_MAPPATO;famiglia non riconosciuta;2;1;STANLEYBET;CALCIO | ITALIA - III DIVISIONE | Casertana - Catania FC | X O OV TEMPO | SI
X2 + MULTIGOAL INFO1-INFO2;X2+ MULTIGOAL;X2+ MULTIGOAL;;;NON_MAPPATO;famiglia non riconosciuta;2;2;STARCASINO;CALCIO | EUROPA - UEFA NATIONS LEAGUE | Repubblica Ceca - Croazia | X2 + MULTIGOAL INFO1-INFO2 | X2+ MULTIGOAL
X2 + U/O INFO1;X2 + UNDER;X2 + UNDER;;;NON_MAPPATO;famiglia non riconosciuta;2;2;STARCASINO;CALCIO | EUROPA - UEFA NATIONS LEAGUE | Repubblica Ceca - Croazia | X2 + U/O INFO1 | X2 + UNDER
X2 FT + GG/NG 1T;X2 FT + NG 1T;;;;NON_MAPPATO;famiglia non riconosciuta;2;2;DOMUSBET;CALCIO | GERMANIA - I DIVISIONE | SC Paderborn - Hoffenheim | X2 FT + GG/NG 1T | X2 FT + NG 1T
1 O NG;NO;;;;NON_MAPPATO;famiglia non riconosciuta;1;1;DOMUSBET;CALCIO | PORTOGALLO - I DIVISIONE | Porto - Benfica | 1 O NG | NO
1 O OV;NO;;;;NON_MAPPATO;famiglia non riconosciuta;1;1;MARATHON;CALCIO | ARGENTINA - II DIVISIONE | Gimnasia Y Tiro de Salta - Atletico Rafaela | 1 O OV | NO
1 O OV;SI;SI;;;NON_MAPPATO;famiglia non riconosciuta;1;1;DOMUSBET;CALCIO | ITALIA - IV DIVISIONE | Pro Patria - AC Crema 1908 | 1 O OV | SI
1 O OVER INFO1 O GG;Si;;;;NON_MAPPATO;famiglia non riconosciuta;1;1;STARCASINO;CALCIO | INGHILTERRA - I DIVISIONE F. | Chelsea FC - Arsenal WFC | 1 O OVER INFO1 O GG | Si
1/1X;SI;;;;NON_MAPPATO;famiglia non riconosciuta;1;1;DOMUSBET;CALCIO | EUROPA - UEFA NATIONS LEAGUE | Svezia - Romania | 1/1X | SI
12 + MULTIGOAL INFO1-INFO2;12+ MULTIGOAL;;;;NON_MAPPATO;famiglia non riconosciuta;1;1;STARCASINO;CALCIO | EUROPA - UEFA NATIONS LEAGUE | Svezia - Polonia | 12 + MULTIGOAL INFO1-INFO2 | 12+ MULTIGOAL
12 + U/O INFO1;12 + UNDER;12 + UNDER;U/O Gol;Under 12.5;NON_MAPPATO;coppia famiglia/esito non presente nel catalogo: U/O Gol / Under 12.5;1;1;STARCASINO;CALCIO | EUROPA - UEFA NATIONS LEAGUE | Repubblica Ceca - Croazia | 12 + U/O INFO1 | 12 + UNDER
12 + UNDER/OVER;12 + UNDER;;U/O Gol;Under 12.5;NON_MAPPATO;coppia famiglia/esito non presente nel catalogo: U/O Gol / Under 12.5;1;1;360BET;CALCIO | ITALIA - III DIVISIONE | Foggia - Sorrento | 12 + UNDER/OVER | 12 + UNDER
12 - INFO1°T;12;;;;NON_MAPPATO;famiglia non riconosciuta;1;1;MARATHON;CALCIO | EUROPA - UEFA NATIONS LEAGUE | Danimarca - Galles | 12 - INFO1°T | 12
12 FT + GG/NG 2T;12 FT + GG 2T;;;;NON_MAPPATO;famiglia non riconosciuta;1;1;DOMUSBET;CALCIO | EUROPA - EUROPA LEAGUE | Sunderland - AZ Alkmaar | 12 FT + GG/NG 2T | 12 FT + GG 2T
12 FT + GG/NG 2T;12 INCONTRO + GOAL 2 TEMPO;;;;NON_MAPPATO;famiglia non riconosciuta;1;1;BBET;CALCIO | EUROPA - UEFA NATIONS LEAGUE | Germania - Grecia | 12 FT + GG/NG 2T | 12 INCONTRO + GOAL 2 TEMPO
12/2;SI;;;;NON_MAPPATO;famiglia non riconosciuta;1;1;DOMUSBET;CALCIO | ITALIA - I DIVISIONE | Frosinone - Como | 12/2 | SI
1X (SOLO TR);1X;;;;NON_MAPPATO;famiglia non riconosciuta;1;1;MARATHON;HOCKEY GHIACCIO | AMERICA - AHL | Wilkes Barre Scranton Penguins - Hershey Bears | 1X (SOLO TR) | 1X
1X + GG/NG;1X + GG;1X + GG;;;NON_MAPPATO;famiglia non riconosciuta;1;1;DOMUSBET;CALCIO | ITALIA - I DIVISIONE | Inter - Udinese | 1X + GG/NG | 1X + GG
1X + GG/NG TEMPO;1X + GG;;;;NON_MAPPATO;famiglia non riconosciuta;1;1;STANLEYBET;CALCIO | EUROPA - UEFA NATIONS LEAGUE | Israele - Irlanda | 1X + GG/NG TEMPO | 1X + GG
1X + U/O INFO1;1X + OVER;1X + OVER;;;NON_MAPPATO;famiglia non riconosciuta;1;1;STARCASINO;CALCIO | EUROPA - UEFA NATIONS LEAGUE | Albania - Bielorussia | 1X + U/O INFO1 | 1X + OVER
1X FT + GG/NG 1T;1X FT + GG 1T;;;;NON_MAPPATO;famiglia non riconosciuta;1;1;DOMUSBET;CALCIO | EUROPA - EUROPA LEAGUE | Juventus - NEC Nimega | 1X FT + GG/NG 1T | 1X FT + GG 1T
1X+UN/OV INFO1;1X + UN;;;;NON_MAPPATO;famiglia non riconosciuta;1;1;DOMUSBET;CALCIO | ITALIA - I DIVISIONE | Inter - Atalanta | 1X+UN/OV INFO1 | 1X + UN
1ª E 2ª;Inter - Roma;;;;NON_MAPPATO;famiglia non riconosciuta;1;1;STANLEYBET;CALCIO | ITALIA - I DIVISIONE | Serie A 2026/27 | 1ª E 2ª | Inter - Roma
1ª E 2ª;Napoli - Inter;;;;NON_MAPPATO;famiglia non riconosciuta;1;1;STANLEYBET;CALCIO | ITALIA - I DIVISIONE | Serie A 2026/27 | 1ª E 2ª | Napoli - Inter
1ª E 2ª;Napoli - Roma;;;;NON_MAPPATO;famiglia non riconosciuta;1;1;STANLEYBET;CALCIO | ITALIA - I DIVISIONE | Serie A 2026/27 | 1ª E 2ª | Napoli - Roma
1ª E 2ª NON IN ORDINE;Inter - Juventus;;;;NON_MAPPATO;famiglia non riconosciuta;1;1;STANLEYBET;CALCIO | ITALIA - I DIVISIONE | Serie A 2026/27 | 1ª E 2ª NON IN ORDINE | Inter - Juventus
1ª E 2ª NON IN ORDINE;Inter - Milan;;;;NON_MAPPATO;famiglia non riconosciuta;1;1;STANLEYBET;CALCIO | ITALIA - I DIVISIONE | Serie A 2026/27 | 1ª E 2ª NON IN ORDINE | Inter - Milan
1ª E 2ª NON IN ORDINE;Milan - Juventus;;;;NON_MAPPATO;famiglia non riconosciuta;1;1;STANLEYBET;CALCIO | ITALIA - I DIVISIONE | Serie A 2026/27 | 1ª E 2ª NON IN ORDINE | Milan - Juventus
1°MARCATORE+MULTIESITO;1° + 1-0/2-0/2-1;;;;NON_MAPPATO;famiglia non riconosciuta;1;1;SPORTBET;CALCIO | EUROPA - UEFA NATIONS LEAGUE | Danimarca - Galles | 1°MARCATORE+MULTIESITO | 1° + 1-0/2-0/2-1
1°MARCATORE+MULTIESITO;1° + 3-0/3-1/3-2;;;;NON_MAPPATO;famiglia non riconosciuta;1;1;SPORTBET;CALCIO | EUROPA - UEFA NATIONS LEAGUE | Danimarca - Galles | 1°MARCATORE+MULTIESITO | 1° + 3-0/3-1/3-2
1°MARCATORE+MULTIESITO;1° + 4-0/4-1/4-2/4-3;;;;NON_MAPPATO;famiglia non riconosciuta;1;1;SPORTBET;CALCIO | EUROPA - UEFA NATIONS LEAGUE | Danimarca - Galles | 1°MARCATORE+MULTIESITO | 1° + 4-0/4-1/4-2/4-3
2 O NG;NO;;;;NON_MAPPATO;famiglia non riconosciuta;1;1;DOMUSBET;CALCIO | EUROPA - CHAMPIONS LEAGUE | Stoccarda - Viking FK | 2 O NG | NO
2 O OV;NO;;;;NON_MAPPATO;famiglia non riconosciuta;1;1;WILLIAMHILL;CALCIO | EUROPA - UEFA NATIONS LEAGUE | Austria - Kosovo | 2 O OV | NO
2 O OV 2.5 O NG;SI;;;;NON_MAPPATO;famiglia non riconosciuta;1;1;DOMUSBET;CALCIO | AUSTRIA - IV DIVISIONE | Vienna Amateure - Union Mauer | 2 O OV 2.5 O NG | SI
@@2@@ PIAZZATO NEI PRIMI @@1@@;SI;;;;NON_MAPPATO;famiglia non riconosciuta;1;1;STANLEYBET;CALCIO | ITALIA - I DIVISIONE | Serie A 2026/27 | @@2@@ PIAZZATO NEI PRIMI @@1@@ | SI
ACCOPPIATA 1° E 2° NON IN ORDINE;Antonelli K. - Leclerc C.;;;;NON_MAPPATO;famiglia non riconosciuta;1;1;DOMUSBET;AUTOMOBILISMO | MONDO - CAMPIONATO FORMULA 1 | GP Baku GARA | ACCOPPIATA 1° E 2° NON IN ORDINE | Antonelli K. - Leclerc C.
ACCOPPIATA 1° E 2° NON IN ORDINE;Leclerc C. - Hamilton L.;;;;NON_MAPPATO;famiglia non riconosciuta;1;1;DOMUSBET;AUTOMOBILISMO | MONDO - CAMPIONATO FORMULA 1 | GP Baku GARA | ACCOPPIATA 1° E 2° NON IN ORDINE | Leclerc C. - Hamilton L.
ACCOPPIATA 1° E 2° NON IN ORDINE;Leclerc C. - Piastri O.;;;;NON_MAPPATO;famiglia non riconosciuta;1;1;DOMUSBET;AUTOMOBILISMO | MONDO - CAMPIONATO FORMULA 1 | GP Baku GARA | ACCOPPIATA 1° E 2° NON IN ORDINE | Leclerc C. - Piastri O.
ACCOPPIATA 1° E 2° NON IN ORDINE;Russell G. - Leclerc C.;;;;NON_MAPPATO;famiglia non riconosciuta;1;1;DOMUSBET;AUTOMOBILISMO | MONDO - CAMPIONATO FORMULA 1 | GP Baku GARA | ACCOPPIATA 1° E 2° NON IN ORDINE | Russell G. - Leclerc C.
ACCOPPIATA FINALE;Inter - Como;;;;NON_MAPPATO;famiglia non riconosciuta;1;1;ADMIRAL;CALCIO | ITALIA - I DIVISIONE | Serie A 2026/27 | ACCOPPIATA FINALE | Inter - Como
ACCOPPIATA FINALE;Inter - Juventus;;;;NON_MAPPATO;famiglia non riconosciuta;1;1;STARCASINO;CALCIO | ITALIA - I DIVISIONE | Serie A 2026/27 | ACCOPPIATA FINALE | Inter - Juventus
ACCOPPIATA FINALE;Inter - Napoli;;;;NON_MAPPATO;famiglia non riconosciuta;1;1;WILLIAMHILL;CALCIO | ITALIA - I DIVISIONE | Serie A 2026/27 | ACCOPPIATA FINALE | Inter - Napoli
ACCOPPIATA FINALE INFO AGG;Inter - Napoli;;;;NON_MAPPATO;famiglia non riconosciuta;1;1;MARATHON;CALCIO | ITALIA - I DIVISIONE | Serie A 2026/27 | ACCOPPIATA FINALE INFO AGG | Inter - Napoli
ACCOPPIATA IN ORDINE;1 Chelsea, 2 Arsenal;;;;NON_MAPPATO;famiglia non riconosciuta;1;1;STARCASINO;CALCIO | INGHILTERRA - I DIVISIONE | Premier League 26/27 | ACCOPPIATA IN ORDINE | 1 Chelsea, 2 Arsenal
ACCOPPIATA IN ORDINE;Como - Inter;;;;NON_MAPPATO;famiglia non riconosciuta;1;1;STARCASINO;CALCIO | ITALIA - I DIVISIONE | Serie A 2026/27 | ACCOPPIATA IN ORDINE | Como - Inter
ACCOPPIATA IN ORDINE;Inter - Como;;;;NON_MAPPATO;famiglia non riconosciuta;1;1;STARCASINO;CALCIO | ITALIA - I DIVISIONE | Serie A 2026/27 | ACCOPPIATA IN ORDINE | Inter - Como
ACCOPPIATA IN ORDINE;Inter - Juventus;;;;NON_MAPPATO;famiglia non riconosciuta;1;1;STARCASINO;CALCIO | ITALIA - I DIVISIONE | Serie A 2026/27 | ACCOPPIATA IN ORDINE | Inter - Juventus
ACCOPPIATA IN ORDINE;Napoli - Roma;;;;NON_MAPPATO;famiglia non riconosciuta;1;1;STARCASINO;CALCIO | ITALIA - I DIVISIONE | Serie A 2026/27 | ACCOPPIATA IN ORDINE | Napoli - Roma
ACCOPPIATA IN ORDINE;Palermo - Verona;;;;NON_MAPPATO;famiglia non riconosciuta;1;1;STARCASINO;CALCIO | ITALIA - II DIVISIONE | Serie B 2026 - 2027 | ACCOPPIATA IN ORDINE | Palermo - Verona
ACCOPPIATA IN ORDINE FINALE;1o Inghilterra - 2o Spagna;;;;NON_MAPPATO;famiglia non riconosciuta;1;1;STANLEYBET;CALCIO | MONDO - MONDIALI | Mondiali 2026 | ACCOPPIATA IN ORDINE FINALE | 1o Inghilterra - 2o Spagna
ACCOPPIATA IN ORDINE FINALE INFO AGG;1 Arsenal, 2 Man City;;;;NON_MAPPATO;famiglia non riconosciuta;1;1;MARATHON;CALCIO | INGHILTERRA - I DIVISIONE | Premier League 26/27 | ACCOPPIATA IN ORDINE FINALE INFO AGG | 1 Arsenal, 2 Man City
ACCOPPIATA IN ORDINE FINALE INFO AGG;1 Man City, 2 Arsenal;;;;NON_MAPPATO;famiglia non riconosciuta;1;1;MARATHON;CALCIO | INGHILTERRA - I DIVISIONE | Premier League 26/27 | ACCOPPIATA IN ORDINE FINALE INFO AGG | 1 Man City, 2 Arsenal
ACCOPPIATA IN ORDINE FINALE INFO AGG;Como - Milan;;;;NON_MAPPATO;famiglia non riconosciuta;1;1;ADMIRAL;CALCIO | ITALIA - I DIVISIONE | Serie A 2026/27 | ACCOPPIATA IN ORDINE FINALE INFO AGG | Como - Milan
ACCOPPIATA IN ORDINE FINALE INFO AGG;Inter - Atalanta;;;;NON_MAPPATO;famiglia non riconosciuta;1;1;ADMIRAL;CALCIO | ITALIA - I DIVISIONE | Serie A 2026/27 | ACCOPPIATA IN ORDINE FINALE INFO AGG | Inter - Atalanta
ACCOPPIATA IN ORDINE FINALE INFO AGG;Inter - Juventus;;;;NON_MAPPATO;famiglia non riconosciuta;1;1;ADMIRAL;CALCIO | ITALIA - I DIVISIONE | Serie A 2026/27 | ACCOPPIATA IN ORDINE FINALE INFO AGG | Inter - Juventus
ACCOPPIATA IN ORDINE FINALE INFO AGG;Inter - Milan;;;;NON_MAPPATO;famiglia non riconosciuta;1;1;ADMIRAL;CALCIO | ITALIA - I DIVISIONE | Serie A 2026/27 | ACCOPPIATA IN ORDINE FINALE INFO AGG | Inter - Milan
ACCOPPIATA IN ORDINE FINALE INFO AGG;Inter - Roma;;;;NON_MAPPATO;famiglia non riconosciuta;1;1;ADMIRAL;CALCIO | ITALIA - I DIVISIONE | Serie A 2026/27 | ACCOPPIATA IN ORDINE FINALE INFO AGG | Inter - Roma
ACCOPPIATA IN ORDINE FINALE INFO AGG;Juventus - Inter;;;;NON_MAPPATO;famiglia non riconosciuta;1;1;ADMIRAL;CALCIO | ITALIA - I DIVISIONE | Serie A 2026/27 | ACCOPPIATA IN ORDINE FINALE INFO AGG | Juventus - Inter
ACCOPPIATA IN ORDINE FINALE INFO AGG;Milan - Como;;;;NON_MAPPATO;famiglia non riconosciuta;1;1;ADMIRAL;CALCIO | ITALIA - I DIVISIONE | Serie A 2026/27 | ACCOPPIATA IN ORDINE FINALE INFO AGG | Milan - Como
ACCOPPIATA IN ORDINE FINALE INFO AGG;Napoli - Milan;;;;NON_MAPPATO;famiglia non riconosciuta;1;1;ADMIRAL;CALCIO | ITALIA - I DIVISIONE | Serie A 2026/27 | ACCOPPIATA IN ORDINE FINALE INFO AGG | Napoli - Milan
ACCOPPIATA IN ORDINE QUALIFICHE UFFICIALI;Antonelli K. - Leclerc C.;;;;NON_MAPPATO;famiglia non riconosciuta;1;1;DOMUSBET;AUTOMOBILISMO | MONDO - CAMPIONATO FORMULA 1 | GP Baku QUALIFICHE | ACCOPPIATA IN ORDINE QUALIFICHE UFFICIALI | Antonelli K. - Leclerc C.
ACCOPPIATA IN ORDINE QUALIFICHE UFFICIALI;Antonelli K. - Norris L.;;;;NON_MAPPATO;famiglia non riconosciuta;1;1;DOMUSBET;AUTOMOBILISMO | MONDO - CAMPIONATO FORMULA 1 | GP Baku QUALIFICHE | ACCOPPIATA IN ORDINE QUALIFICHE UFFICIALI | Antonelli K. - Norris L.
ACCOPPIATA IN ORDINE QUALIFICHE UFFICIALI;Hamilton L. - Leclerc C.;;;;NON_MAPPATO;famiglia non riconosciuta;1;1;DOMUSBET;AUTOMOBILISMO | MONDO - CAMPIONATO FORMULA 1 | GP Baku QUALIFICHE | ACCOPPIATA IN ORDINE QUALIFICHE UFFICIALI | Hamilton L. - Leclerc C.
ACCOPPIATA IN ORDINE QUALIFICHE UFFICIALI;Hamilton L. - Norris L.;;;;NON_MAPPATO;famiglia non riconosciuta;1;1;DOMUSBET;AUTOMOBILISMO | MONDO - CAMPIONATO FORMULA 1 | GP Baku QUALIFICHE | ACCOPPIATA IN ORDINE QUALIFICHE UFFICIALI | Hamilton L. - Norris L.
ACCOPPIATA IN ORDINE QUALIFICHE UFFICIALI;Leclerc C. - Hamilton L.;;;;NON_MAPPATO;famiglia non riconosciuta;1;1;DOMUSBET;AUTOMOBILISMO | MONDO - CAMPIONATO FORMULA 1 | GP Baku QUALIFICHE | ACCOPPIATA IN ORDINE QUALIFICHE UFFICIALI | Leclerc C. - Hamilton L.
ACCOPPIATA IN ORDINE QUALIFICHE UFFICIALI;Russell G. - Verstappen M.;;;;NON_MAPPATO;famiglia non riconosciuta;1;1;DOMUSBET;AUTOMOBILISMO | MONDO - CAMPIONATO FORMULA 1 | GP Baku QUALIFICHE | ACCOPPIATA IN ORDINE QUALIFICHE UFFICIALI | Russell G. - Verstappen M.
ACCOPPIATA IN ORDINE QUALIFICHE UFFICIALI;Verstappen M. - Hamilton L.;;;;NON_MAPPATO;famiglia non riconosciuta;1;1;DOMUSBET;AUTOMOBILISMO | MONDO - CAMPIONATO FORMULA 1 | GP Baku QUALIFICHE | ACCOPPIATA IN ORDINE QUALIFICHE UFFICIALI | Verstappen M. - Hamilton L.
ACCOPPIATA NON IN ORDINE QUALIFICA UFFICIALE;Leclerc C. - Hamilton L.;;;;NON_MAPPATO;famiglia non riconosciuta;1;1;DOMUSBET;AUTOMOBILISMO | MONDO - CAMPIONATO FORMULA 1 | GP Baku QUALIFICHE | ACCOPPIATA NON IN ORDINE QUALIFICA UFFICIALE | Leclerc C. - Hamilton L.
ACCOPPIATA NON IN ORDINE QUALIFICA UFFICIALE;Russell G. - Leclerc C.;;;;NON_MAPPATO;famiglia non riconosciuta;1;1;DOMUSBET;AUTOMOBILISMO | MONDO - CAMPIONATO FORMULA 1 | GP Baku QUALIFICHE | ACCOPPIATA NON IN ORDINE QUALIFICA UFFICIALE | Russell G. - Leclerc C.
ACCOPPIATA PRIMI DUE IN ORDINE;Antonelli K. - Leclerc C.;;;;NON_MAPPATO;famiglia non riconosciuta;1;1;DOMUSBET;AUTOMOBILISMO | MONDO - CAMPIONATO FORMULA 1 | GP Baku GARA | ACCOPPIATA PRIMI DUE IN ORDINE | Antonelli K. - Leclerc C.
ACCOPPIATA PRIMI DUE IN ORDINE;Leclerc C. - Russell G.;;;;NON_MAPPATO;famiglia non riconosciuta;1;1;DOMUSBET;AUTOMOBILISMO | MONDO - CAMPIONATO FORMULA 1 | GP Baku GARA | ACCOPPIATA PRIMI DUE IN ORDINE | Leclerc C. - Russell G.
ACCOPPIATA PRIMI DUE IN ORDINE;Russell G. - Leclerc C.;;;;NON_MAPPATO;famiglia non riconosciuta;1;1;DOMUSBET;AUTOMOBILISMO | MONDO - CAMPIONATO FORMULA 1 | GP Baku GARA | ACCOPPIATA PRIMI DUE IN ORDINE | Russell G. - Leclerc C.
AMMONITO NEL TEMPO;SI;;;;NON_MAPPATO;famiglia non riconosciuta;1;1;STANLEYBET;CALCIO | EUROPA - UEFA NATIONS LEAGUE | Danimarca - Galles | AMMONITO NEL TEMPO | SI
AWAY NO BET;1;;;;NON_MAPPATO;famiglia non riconosciuta;1;1;WILLIAMHILL;CALCIO | SPAGNA - V DIVISIONE | Union Molinense CF 2020 - Mazarron FC | AWAY NO BET | 1
CAPOCANNONIERE;Alvaro Morata;;;;NON_MAPPATO;famiglia non riconosciuta;1;1;DOMUSBET;CALCIO | ITALIA - I DIVISIONE | Serie A 2026/27 | CAPOCANNONIERE | Alvaro Morata
CAPOCANNONIERE;Amine Gouiri;;;;NON_MAPPATO;famiglia non riconosciuta;1;1;BBET;CALCIO | FRANCIA - I DIVISIONE | Ligue 1 2026/2027 | CAPOCANNONIERE | Amine Gouiri
CAPOCANNONIERE;Gabriel Barbosa;;;;NON_MAPPATO;famiglia non riconosciuta;1;1;DOMUSBET;CALCIO | AMERICA - COPPA SUDAMERICANA | Copa Sudamericana - 2026 | CAPOCANNONIERE | Gabriel Barbosa
CAPOCANNONIERE;Harry Kane;;;;NON_MAPPATO;famiglia non riconosciuta;1;1;STANLEYBET;CALCIO | MONDO - MONDIALI | Mondiali 2026 | CAPOCANNONIERE | Harry Kane
CAPOCANNONIERE;Jarrod Bowen;;;;NON_MAPPATO;famiglia non riconosciuta;1;1;ADMIRAL;CALCIO | INGHILTERRA - II DIVISIONE | Championship 2026/27 | CAPOCANNONIERE | Jarrod Bowen
CAPOCANNONIERE;Julian Alvarez;;;;NON_MAPPATO;famiglia non riconosciuta;1;1;STANLEYBET;CALCIO | MONDO - MONDIALI | Mondiali 2026 | CAPOCANNONIERE | Julian Alvarez
CAPOCANNONIERE;Julian Alvarez (Atletico Madrid);;;;NON_MAPPATO;famiglia non riconosciuta;1;1;SPORTBET;CALCIO | EUROPA - CHAMPIONS LEAGUE | UEFA Champions League 26/27 | CAPOCANNONIERE | Julian Alvarez (Atletico Madrid)
CAPOCANNONIERE;Kai Havertz (Arsenal);;;;NON_MAPPATO;famiglia non riconosciuta;1;1;SPORTBET;CALCIO | EUROPA - CHAMPIONS LEAGUE | UEFA Champions League 26/27 | CAPOCANNONIERE | Kai Havertz (Arsenal)
CAPOCANNONIERE;Khvicha Kvaratskhelia;;;;NON_MAPPATO;famiglia non riconosciuta;1;1;DOMUSBET;CALCIO | FRANCIA - I DIVISIONE | Ligue 1 2026/2027 | CAPOCANNONIERE | Khvicha Kvaratskhelia
CAPOCANNONIERE;Lamine Yamal;;;;NON_MAPPATO;famiglia non riconosciuta;1;1;STANLEYBET;CALCIO | MONDO - MONDIALI | Mondiali 2026 | CAPOCANNONIERE | Lamine Yamal
CAPOCANNONIERE;Lamine Yamal (Barcellona);;;;NON_MAPPATO;famiglia non riconosciuta;1;1;DOMUSBET;CALCIO | EUROPA - CHAMPIONS LEAGUE | UEFA Champions League 26/27 | CAPOCANNONIERE | Lamine Yamal (Barcellona)
CAPOCANNONIERE;Mexx Meerdink (Az);;;;NON_MAPPATO;famiglia non riconosciuta;1;1;BBET;CALCIO | OLANDA - I DIVISIONE | Eredivisie 2026/27 | CAPOCANNONIERE | Mexx Meerdink (Az)
CAPOCANNONIERE;Michael Olise (Bayern Monaco);;;;NON_MAPPATO;famiglia non riconosciuta;1;1;SPORTBET;CALCIO | EUROPA - CHAMPIONS LEAGUE | UEFA Champions League 26/27 | CAPOCANNONIERE | Michael Olise (Bayern Monaco)
CAPOCANNONIERE;Mikel Oyarzabal;;;;NON_MAPPATO;famiglia non riconosciuta;1;1;STANLEYBET;CALCIO | MONDO - MONDIALI | Mondiali 2026 | CAPOCANNONIERE | Mikel Oyarzabal
CAPOCANNONIERE;Mohamed Elyounoussi;;;;NON_MAPPATO;famiglia non riconosciuta;1;1;STANLEYBET;CALCIO | DANIMARCA - I DIVISIONE | Superligaen 2026/27 | CAPOCANNONIERE | Mohamed Elyounoussi
CAPOCANNONIERE;Nicolas Paz;;;;NON_MAPPATO;famiglia non riconosciuta;1;1;SPORTBET;CALCIO | ITALIA - I DIVISIONE | Serie A 2026/27 | CAPOCANNONIERE | Nicolas Paz
CAPOCANNONIERE;Pedro Guilherme;;;;NON_MAPPATO;famiglia non riconosciuta;1;1;DOMUSBET;CALCIO | AMERICA - COPPA LIBERTADORES | Copa Libertadores 2026 | CAPOCANNONIERE | Pedro Guilherme
CAPOCANNONIERE;Randal Muani;;;;NON_MAPPATO;famiglia non riconosciuta;1;1;SPORTBET;CALCIO | ITALIA - I DIVISIONE | Serie A 2026/27 | CAPOCANNONIERE | Randal Muani
CAPOCANNONIERE;Serhou Guirassy (Borussia Dortmund);;;;NON_MAPPATO;famiglia non riconosciuta;1;1;SPORTBET;CALCIO | EUROPA - CHAMPIONS LEAGUE | UEFA Champions League 26/27 | CAPOCANNONIERE | Serhou Guirassy (Borussia Dortmund)
CAPOCANNONIERE;Viktor Gyokeres (Arsenal);;;;NON_MAPPATO;famiglia non riconosciuta;1;1;SPORTBET;CALCIO | EUROPA - CHAMPIONS LEAGUE | UEFA Champions League 26/27 | CAPOCANNONIERE | Viktor Gyokeres (Arsenal)
CAPOCANNONIERE;Vinicius Jr,;;;;NON_MAPPATO;famiglia non riconosciuta;1;1;STANLEYBET;CALCIO | MONDO - MONDIALI | Mondiali 2026 | CAPOCANNONIERE | Vinicius Jr,
CAPOCANNONIERE SQUADRA;Erling Haaland;;;;NON_MAPPATO;famiglia non riconosciuta;1;1;ADMIRAL;CALCIO | MONDO - MONDIALI | NORVEGIA (Mondiale 2026) | CAPOCANNONIERE SQUADRA | Erling Haaland
CAPOCANNONIERE SQUADRA;Lionel Messi;;;;NON_MAPPATO;famiglia non riconosciuta;1;1;ADMIRAL;CALCIO | MONDO - MONDIALI | ARGENTINA (Mondiale 2026) | CAPOCANNONIERE SQUADRA | Lionel Messi
CAPOCANNONIERE TORNEO;Alexander Isak;;;;NON_MAPPATO;famiglia non riconosciuta;1;1;WILLIAMHILL;CALCIO | INGHILTERRA - I DIVISIONE | Premier League 26/27 | CAPOCANNONIERE TORNEO | Alexander Isak
CAPOCANNONIERE TORNEO;Anastasios Douvikas;;;;NON_MAPPATO;famiglia non riconosciuta;1;1;WILLIAMHILL;CALCIO | ITALIA - I DIVISIONE | Serie A 2026/27 | CAPOCANNONIERE TORNEO | Anastasios Douvikas
CAPOCANNONIERE TORNEO;Denis Bouanga;;;;NON_MAPPATO;famiglia non riconosciuta;1;1;WILLIAMHILL;CALCIO | USA - I DIVISIONE | MLS 2026 | CAPOCANNONIERE TORNEO | Denis Bouanga
CAPOCANNONIERE TORNEO;Donyell Malen (Roma);;;;NON_MAPPATO;famiglia non riconosciuta;1;1;WILLIAMHILL;CALCIO | EUROPA - CHAMPIONS LEAGUE | UEFA Champions League 26/27 | CAPOCANNONIERE TORNEO | Donyell Malen (Roma)
CAPOCANNONIERE TORNEO;Erling Haaland (Man City);;;;NON_MAPPATO;famiglia non riconosciuta;1;1;WILLIAMHILL;CALCIO | EUROPA - CHAMPIONS LEAGUE | UEFA Champions League 26/27 | CAPOCANNONIERE TORNEO | Erling Haaland (Man City)
CAPOCANNONIERE TORNEO;Gianluca Scamacca;;;;NON_MAPPATO;famiglia non riconosciuta;1;1;WILLIAMHILL;CALCIO | ITALIA - I DIVISIONE | Serie A 2026/27 | CAPOCANNONIERE TORNEO | Gianluca Scamacca
CAPOCANNONIERE TORNEO;Goncalo Ramos;;;;NON_MAPPATO;famiglia non riconosciuta;1;1;WILLIAMHILL;CALCIO | ITALIA - I DIVISIONE | Serie A 2026/27 | CAPOCANNONIERE TORNEO | Goncalo Ramos
CAPOCANNONIERE TORNEO;Isak Bjerkebo;;;;NON_MAPPATO;famiglia non riconosciuta;1;1;WILLIAMHILL;CALCIO | SVEZIA - I DIVISIONE | Allsvenskanliga 2026 | CAPOCANNONIERE TORNEO | Isak Bjerkebo
CAPOCANNONIERE TORNEO;Jarrod Bowen;;;;NON_MAPPATO;famiglia non riconosciuta;1;1;WILLIAMHILL;CALCIO | INGHILTERRA - II DIVISIONE | Championship 2026/27 | CAPOCANNONIERE TORNEO | Jarrod Bowen
CAPOCANNONIERE TORNEO;Kevin Viveros;;;;NON_MAPPATO;famiglia non riconosciuta;1;1;WILLIAMHILL;CALCIO | BRASILE - I DIVISIONE | Brasile A 2026 | CAPOCANNONIERE TORNEO | Kevin Viveros
CAPOCANNONIERE TORNEO;Kyle Wootton (Stockport);;;;NON_MAPPATO;famiglia non riconosciuta;1;1;WILLIAMHILL;CALCIO | INGHILTERRA - III DIVISIONE | League One 2026/2027 | CAPOCANNONIERE TORNEO | Kyle Wootton (Stockport)
CAPOCANNONIERE TORNEO;Kylian Mbappe (Real Madrid);;;;NON_MAPPATO;famiglia non riconosciuta;1;1;WILLIAMHILL;CALCIO | EUROPA - CHAMPIONS LEAGUE | UEFA Champions League 26/27 | CAPOCANNONIERE TORNEO | Kylian Mbappe (Real Madrid)
CAPOCANNONIERE TORNEO;Marcus Thuram;;;;NON_MAPPATO;famiglia non riconosciuta;1;1;WILLIAMHILL;CALCIO | ITALIA - I DIVISIONE | Serie A 2026/27 | CAPOCANNONIERE TORNEO | Marcus Thuram
CAPOCANNONIERE TORNEO;Nicolas Paz;;;;NON_MAPPATO;famiglia non riconosciuta;1;1;WILLIAMHILL;CALCIO | ITALIA - I DIVISIONE | Serie A 2026/27 | CAPOCANNONIERE TORNEO | Nicolas Paz
CAPOCANNONIERE TORNEO;Pio Esposito;;;;NON_MAPPATO;famiglia non riconosciuta;1;1;WILLIAMHILL;CALCIO | ITALIA - I DIVISIONE | Serie A 2026/27 | CAPOCANNONIERE TORNEO | Pio Esposito
CAPOCANNONIERE TORNEO;Rasmus Hojlund;;;;NON_MAPPATO;famiglia non riconosciuta;1;1;WILLIAMHILL;CALCIO | ITALIA - I DIVISIONE | Serie A 2026/27 | CAPOCANNONIERE TORNEO | Rasmus Hojlund
CAPOCANNONIERE TORNEO;Taty Castellanos;;;;NON_MAPPATO;famiglia non riconosciuta;1;1;WILLIAMHILL;CALCIO | INGHILTERRA - II DIVISIONE | Championship 2026/27 | CAPOCANNONIERE TORNEO | Taty Castellanos
CASA U/O INFO1 1°T + INFO2 2°T;OV + UN;;;;NON_MAPPATO;famiglia non riconosciuta;1;1;DOMUSBET;CALCIO | COLOMBIA - II DIVISIONE | Independiente Valle Del Cauca - Internacional FC De Palmira | CASA U/O INFO1 1°T + INFO2 2°T | OV + UN
CASA VINCE 1°T O PARTITA;Si;;;;NON_MAPPATO;famiglia non riconosciuta;1;1;STARCASINO;CALCIO | EUROPA - UEFA NATIONS LEAGUE | Germania - Grecia | CASA VINCE 1°T O PARTITA | Si
CASA VINCE A 0;Si;;;;NON_MAPPATO;famiglia non riconosciuta;1;1;STARCASINO;CALCIO | EUROPA - UEFA NATIONS LEAGUE | Danimarca - Galles | CASA VINCE A 0 | Si
CHI SEGNA ULTIMO GOL;CASA;;;;NON_MAPPATO;famiglia non riconosciuta;1;1;DOMUSBET;CALCIO | ITALIA - I DIVISIONE | Bologna - Torino | CHI SEGNA ULTIMO GOL | CASA
DC 1X OR GOL SI/NO;Si;;;;NON_MAPPATO;famiglia non riconosciuta;1;1;STARCASINO;CALCIO | EUROPA - UEFA NATIONS LEAGUE | Gibilterra - Andorra | DC 1X OR GOL SI/NO | Si
DC IN + U/O X + GG/NG;DC 1X + OVER + GG;;;;NON_MAPPATO;famiglia non riconosciuta;1;1;STARCASINO;CALCIO | EUROPA - UEFA NATIONS LEAGUE | Norvegia - Portogallo | DC IN + U/O X + GG/NG | DC 1X + OVER + GG
DC IN + U/O X + GG/NG;DC 1X + UNDER + NG;;;;NON_MAPPATO;famiglia non riconosciuta;1;1;STARCASINO;CALCIO | EUROPA - UEFA NATIONS LEAGUE | Norvegia - Portogallo | DC IN + U/O X + GG/NG | DC 1X + UNDER + NG
DC OUT FALLI COMMESSI INC. T.S.;X2;;;;NON_MAPPATO;famiglia non riconosciuta;1;1;DOMUSBET;CALCIO | EUROPA - EUROPA LEAGUE | Milan - Benfica | DC OUT FALLI COMMESSI INC. T.S. | X2
DC X2 OR GOL SI/NO;Si;;;;NON_MAPPATO;famiglia non riconosciuta;1;1;STARCASINO;CALCIO | EUROPA - UEFA NATIONS LEAGUE | Israele - Irlanda | DC X2 OR GOL SI/NO | Si
DNB TEMPO INFO1;1;;;;NON_MAPPATO;famiglia non riconosciuta;1;1;STANLEYBET;CALCIO | ITALIA - III DIVISIONE | S.S.D. Casarano Calcio - Monopoli | DNB TEMPO INFO1 | 1
DOPPIA DOPPIA;Si;;;;NON_MAPPATO;famiglia non riconosciuta;1;1;STARCASINO;BASKET | USA - NBA | Minnesota Timberwolves - Detroit Pistons | DOPPIA DOPPIA | Si
DOPPIETTA SI/NO INFO AGG (LEGABILE);SI;;;;NON_MAPPATO;famiglia non riconosciuta;1;1;TOTOSI;CALCIO | EUROPA - UEFA NATIONS LEAGUE | Norvegia - Portogallo | DOPPIETTA SI/NO INFO AGG (LEGABILE) | SI
ENTRAMBE LE AUTO INFO1 CLASSIFICATE;NO;;;;NON_MAPPATO;famiglia non riconosciuta;1;1;DOMUSBET;AUTOMOBILISMO | MONDO - CAMPIONATO FORMULA 1 | GP Baku GARA | ENTRAMBE LE AUTO INFO1 CLASSIFICATE | NO
G1 VINCE ALMENO 1 SET;No;;;;NON_MAPPATO;famiglia non riconosciuta;1;1;STARCASINO;TENNIS | CHALLENGER DI PORTOGALLO | Valdoleiros, Guilherme - Bertrand, Robin | G1 VINCE ALMENO 1 SET | No
G1 VINCE ALMENO 1 SET;SI;SI;;;NON_MAPPATO;famiglia non riconosciuta;1;1;DOMUSBET;TENNIS | CHALLENGER DI POLONIA | Sachko, Vitaliy - Monteiro, Thiago | G1 VINCE ALMENO 1 SET | SI
GARA A INFO1 CORNER;1;;;;NON_MAPPATO;famiglia non riconosciuta;1;1;MARATHON;CALCIO | EUROPA - UEFA NATIONS LEAGUE | Danimarca - Galles | GARA A INFO1 CORNER | 1
GARA A INFO2 NEL INFO1 QUARTO;Giocatore 1;;;;NON_MAPPATO;famiglia non riconosciuta;1;1;DOMUSBET;BASKET | AUSTRALIA - I DIVISIONE | Sydney Kings - Illawarra Hawks | GARA A INFO2 NEL INFO1 QUARTO | Giocatore 1
GG 1 TEMPO OR GG 2 TEMPO SI/NO;SI;;;;NON_MAPPATO;famiglia non riconosciuta;1;1;SPORTBET;CALCIO | EUROPA - UEFA NATIONS LEAGUE | Norvegia - Portogallo | GG 1 TEMPO OR GG 2 TEMPO SI/NO | SI
GG O OV 2.5;SI;SI;;;NON_MAPPATO;famiglia non riconosciuta;1;1;DOMUSBET;CALCIO | SPAGNA - I DIVISIONE | Villarreal - Real Betis | GG O OV 2.5 | SI
GG/NG PERIODO INFO1;SI;;;;NON_MAPPATO;famiglia non riconosciuta;1;1;WILLIAMHILL;HOCKEY GHIACCIO | GERMANIA - I DIVISIONE | ERC Ingolstadt - Adler Mannheim | GG/NG PERIODO INFO1 | SI
GG/NG SUPPLEMENTARI;GOAL;;;;NON_MAPPATO;famiglia non riconosciuta;1;1;DOMUSBET;CALCIO | INGHILTERRA - COPPA FA | Worksop Town - AFC Telford United | GG/NG SUPPLEMENTARI | GOAL
GG/NG+PARI/DISPARI;GOAL + DISPARI;;;;NON_MAPPATO;famiglia non riconosciuta;1;1;DOMUSBET;CALCIO | ITALIA - I DIVISIONE | Venezia - Lazio | GG/NG+PARI/DISPARI | GOAL + DISPARI
GG/NG+PARI/DISPARI;NO GOAL + DISPARI;;;;NON_MAPPATO;famiglia non riconosciuta;1;1;DOMUSBET;CALCIO | ITALIA - I DIVISIONE | Milan - Lecce | GG/NG+PARI/DISPARI | NO GOAL + DISPARI
GIOC X O Y ALMENO UNO IN CAMPO O LORO SOSTITUTI ALMENO 1 CART INC TS RIG PANCHINA DOPO FISCHIO FIN;Si;;;;NON_MAPPATO;famiglia non riconosciuta;1;1;STARCASINO;CALCIO | EUROPA - UEFA NATIONS LEAGUE | Serbia - Olanda | GIOC X O Y ALMENO UNO IN CAMPO O LORO SOSTITUTI ALMENO 1 CART INC TS RIG PANCHINA DOPO FISCHIO FIN | Si
GIOC. INFO1 AUTOGOL (INC.TS.;SI;;;;NON_MAPPATO;famiglia non riconosciuta;1;1;DOMUSBET;CALCIO | ITALIA - I DIVISIONE | Juventus - Atalanta | GIOC. INFO1 AUTOGOL (INC.TS. | SI
GIOC. INFO1 DOPPIETTA 2°T;SI;;;;NON_MAPPATO;famiglia non riconosciuta;1;1;DOMUSBET;CALCIO | SPAGNA - I DIVISIONE | Siviglia - Barcellona | GIOC. INFO1 DOPPIETTA 2°T | SI
GIOC. INFO1 O SOSTITUTO SEGNA O ASSIST (INC.TS.);SI;SI;;;NON_MAPPATO;famiglia non riconosciuta;1;1;DOMUSBET;CALCIO | ITALIA - I DIVISIONE | Como - Parma | GIOC. INFO1 O SOSTITUTO SEGNA O ASSIST (INC.TS.) | SI
GIOC. INFO1 PRIMO E ULTIMO MARCATORE (INC.TS.);SI;;;;NON_MAPPATO;famiglia non riconosciuta;1;1;DOMUSBET;CALCIO | PORTOGALLO - I DIVISIONE | Sporting Lisbona - Arouca | GIOC. INFO1 PRIMO E ULTIMO MARCATORE (INC.TS.) | SI
GIOCAT. X O GIOCAT. Y O LORO SOSTITUTI SEGNA O COLPISCE ALMENO UN PALO O UNA TRAVERSA INCL. T.S.;Si;;;;NON_MAPPATO;famiglia non riconosciuta;1;1;STARCASINO;CALCIO | EUROPA - UEFA NATIONS LEAGUE | Norvegia - Portogallo | GIOCAT. X O GIOCAT. Y O LORO SOSTITUTI SEGNA O COLPISCE ALMENO UN PALO O UNA TRAVERSA INCL. T.S. | Si
GIOCATORE INFO1 1°MARCATORE+1X;PRIMO MARCATORE + 1X;;;;NON_MAPPATO;famiglia non riconosciuta;1;1;DOMUSBET;CALCIO | EUROPA - UEFA NATIONS LEAGUE | Italia - Belgio | GIOCATORE INFO1 1°MARCATORE+1X | PRIMO MARCATORE + 1X
GIOCATORE INFO1 1°MARCATORE+MULTIESITO;1° + 0-4/1-4/2-4/3-4;;;;NON_MAPPATO;famiglia non riconosciuta;1;1;DOMUSBET;CALCIO | FRANCIA - I DIVISIONE | Marsiglia - PSG | GIOCATORE INFO1 1°MARCATORE+MULTIESITO | 1° + 0-4/1-4/2-4/3-4
GIOCATORE INFO1 1°MARCATORE+MULTIESITO;1° + 1-1/2-2/3-3/4-4;;;;NON_MAPPATO;famiglia non riconosciuta;1;1;DOMUSBET;CALCIO | ITALIA - I DIVISIONE | Roma - Inter | GIOCATORE INFO1 1°MARCATORE+MULTIESITO | 1° + 1-1/2-2/3-3/4-4
GIOCATORE INFO1 1°MARCATORE+MULTIESITO;1° + 4-0/4-1/4-2/4-3;;;;NON_MAPPATO;famiglia non riconosciuta;1;1;DOMUSBET;CALCIO | EUROPA - UEFA NATIONS LEAGUE | Georgia - Irlanda del Nord | GIOCATORE INFO1 1°MARCATORE+MULTIESITO | 1° + 4-0/4-1/4-2/4-3
GIOCATORE INFO1 ASSIST O CARTELLINO (INCL. T.S.);SI;;;;NON_MAPPATO;famiglia non riconosciuta;1;1;DOMUSBET;CALCIO | INGHILTERRA - I DIVISIONE | Bournemouth - Liverpool | GIOCATORE INFO1 ASSIST O CARTELLINO (INCL. T.S.) | SI
GIOCATORE INFO1 SEGNA+RIS.ESATTO;Segna & 3-4;;;;NON_MAPPATO;famiglia non riconosciuta;1;1;DOMUSBET;CALCIO | ITALIA - I DIVISIONE | Fiorentina - Napoli | GIOCATORE INFO1 SEGNA+RIS.ESATTO | Segna & 3-4
GIOCATORE X FA ASSIST E SEGNA;SI;;;;NON_MAPPATO;famiglia non riconosciuta;1;1;STANLEYBET;CALCIO | EUROPA - UEFA NATIONS LEAGUE | Norvegia - Portogallo | GIOCATORE X FA ASSIST E SEGNA | SI
GIOCATORE X O GIOCATORE Y O LORO SOSTITUTI REALIZZA ALMENO UN ASSIST INCL.T.S.;SI;;;;NON_MAPPATO;famiglia non riconosciuta;1;1;SPORTBET;CALCIO | EUROPA - UEFA NATIONS LEAGUE | Norvegia - Portogallo | GIOCATORE X O GIOCATORE Y O LORO SOSTITUTI REALIZZA ALMENO UN ASSIST INCL.T.S. | SI
GIOCATORE X O Y O LORO SOSTITUTI ALMENO UN CARTELLINO COMPRESO PANCHINA E FISCHIO FINALE;SI;;;;NON_MAPPATO;famiglia non riconosciuta;1;1;SPORTBET;CALCIO | EUROPA - UEFA NATIONS LEAGUE | Serbia - Olanda | GIOCATORE X O Y O LORO SOSTITUTI ALMENO UN CARTELLINO COMPRESO PANCHINA E FISCHIO FINALE | SI
GIRO PIU VELOCE;Antonelli K.;;;;NON_MAPPATO;famiglia non riconosciuta;1;1;DOMUSBET;AUTOMOBILISMO | MONDO - CAMPIONATO FORMULA 1 | GP Baku GARA | GIRO PIU VELOCE | Antonelli K.
GIRO PIU VELOCE;Verstappen M.;;;;NON_MAPPATO;famiglia non riconosciuta;1;1;DOMUSBET;AUTOMOBILISMO | MONDO - CAMPIONATO FORMULA 1 | GP Baku GARA | GIRO PIU VELOCE | Verstappen M.
GOL INFO1 TEMPI SUPPL.;Giocatore 2;;;;NON_MAPPATO;famiglia non riconosciuta;1;1;DOMUSBET;CALCIO | INGHILTERRA - COPPA FA | Worksop Town - AFC Telford United | GOL INFO1 TEMPI SUPPL. | Giocatore 2
GOL INFO1 TEMPO INFO2;NESSUNO;;;;NON_MAPPATO;famiglia non riconosciuta;1;1;STANLEYBET;CALCIO | EUROPA - UEFA NATIONS LEAGUE | Danimarca - Galles | GOL INFO1 TEMPO INFO2 | NESSUNO
GOL INFO1 TEMPO INFO2;TEAM 2;;;;NON_MAPPATO;famiglia non riconosciuta;1;1;STANLEYBET;CALCIO | ITALIA - III DIVISIONE | Renate - Treviso | GOL INFO1 TEMPO INFO2 | TEAM 2
HANDICAP SET;1;;;;NON_MAPPATO;famiglia non riconosciuta;1;1;STANLEYBET;TENNIS | LAVER CUP | Jodar, Rafael - Fritz, Taylor | HANDICAP SET | 1
HANDICAP SET;2;;;;NON_MAPPATO;famiglia non riconosciuta;1;1;STANLEYBET;TENNIS | CHALLENGER DI USA | Vandecasteele, Quinn - Stearns, Preston | HANDICAP SET | 2
HOME NO BET;2;2;;;NON_MAPPATO;famiglia non riconosciuta;1;1;STARCASINO;CALCIO | EUROPA - UEFA NATIONS LEAGUE | Inghilterra - Spagna | HOME NO BET | 2
HT/FT + U/O 0.5 1°T;1/1 + OVER;;;;NON_MAPPATO;famiglia non riconosciuta;1;1;SPORTBET;CALCIO | SPAGNA - I DIVISIONE | Barcellona - Getafe | HT/FT + U/O 0.5 1°T | 1/1 + OVER
HT/FT + U/O 1.5 1°T;2/2 + OVER;;;;NON_MAPPATO;famiglia non riconosciuta;1;1;STANLEYBET;CALCIO | EUROPA - UEFA NATIONS LEAGUE | Serbia - Olanda | HT/FT + U/O 1.5 1°T | 2/2 + OVER
HT/FT 1/X2;Si;;;;NON_MAPPATO;famiglia non riconosciuta;1;1;STARCASINO;CALCIO | SPAGNA - II DIVISIONE | Burgos CF - Eldense | HT/FT 1/X2 | Si
HT/FT 12/X2;Si;;;;NON_MAPPATO;famiglia non riconosciuta;1;1;STARCASINO;CALCIO | ITALIA - I DIVISIONE | Lecce - Bologna | HT/FT 12/X2 | Si
HT/FT 1X/2;SI;;;;NON_MAPPATO;famiglia non riconosciuta;1;1;SPORTBET;CALCIO | EUROPA - UEFA NATIONS LEAGUE | Serbia - Olanda | HT/FT 1X/2 | SI
HT/FT X2/2;SI;;;;NON_MAPPATO;famiglia non riconosciuta;1;1;BBET;CALCIO | EUROPA - UEFA NATIONS LEAGUE | Serbia - Olanda | HT/FT X2/2 | SI
HT/FT X2/X2;SI;;;;NON_MAPPATO;famiglia non riconosciuta;1;1;MARATHON;CALCIO | GERMANIA - I DIVISIONE | Augsburg - Bayern Monaco | HT/FT X2/X2 | SI
HT/FT X2/X2;Si;;;;NON_MAPPATO;famiglia non riconosciuta;1;1;STARCASINO;CALCIO | GERMANIA - I DIVISIONE | Augsburg - Bayern Monaco | HT/FT X2/X2 | Si
IN FINALE;Si;;;;NON_MAPPATO;famiglia non riconosciuta;1;1;STARCASINO;CALCIO | EUROPA - CHAMPIONS LEAGUE | UEFA Champions League 26/27 | IN FINALE | Si
INFO1 + INFO2 E SOSTITUTI ALMENO INFO4 TIRI TOTALI INCL TS;SI;;;;NON_MAPPATO;famiglia non riconosciuta;1;1;DOMUSBET;CALCIO | ITALIA - I DIVISIONE | Milan - Lecce | INFO1 + INFO2 E SOSTITUTI ALMENO INFO4 TIRI TOTALI INCL TS | SI
INFO1 CARTELLINO;Si;Si;;;NON_MAPPATO;famiglia non riconosciuta;1;1;STARCASINO;CALCIO | ITALIA - I DIVISIONE | Genoa - Napoli | INFO1 CARTELLINO | Si
INFO1 E INFO2 E LORO SOSTITUTI EFFETTUANO IN TOTALE ALMENO INFO4 TIRI TOTALI INCL TS;SI;;;;NON_MAPPATO;famiglia non riconosciuta;1;1;MARATHON;CALCIO | EUROPA - UEFA NATIONS LEAGUE | Norvegia - Portogallo | INFO1 E INFO2 E LORO SOSTITUTI EFFETTUANO IN TOTALE ALMENO INFO4 TIRI TOTALI INCL TS | SI
INFO1 GOL O ASSIST O CARTELLINO;SI;;;;NON_MAPPATO;famiglia non riconosciuta;1;1;MARATHON;CALCIO | EUROPA - UEFA NATIONS LEAGUE | Danimarca - Galles | INFO1 GOL O ASSIST O CARTELLINO | SI
INFO1 MARCATORE XXL;Si;Si;;;NON_MAPPATO;famiglia non riconosciuta;1;1;STARCASINO;CALCIO | EUROPA - UEFA NATIONS LEAGUE | Inghilterra - Spagna | INFO1 MARCATORE XXL | Si
INFO1 SBAGLIA RIGORE (INC.TS.);SI;;;;NON_MAPPATO;famiglia non riconosciuta;1;1;DOMUSBET;CALCIO | EUROPA - UEFA NATIONS LEAGUE | Portogallo - Galles | INFO1 SBAGLIA RIGORE (INC.TS.) | SI
INFO1 SEGNA + RIS. ESATTO;3-1 + GIOCATORE SEGNA;;;;NON_MAPPATO;famiglia non riconosciuta;1;1;STARCASINO;CALCIO | EUROPA - UEFA NATIONS LEAGUE | Danimarca - Galles | INFO1 SEGNA + RIS. ESATTO | 3-1 + GIOCATORE SEGNA
INFO1 SEGNA + RIS. ESATTO;3-3 + GIOCATORE SEGNA;;;;NON_MAPPATO;famiglia non riconosciuta;1;1;STARCASINO;CALCIO | EUROPA - UEFA NATIONS LEAGUE | Norvegia - Portogallo | INFO1 SEGNA + RIS. ESATTO | 3-3 + GIOCATORE SEGNA
INFO1 SEGNA + RIS. ESATTO;4-2 + GIOCATORE SEGNA;;;;NON_MAPPATO;famiglia non riconosciuta;1;1;STARCASINO;CALCIO | EUROPA - UEFA NATIONS LEAGUE | Norvegia - Portogallo | INFO1 SEGNA + RIS. ESATTO | 4-2 + GIOCATORE SEGNA
INFO1 SEGNA IN ENTRAMBI I TEMPI;Si;;;;NON_MAPPATO;famiglia non riconosciuta;1;1;STARCASINO;CALCIO | EUROPA - UEFA NATIONS LEAGUE | Norvegia - Portogallo | INFO1 SEGNA IN ENTRAMBI I TEMPI | Si
INFO1 TEMPO (X2 + GG/NG);X2 + GOAL;;;;NON_MAPPATO;famiglia non riconosciuta;1;1;MARATHON;CALCIO | ITALIA - III DIVISIONE | Delfino Pescara - Spezia Calcio | INFO1 TEMPO (X2 + GG/NG) | X2 + GOAL
INFO1 TIRI IN PORTA XL INFO2;Si;;;;NON_MAPPATO;famiglia non riconosciuta;1;1;STARCASINO;CALCIO | EUROPA - UEFA NATIONS LEAGUE | Norvegia - Portogallo | INFO1 TIRI IN PORTA XL INFO2 | Si
INFO1 TIRI IN PORTA XXL INFO2;Over;Over;;;NON_MAPPATO;famiglia non riconosciuta;1;1;STARCASINO;CALCIO | EUROPA - UEFA NATIONS LEAGUE | Repubblica Ceca - Croazia | INFO1 TIRI IN PORTA XXL INFO2 | Over
INFO1 TIRI TOTALI (INC.TS.): ALMENO INFO2;SI;;;;NON_MAPPATO;famiglia non riconosciuta;1;1;BBET;CALCIO | EUROPA - UEFA NATIONS LEAGUE | Serbia - Olanda | INFO1 TIRI TOTALI (INC.TS.): ALMENO INFO2 | SI
INFO1 TIRI TOTALI E SOSTITUTO (INC.TS.)INFO2;OVER;;;;NON_MAPPATO;famiglia non riconosciuta;1;1;360BET;CALCIO | EUROPA - UEFA NATIONS LEAGUE | Germania - Grecia | INFO1 TIRI TOTALI E SOSTITUTO (INC.TS.)INFO2 | OVER
INFO1 TRIPLETTA;Si;;;;NON_MAPPATO;famiglia non riconosciuta;1;1;STARCASINO;CALCIO | EUROPA - UEFA NATIONS LEAGUE | Norvegia - Portogallo | INFO1 TRIPLETTA | Si
LEADER PRIMO GIRO;Leclerc C.;;;;NON_MAPPATO;famiglia non riconosciuta;1;1;DOMUSBET;AUTOMOBILISMO | MONDO - CAMPIONATO FORMULA 1 | GP Baku GARA | LEADER PRIMO GIRO | Leclerc C.
LEADER PRIMO GIRO;Russell G.;;;;NON_MAPPATO;famiglia non riconosciuta;1;1;DOMUSBET;AUTOMOBILISMO | MONDO - CAMPIONATO FORMULA 1 | GP Baku GARA | LEADER PRIMO GIRO | Russell G.
MAGGIOR NUMERI DI 180 NELL'INC;2;;;;NON_MAPPATO;famiglia non riconosciuta;1;1;DOMUSBET;FRECCETTE | MONDO - MODUS ICONS OF DARTS LEAGUE | Puleo, Chuck - West, Steve | MAGGIOR NUMERI DI 180 NELL'INC | 2
MARCATORE + RIS. ESATTO MULTIESITO IA 6;MARCATORE + 0-3/1-3/2-3;;;;NON_MAPPATO;famiglia non riconosciuta;1;1;MARATHON;CALCIO | EUROPA - UEFA NATIONS LEAGUE | Serbia - Olanda | MARCATORE + RIS. ESATTO MULTIESITO IA 6 | MARCATORE + 0-3/1-3/2-3
MARCATORE + RIS. ESATTO MULTIESITO IA 6;MARCATORE+ 1-0/2-0/2-1;;;;NON_MAPPATO;famiglia non riconosciuta;1;1;MARATHON;CALCIO | EUROPA - UEFA NATIONS LEAGUE | Gibilterra - Andorra | MARCATORE + RIS. ESATTO MULTIESITO IA 6 | MARCATORE+ 1-0/2-0/2-1
MARCATORE + X2;MARCATORE + X2;;;;NON_MAPPATO;famiglia non riconosciuta;1;1;BBET;CALCIO | EUROPA - UEFA NATIONS LEAGUE | Norvegia - Portogallo | MARCATORE + X2 | MARCATORE + X2
MARCATORE SI + RIS. ESATTO INFO AGG;Segna & 0-3;;;;NON_MAPPATO;famiglia non riconosciuta;1;1;STANLEYBET;CALCIO | EUROPA - UEFA NATIONS LEAGUE | Serbia - Olanda | MARCATORE SI + RIS. ESATTO INFO AGG | Segna & 0-3
MARCATORE SI + RIS. ESATTO INFO AGG;Segna & 1-2;;;;NON_MAPPATO;famiglia non riconosciuta;1;1;STANLEYBET;CALCIO | EUROPA - UEFA NATIONS LEAGUE | Serbia - Olanda | MARCATORE SI + RIS. ESATTO INFO AGG | Segna & 1-2
MARCATORE SI + RIS. ESATTO INFO AGG;Segna & 2-0;;;;NON_MAPPATO;famiglia non riconosciuta;1;1;STANLEYBET;CALCIO | EUROPA - UEFA NATIONS LEAGUE | Danimarca - Galles | MARCATORE SI + RIS. ESATTO INFO AGG | Segna & 2-0
MARCATORE SI GOAL X + RIS. ESATTO I.A.38 (25 ESITI);0-2 + SEGNA GOAL X;;;;NON_MAPPATO;famiglia non riconosciuta;1;1;MARATHON;CALCIO | EUROPA - UEFA NATIONS LEAGUE | Serbia - Olanda | MARCATORE SI GOAL X + RIS. ESATTO I.A.38 (25 ESITI) | 0-2 + SEGNA GOAL X
MARCATORE SI GOAL X + RIS. ESATTO I.A.38 (25 ESITI);2-0 + SEGNA GOAL X;;;;NON_MAPPATO;famiglia non riconosciuta;1;1;MARATHON;CALCIO | EUROPA - UEFA NATIONS LEAGUE | Danimarca - Galles | MARCATORE SI GOAL X + RIS. ESATTO I.A.38 (25 ESITI) | 2-0 + SEGNA GOAL X
MARCATORE+MULTIESITO;GOL + 0-1/0-2/1-2;;;;NON_MAPPATO;famiglia non riconosciuta;1;1;SPORTBET;CALCIO | EUROPA - UEFA NATIONS LEAGUE | Serbia - Olanda | MARCATORE+MULTIESITO | GOL + 0-1/0-2/1-2
MARCATORE+MULTIESITO;GOL + 0-3/1-3/2-3;;;;NON_MAPPATO;famiglia non riconosciuta;1;1;BBET;CALCIO | EUROPA - UEFA NATIONS LEAGUE | Inghilterra - Spagna | MARCATORE+MULTIESITO | GOL + 0-3/1-3/2-3
MARCATORE+MULTIESITO;GOL + 1-1/2-2/3-3/4-4;;;;NON_MAPPATO;famiglia non riconosciuta;1;1;SPORTBET;CALCIO | EUROPA - CHAMPIONS LEAGUE | Real Madrid - Inter | MARCATORE+MULTIESITO | GOL + 1-1/2-2/3-3/4-4
MARGINE DI VITTORIA QUALIFICHE;Meno di 0.10 Sec;;;;NON_MAPPATO;famiglia non riconosciuta;1;1;DOMUSBET;AUTOMOBILISMO | MONDO - CAMPIONATO FORMULA 1 | GP Baku QUALIFICHE | MARGINE DI VITTORIA QUALIFICHE | Meno di 0.10 Sec
MARGINE VITTORIA (7 ESITI);>30;;;;NON_MAPPATO;famiglia non riconosciuta;1;1;WILLIAMHILL;BASKET | AMICH.ALMENO UN CLUB 1 O 2 DIV | UD Oliveirense - CD Povoa | MARGINE VITTORIA (7 ESITI) | >30
MARGINE VITTORIA 7 ESITI;X;;;;NON_MAPPATO;famiglia non riconosciuta;1;1;DOMUSBET;CALCIO | PORTOGALLO - I DIVISIONE | Porto - Benfica | MARGINE VITTORIA 7 ESITI | X
MG INFO1-INFO2 1T + MG INFO3-INFO4 2T;Si;Si;;;NON_MAPPATO;famiglia non riconosciuta;1;1;STARCASINO;CALCIO | EUROPA - UEFA NATIONS LEAGUE | Albania - Bielorussia | MG INFO1-INFO2 1T + MG INFO3-INFO4 2T | Si
MIGLIOR ASSISTMAN;Anthony Gordon (Barcellona);;;;NON_MAPPATO;famiglia non riconosciuta;1;1;DOMUSBET;CALCIO | EUROPA - CHAMPIONS LEAGUE | UEFA Champions League 26/27 | MIGLIOR ASSISTMAN | Anthony Gordon (Barcellona)
MIGLIOR ASSISTMAN;Khvicha Kvaratskhelia (Psg);;;;NON_MAPPATO;famiglia non riconosciuta;1;1;DOMUSBET;CALCIO | EUROPA - CHAMPIONS LEAGUE | UEFA Champions League 26/27 | MIGLIOR ASSISTMAN | Khvicha Kvaratskhelia (Psg)
MIGLIOR ASSISTMAN;Ousmane Dembele (Psg);;;;NON_MAPPATO;famiglia non riconosciuta;1;1;DOMUSBET;CALCIO | EUROPA - CHAMPIONS LEAGUE | UEFA Champions League 26/27 | MIGLIOR ASSISTMAN | Ousmane Dembele (Psg)
MIGLIORE DEL GRUPPO;Baldassarri L.;;;;NON_MAPPATO;famiglia non riconosciuta;1;1;STARCASINO;MOTOCICLISMO | MONDO - MONDIALE SUPERBIKE | SBK Cremona Race 2 | MIGLIORE DEL GRUPPO | Baldassarri L.
MIGLIORE DEL GRUPPO;Gerloff G.;;;;NON_MAPPATO;famiglia non riconosciuta;1;1;STARCASINO;MOTOCICLISMO | MONDO - MONDIALE SUPERBIKE | SBK Cremona Race 2 | MIGLIORE DEL GRUPPO | Gerloff G.
MIGLIORE DEL GRUPPO;Hulkenberg N.;;;;NON_MAPPATO;famiglia non riconosciuta;1;1;DOMUSBET;AUTOMOBILISMO | MONDO - CAMPIONATO FORMULA 1 | GP Baku QUALIFICHE | MIGLIORE DEL GRUPPO | Hulkenberg N.
MIGLIORE DEL GRUPPO;Irlanda;;;;NON_MAPPATO;famiglia non riconosciuta;1;1;MARATHON;CALCIO | EUROPA - UEFA NATIONS LEAGUE | Europa Nations League 2026/2027 | MIGLIORE DEL GRUPPO | Irlanda
MIGLIORE DEL GRUPPO;Italia;;;;NON_MAPPATO;famiglia non riconosciuta;1;1;MARATHON;CALCIO | EUROPA - UEFA NATIONS LEAGUE | Europa Nations League 2026/2027 | MIGLIORE DEL GRUPPO | Italia
MIGLIORE DEL GRUPPO;Ortola I.;;;;NON_MAPPATO;famiglia non riconosciuta;1;1;DOMUSBET;MOTOCICLISMO | MONDO - MOTOMONDIALE | Moto2 GP Spielberg GARA | MIGLIORE DEL GRUPPO | Ortola I.
MIGLIORE DEL GRUPPO;Scozia;;;;NON_MAPPATO;famiglia non riconosciuta;1;1;STARCASINO;CALCIO | EUROPA - UEFA NATIONS LEAGUE | Europa Nations League 2026/2027 | MIGLIORE DEL GRUPPO | Scozia
MIGLIORE IN CAMPO;Donyell Malen;;;;NON_MAPPATO;famiglia non riconosciuta;1;1;DOMUSBET;CALCIO | ITALIA - I DIVISIONE | Roma - Inter | MIGLIORE IN CAMPO | Donyell Malen
MIGLIORE IN CAMPO;Federico Bernardeschi;;;;NON_MAPPATO;famiglia non riconosciuta;1;1;DOMUSBET;CALCIO | ITALIA - I DIVISIONE | Bologna - Torino | MIGLIORE IN CAMPO | Federico Bernardeschi
MIGLIORE IN CAMPO;Keinan Davis;;;;NON_MAPPATO;famiglia non riconosciuta;1;1;DOMUSBET;CALCIO | ITALIA - I DIVISIONE | Udinese - Cagliari | MIGLIORE IN CAMPO | Keinan Davis
MIGLIORE IN CAMPO;Mile Svilar;;;;NON_MAPPATO;famiglia non riconosciuta;1;1;DOMUSBET;CALCIO | ITALIA - I DIVISIONE | Roma - Inter | MIGLIORE IN CAMPO | Mile Svilar
MIGLIORE IN CAMPO;Nico Gonzalez;;;;NON_MAPPATO;famiglia non riconosciuta;1;1;DOMUSBET;CALCIO | ITALIA - I DIVISIONE | Juventus - Atalanta | MIGLIORE IN CAMPO | Nico Gonzalez
MIGLIORE IN CAMPO;Weston Mckennie;;;;NON_MAPPATO;famiglia non riconosciuta;1;1;DOMUSBET;CALCIO | ITALIA - I DIVISIONE | Juventus - Atalanta | MIGLIORE IN CAMPO | Weston Mckennie
MIGLIORE IN CAMPO;Zaccagni M.;;;;NON_MAPPATO;famiglia non riconosciuta;1;1;DOMUSBET;CALCIO | ITALIA - I DIVISIONE | Venezia - Lazio | MIGLIORE IN CAMPO | Zaccagni M.
MODALITA DELLA VITTORIA;SQ 1 AI RIGORI;;;;NON_MAPPATO;famiglia non riconosciuta;1;1;ADMIRAL;CALCIO | EUROPA - CHAMPIONS LEAGUE | Paris Saint-Germain - Arsenal | MODALITA DELLA VITTORIA | SQ 1 AI RIGORI
MULTIGOAL 1°T;Si;Si;;;NON_MAPPATO;famiglia non riconosciuta;1;1;STARCASINO;CALCIO | GERMANIA - I DIVISIONE | SC Paderborn - Hoffenheim | MULTIGOAL 1°T | Si
MULTIGOAL 2°T;Si;Si;;;NON_MAPPATO;famiglia non riconosciuta;1;1;STARCASINO;CALCIO | EUROPA - UEFA NATIONS LEAGUE | Inghilterra - Spagna | MULTIGOAL 2°T | Si
MULTIGOAL CASA;Si;Si;;;NON_MAPPATO;famiglia non riconosciuta;1;1;STARCASINO;CALCIO | EUROPA - UEFA NATIONS LEAGUE | Repubblica Ceca - Croazia | MULTIGOAL CASA | Si
MULTIGOL INFO1-INFO2;SI;SI;;;NON_MAPPATO;famiglia non riconosciuta;1;1;DOMUSBET;CALCIO | ASIA - AFC CHAMPIONS LEAGUE | Port FC - Vissel Kobe | MULTIGOL INFO1-INFO2 | SI
MULTIGOL INFO1-INFO2 SQUADRA 2;SI;;;;NON_MAPPATO;famiglia non riconosciuta;1;1;ADMIRAL;CALCIO | ITALIA - I DIVISIONE | Genoa - Napoli | MULTIGOL INFO1-INFO2 SQUADRA 2 | SI
NUMERO CARTELLINI CASA 1°TEMPO;>2;;;;NON_MAPPATO;famiglia non riconosciuta;1;1;BBET;CALCIO | EUROPA - UEFA NATIONS LEAGUE | Serbia - Olanda | NUMERO CARTELLINI CASA 1°TEMPO | >2
NUMERO CARTELLINI CASA TEMPO INFO1;>2;;;;NON_MAPPATO;famiglia non riconosciuta;1;1;STANLEYBET;CALCIO | BRASILE - II DIVISIONE | Brasil AL - Cuiaba MT | NUMERO CARTELLINI CASA TEMPO INFO1 | >2
NUMERO DI PILOTI CHE SONO STATI IN TESTA DURANTE LA GARA;2;;;;NON_MAPPATO;famiglia non riconosciuta;1;1;DOMUSBET;AUTOMOBILISMO | MONDO - CAMPIONATO FORMULA 1 | GP Baku GARA | NUMERO DI PILOTI CHE SONO STATI IN TESTA DURANTE LA GARA | 2
NUMERO TOTALE SET;3 SET;3 SET;;;NON_MAPPATO;famiglia non riconosciuta;1;1;DOMUSBET;VOLLEY | EUROPA - CAMP. EUROPEO | Israele - Macedonia del Nord | NUMERO TOTALE SET | 3 SET
NUMERO TOTALE SET;4 SET;;;;NON_MAPPATO;famiglia non riconosciuta;1;1;DOMUSBET;VOLLEY | EUROPA - CAMP. EUROPEO | Italia - Finlandia | NUMERO TOTALE SET | 4 SET
NUMERO TOTALE SET;5 SET;;;;NON_MAPPATO;famiglia non riconosciuta;1;1;DOMUSBET;VOLLEY | EUROPA - CAMP. EUROPEO | Italia - Finlandia | NUMERO TOTALE SET | 5 SET
OSPITE SEGNA - 2°T;Si;;;;NON_MAPPATO;famiglia non riconosciuta;1;1;STARCASINO;CALCIO | EUROPA - UEFA NATIONS LEAGUE | San Marino - Finlandia | OSPITE SEGNA - 2°T | Si
OSPITE SEGNA - 2°T;Si;Si;;;NON_MAPPATO;famiglia non riconosciuta;1;1;STARCASINO;CALCIO | EUROPA - UEFA NATIONS LEAGUE | Inghilterra - Spagna | OSPITE SEGNA - 2°T | Si
OSPITE VINCE 1°T O PARTITA;Si;;;;NON_MAPPATO;famiglia non riconosciuta;1;1;STARCASINO;CALCIO | EUROPA - UEFA NATIONS LEAGUE | Gibilterra - Andorra | OSPITE VINCE 1°T O PARTITA | Si
OSPITE VINCE A 0;No;;;;NON_MAPPATO;famiglia non riconosciuta;1;1;STARCASINO;CALCIO | EUROPA - UEFA NATIONS LEAGUE | Israele - Irlanda | OSPITE VINCE A 0 | No
OSPITE VINCE A 0;SI;;;;NON_MAPPATO;famiglia non riconosciuta;1;1;STANLEYBET;CALCIO | EUROPA - UEFA NATIONS LEAGUE | Israele - Irlanda | OSPITE VINCE A 0 | SI
OSPITE VINCE ALMENO 1 SET;SI;;;;NON_MAPPATO;famiglia non riconosciuta;1;1;WILLIAMHILL;VOLLEY | EUROPA - CAMP. EUROPEO | Finlandia - Francia | OSPITE VINCE ALMENO 1 SET | SI
OSPITE VINCE DI 1 O 2 GOL;SI;SI;;;NON_MAPPATO;famiglia non riconosciuta;1;1;DOMUSBET;CALCIO | ITALIA - I DIVISIONE | Torino - Roma | OSPITE VINCE DI 1 O 2 GOL | SI
OV 1°T + UN 2°T;Si;;;;NON_MAPPATO;famiglia non riconosciuta;1;1;STARCASINO;CALCIO | EUROPA - UEFA NATIONS LEAGUE | Austria - Kosovo | OV 1°T + UN 2°T | Si
P/D FALLI COMMESSI (INCL. TS);DISPARI;;;;NON_MAPPATO;famiglia non riconosciuta;1;1;STANLEYBET;CALCIO | EUROPA - CONFERENCE LEAGUE | Kuopion Palloseura - Trabzonspor | P/D FALLI COMMESSI (INCL. TS) | DISPARI
P/D FALLI COMMESSI (INCL. TS);PARI;;;;NON_MAPPATO;famiglia non riconosciuta;1;1;STANLEYBET;CALCIO | EUROPA - CONFERENCE LEAGUE | Riga - Kairat Almaty | P/D FALLI COMMESSI (INCL. TS) | PARI
PAREGGIO ALMENO UN TEMPO;NO;;;;NON_MAPPATO;famiglia non riconosciuta;1;1;MARATHON;CALCIO | CILE - COPPA | Universidad de Chile - CD Everton Vina Del Mar | PAREGGIO ALMENO UN TEMPO | NO
PARI/DISP INFO1 TEMPO;DISPARI;;;;NON_MAPPATO;famiglia non riconosciuta;1;1;DOMUSBET;PALLAMANO | ASIA - GIOCHI ASIATICI | Iran - Bahrain | PARI/DISP INFO1 TEMPO | DISPARI
PARI/DISPARI - INFO1°T;PARI;;;;NON_MAPPATO;famiglia non riconosciuta;1;1;MARATHON;CALCIO | EUROPA - UEFA NATIONS LEAGUE | Lituania - Azerbaigian | PARI/DISPARI - INFO1°T | PARI
PARI/DISPARI GAMES;Dispari;;;;NON_MAPPATO;famiglia non riconosciuta;1;1;WILLIAMHILL;TENNIS | TORNEO DI HANGZHOU | Medvedev, Daniil - Wong, Coleman | PARI/DISPARI GAMES | Dispari
PARI/DISPARI INFO1 TEMPO;DISPARI;;;;NON_MAPPATO;famiglia non riconosciuta;1;1;DOMUSBET;BASKET | GIAPPONE - I DIVISIONE | Alvark Tokyo - Ryukyu Golden Kings Okinawa | PARI/DISPARI INFO1 TEMPO | DISPARI
PARI/DISPARI OSPITE;Dispari;;;;NON_MAPPATO;famiglia non riconosciuta;1;1;STARCASINO;CALCIO | EUROPA - UEFA NATIONS LEAGUE | Turchia - Italia | PARI/DISPARI OSPITE | Dispari
PARI/DISPARI PUNTI;Dispari;;;;NON_MAPPATO;famiglia non riconosciuta;1;1;STARCASINO;BASEBALL | AMERICA - MAJOR LEAGUE | Washington Nationals - New York Mets | PARI/DISPARI PUNTI | Dispari
PARI/DISPARI PUNTI;Pari;;;;NON_MAPPATO;famiglia non riconosciuta;1;1;STARCASINO;BASEBALL | AMERICA - MAJOR LEAGUE | New York Yankees - Baltimore Orioles | PARI/DISPARI PUNTI | Pari
PARZ/FIN+GOL ESATTI;1/1 + 1;;;;NON_MAPPATO;famiglia non riconosciuta;1;1;DOMUSBET;CALCIO | ITALIA - I DIVISIONE | Monza - Sassuolo | PARZ/FIN+GOL ESATTI | 1/1 + 1
PARZ/FIN+GOL ESATTI;1/1 + 2;;;;NON_MAPPATO;famiglia non riconosciuta;1;1;DOMUSBET;CALCIO | EUROPA - UEFA NATIONS LEAGUE | Italia - Belgio | PARZ/FIN+GOL ESATTI | 1/1 + 2
PARZ/FIN+GOL ESATTI;1/1 + 3;;;;NON_MAPPATO;famiglia non riconosciuta;1;1;DOMUSBET;CALCIO | EUROPA - UEFA NATIONS LEAGUE | Georgia - Irlanda del Nord | PARZ/FIN+GOL ESATTI | 1/1 + 3
PARZ/FIN+GOL ESATTI;1/1 + 4;;;;NON_MAPPATO;famiglia non riconosciuta;1;1;DOMUSBET;CALCIO | EUROPA - UEFA NATIONS LEAGUE | Svezia - Romania | PARZ/FIN+GOL ESATTI | 1/1 + 4
PARZ/FIN+GOL ESATTI;1/X + 2;;;;NON_MAPPATO;famiglia non riconosciuta;1;1;DOMUSBET;CALCIO | ITALIA - I DIVISIONE | Roma - Inter | PARZ/FIN+GOL ESATTI | 1/X + 2
PARZ/FIN+U/O INFO1 INFO2°T;X/1 + UNDER;;;;NON_MAPPATO;famiglia non riconosciuta;1;1;DOMUSBET;CALCIO | EUROPA - UEFA NATIONS LEAGUE | Israele - Irlanda | PARZ/FIN+U/O INFO1 INFO2°T | X/1 + UNDER
PARZ/FIN+UN/OV INFO1;2/2+UNDER;;;;NON_MAPPATO;famiglia non riconosciuta;1;1;DOMUSBET;CALCIO | EUROPA - UEFA NATIONS LEAGUE | San Marino - Finlandia | PARZ/FIN+UN/OV INFO1 | 2/2+UNDER
PARZ/FINALE + UNDER/OVER;2/2+OVER;;U/O Gol;;NON_MAPPATO;etichetta non riconosciuta per famiglia U/O Gol;1;1;BBET;CALCIO | EUROPA - UEFA NATIONS LEAGUE | Gibilterra - Andorra | PARZ/FINALE + UNDER/OVER | 2/2+OVER
PARZIALE/FINALE;1-1;1-1;;;NON_MAPPATO;famiglia non riconosciuta;1;1;STARCASINO;CALCIO | EUROPA - UEFA NATIONS LEAGUE | Slovacchia - Moldova | PARZIALE/FINALE | 1-1
PARZIALE/FINALE + UNDER/OVER;2/2+UNDER;;U/O Gol;;NON_MAPPATO;etichetta non riconosciuta per famiglia U/O Gol;1;1;STANLEYBET;CALCIO | ITALIA - III DIVISIONE | Pescara - Spezia | PARZIALE/FINALE + UNDER/OVER | 2/2+UNDER
PIAZZATA TRA LE PRIME 4 S/N INFO AGG (LEGABILE);SI;;;;NON_MAPPATO;famiglia non riconosciuta;1;1;WILLIAMHILL;CALCIO | ITALIA - I DIVISIONE | Serie A 2026/27 | PIAZZATA TRA LE PRIME 4 S/N INFO AGG (LEGABILE) | SI
PIAZZATO NEI PRIMI;SI;;;;NON_MAPPATO;famiglia non riconosciuta;1;1;STANLEYBET;CALCIO | INGHILTERRA - I DIVISIONE | Premier League 26/27 | PIAZZATO NEI PRIMI | SI
PIAZZATO NEI PRIMI INFO1;SI;;;;NON_MAPPATO;famiglia non riconosciuta;1;1;DOMUSBET;CALCIO | ITALIA - I DIVISIONE | Serie A 2026/27 | PIAZZATO NEI PRIMI INFO1 | SI
PRIMA SOSTITUZIONE NEL MATCH (4 ESITI);BREAK;;;;NON_MAPPATO;famiglia non riconosciuta;1;1;STARCASINO;CALCIO | EUROPA - UEFA NATIONS LEAGUE | San Marino - Albania | PRIMA SOSTITUZIONE NEL MATCH (4 ESITI) | BREAK
PRIME DUE;Argentina - Spagna;;;;NON_MAPPATO;famiglia non riconosciuta;1;1;DOMUSBET;CALCIO | MONDO - MONDIALI | Mondiali 2026 | PRIME DUE | Argentina - Spagna
PRIME DUE;Bayern Munich / Arsenal;;;;NON_MAPPATO;famiglia non riconosciuta;1;1;DOMUSBET;CALCIO | EUROPA - CHAMPIONS LEAGUE | UEFA Champions League 25/26 | PRIME DUE | Bayern Munich / Arsenal
PRIME DUE;Bayern Munich / Barcelona;;;;NON_MAPPATO;famiglia non riconosciuta;1;1;DOMUSBET;CALCIO | EUROPA - CHAMPIONS LEAGUE | UEFA Champions League 25/26 | PRIME DUE | Bayern Munich / Barcelona
PRIME DUE;Brasile - Spagna;;;;NON_MAPPATO;famiglia non riconosciuta;1;1;DOMUSBET;CALCIO | MONDO - MONDIALI | Mondiali 2026 | PRIME DUE | Brasile - Spagna
PRIME DUE;Como - Milan;;;;NON_MAPPATO;famiglia non riconosciuta;1;1;SPORTBET;CALCIO | ITALIA - I DIVISIONE | Serie A 2026/27 | PRIME DUE | Como - Milan
PRIME DUE;Francia - Inghilterra;;;;NON_MAPPATO;famiglia non riconosciuta;1;1;DOMUSBET;CALCIO | MONDO - MONDIALI | Mondiali 2026 | PRIME DUE | Francia - Inghilterra
PRIME DUE;Inter - Atalanta;;;;NON_MAPPATO;famiglia non riconosciuta;1;1;BBET;CALCIO | ITALIA - I DIVISIONE | Serie A 2026/27 | PRIME DUE | Inter - Atalanta
PRIME DUE;Inter - Roma;;;;NON_MAPPATO;famiglia non riconosciuta;1;1;DOMUSBET;CALCIO | ITALIA - I DIVISIONE | Serie A 2026/27 | PRIME DUE | Inter - Roma
PRIME DUE;Man City / Arsenal;;;;NON_MAPPATO;famiglia non riconosciuta;1;1;DOMUSBET;CALCIO | EUROPA - CHAMPIONS LEAGUE | UEFA Champions League 25/26 | PRIME DUE | Man City / Arsenal
PRIME DUE IN ORDINE;1 Arsenal, 2 Liverpool;;;;NON_MAPPATO;famiglia non riconosciuta;1;1;360BET;CALCIO | INGHILTERRA - I DIVISIONE | Premier League 26/27 | PRIME DUE IN ORDINE | 1 Arsenal, 2 Liverpool
PRIME DUE IN ORDINE;1 Man City, 2 Liverpool;;;;NON_MAPPATO;famiglia non riconosciuta;1;1;DOMUSBET;CALCIO | INGHILTERRA - I DIVISIONE | Premier League 26/27 | PRIME DUE IN ORDINE | 1 Man City, 2 Liverpool
PRIME DUE IN ORDINE;1 Man City, 2 Man Utd;;;;NON_MAPPATO;famiglia non riconosciuta;1;1;BBET;CALCIO | INGHILTERRA - I DIVISIONE | Premier League 26/27 | PRIME DUE IN ORDINE | 1 Man City, 2 Man Utd
PRIME DUE IN ORDINE;1? Arsenal, 2? Liverpool;;;;NON_MAPPATO;famiglia non riconosciuta;1;1;DOMUSBET;CALCIO | INGHILTERRA - I DIVISIONE | Premier League 26/27 | PRIME DUE IN ORDINE | 1? Arsenal, 2? Liverpool
PRIME DUE IN ORDINE;Como - Juventus;;;;NON_MAPPATO;famiglia non riconosciuta;1;1;DOMUSBET;CALCIO | ITALIA - I DIVISIONE | Serie A 2026/27 | PRIME DUE IN ORDINE | Como - Juventus
PRIME DUE IN ORDINE;Inter - Lazio;;;;NON_MAPPATO;famiglia non riconosciuta;1;1;DOMUSBET;CALCIO | ITALIA - I DIVISIONE | Serie A 2026/27 | PRIME DUE IN ORDINE | Inter - Lazio
PRIME DUE IN ORDINE;Inter - Milan;;;;NON_MAPPATO;famiglia non riconosciuta;1;1;DOMUSBET;CALCIO | ITALIA - I DIVISIONE | Serie A 2026/27 | PRIME DUE IN ORDINE | Inter - Milan
PRIME DUE IN ORDINE;Juventus - Como;;;;NON_MAPPATO;famiglia non riconosciuta;1;1;DOMUSBET;CALCIO | ITALIA - I DIVISIONE | Serie A 2026/27 | PRIME DUE IN ORDINE | Juventus - Como
PRIME DUE IN ORDINE;Milan - Inter;;;;NON_MAPPATO;famiglia non riconosciuta;1;1;DOMUSBET;CALCIO | ITALIA - I DIVISIONE | Serie A 2026/27 | PRIME DUE IN ORDINE | Milan - Inter
PRIME DUE IN ORDINE;Roma - Como;;;;NON_MAPPATO;famiglia non riconosciuta;1;1;BBET;CALCIO | ITALIA - I DIVISIONE | Serie A 2026/27 | PRIME DUE IN ORDINE | Roma - Como
PRIME DUE NON IN ORDINE;Inter - Juventus;;;;NON_MAPPATO;famiglia non riconosciuta;1;1;DOMUSBET;CALCIO | ITALIA - I DIVISIONE | Serie A 2026/27 | PRIME DUE NON IN ORDINE | Inter - Juventus
PRIME DUE NON IN ORDINE;Inter - Napoli;;;;NON_MAPPATO;famiglia non riconosciuta;1;1;DOMUSBET;CALCIO | ITALIA - I DIVISIONE | Serie A 2026/27 | PRIME DUE NON IN ORDINE | Inter - Napoli
PRIME DUE NON IN ORDINE;Roma - Como;;;;NON_MAPPATO;famiglia non riconosciuta;1;1;DOMUSBET;CALCIO | ITALIA - I DIVISIONE | Serie A 2026/27 | PRIME DUE NON IN ORDINE | Roma - Como
PRIMO CARTELLINO 1X2 TEMPO INFO1;Casa;;1X2;;NON_MAPPATO;etichetta non riconosciuta per famiglia 1X2;1;1;DOMUSBET;CALCIO | INGHILTERRA - II DIVISIONE | Millwall - West Ham | PRIMO CARTELLINO 1X2 TEMPO INFO1 | Casa
PRIMO CARTELLINO 1X2 TEMPO INFO1;Nessuno;;1X2;;NON_MAPPATO;etichetta non riconosciuta per famiglia 1X2;1;1;DOMUSBET;CALCIO | EUROPA - EUROPA LEAGUE | Juventus - NEC Nimega | PRIMO CARTELLINO 1X2 TEMPO INFO1 | Nessuno
PRIMO CARTELLINO 1X2 TEMPO INFO1;Ospite;;1X2;;NON_MAPPATO;etichetta non riconosciuta per famiglia 1X2;1;1;DOMUSBET;CALCIO | MESSICO - I DIVISIONE | Deportivo Toluca - Club Santos Laguna | PRIMO CARTELLINO 1X2 TEMPO INFO1 | Ospite
PRIMO COSTRUTTORE A RITIRARSI;Aston Martin;;;;NON_MAPPATO;famiglia non riconosciuta;1;1;DOMUSBET;AUTOMOBILISMO | MONDO - CAMPIONATO FORMULA 1 | GP Baku GARA | PRIMO COSTRUTTORE A RITIRARSI | Aston Martin
PRIMO COSTRUTTORE A RITIRARSI;Cadillac;;;;NON_MAPPATO;famiglia non riconosciuta;1;1;DOMUSBET;AUTOMOBILISMO | MONDO - CAMPIONATO FORMULA 1 | GP Baku GARA | PRIMO COSTRUTTORE A RITIRARSI | Cadillac
PRIMO O ULTIMO MARCATORE;SI;;;;NON_MAPPATO;famiglia non riconosciuta;1;1;STANLEYBET;CALCIO | EUROPA - UEFA NATIONS LEAGUE | Austria - Kosovo | PRIMO O ULTIMO MARCATORE | SI
PRIMO PILOTA A RITIRARSI;Hamilton L.;;;;NON_MAPPATO;famiglia non riconosciuta;1;1;DOMUSBET;AUTOMOBILISMO | MONDO - CAMPIONATO FORMULA 1 | GP Baku GARA | PRIMO PILOTA A RITIRARSI | Hamilton L.
PRIMO PILOTA A RITIRARSI;Stroll L.;;;;NON_MAPPATO;famiglia non riconosciuta;1;1;DOMUSBET;AUTOMOBILISMO | MONDO - CAMPIONATO FORMULA 1 | GP Baku GARA | PRIMO PILOTA A RITIRARSI | Stroll L.
PROSSIMO CORNER TEMPO X;2;;;;NON_MAPPATO;famiglia non riconosciuta;1;1;DOMUSBET;CALCIO | FRANCIA - I DIVISIONE | Marsiglia - PSG | PROSSIMO CORNER TEMPO X | 2
QUINTO SET SI/NO;SI;;;;NON_MAPPATO;famiglia non riconosciuta;1;1;DOMUSBET;VOLLEY | EUROPA - CAMP. EUROPEO | Francia - Polonia | QUINTO SET SI/NO | SI
RIGORE ENTRO 5°MIN;SI;;;;NON_MAPPATO;famiglia non riconosciuta;1;1;DOMUSBET;CALCIO | EUROPA - UEFA NATIONS LEAGUE | Lituania - Azerbaigian | RIGORE ENTRO 5°MIN | SI
RIS. ESATTO;0-2;;;;NON_MAPPATO;famiglia non riconosciuta;1;1;ADMIRAL;CALCIO | CINA - I DIVISIONE | Shenzhen Peng City - Chongqing Tonglianglong FC | RIS. ESATTO | 0-2
RIS. ESATTO;2-0;;;;NON_MAPPATO;famiglia non riconosciuta;1;1;ADMIRAL;CALCIO | CINA - I DIVISIONE | Shenzhen Peng City - Chongqing Tonglianglong FC | RIS. ESATTO | 2-0
RIS. ESATTO 2-0;No;;;;NON_MAPPATO;famiglia non riconosciuta;1;1;STARCASINO;TENNIS | CHALLENGER DI PORTOGALLO | Mmoh, Michael - Djere, Laslo | RIS. ESATTO 2-0 | No
RIS. ESATTO HT/FT;0-0 2-0;;;;NON_MAPPATO;famiglia non riconosciuta;1;1;DOMUSBET;CALCIO | EUROPA - EUROPA LEAGUE | Juventus - NEC Nimega | RIS. ESATTO HT/FT | 0-0 2-0
RIS. ESATTO HT/FT;0-0 3-0;;;;NON_MAPPATO;famiglia non riconosciuta;1;1;DOMUSBET;CALCIO | EUROPA - EUROPA LEAGUE | Juventus - NEC Nimega | RIS. ESATTO HT/FT | 0-0 3-0
RIS. ESATTO HT/FT;0-2 0-3;;;;NON_MAPPATO;famiglia non riconosciuta;1;1;DOMUSBET;CALCIO | CILE - COPPA | Deportes Puerto Montt - Nublense | RIS. ESATTO HT/FT | 0-2 0-3
RIS. ESATTO HT/FT;0-3 ALTRO;;;;NON_MAPPATO;famiglia non riconosciuta;1;1;DOMUSBET;CALCIO | ITALIA - I DIVISIONE | Monza - Sassuolo | RIS. ESATTO HT/FT | 0-3 ALTRO
RIS. ESATTO HT/FT;1-2 1-2;;;;NON_MAPPATO;famiglia non riconosciuta;1;1;DOMUSBET;CALCIO | ITALIA - I DIVISIONE | Monza - Sassuolo | RIS. ESATTO HT/FT | 1-2 1-2
RIS. ESATTO HT/FT;1-2 ALTRO;;;;NON_MAPPATO;famiglia non riconosciuta;1;1;DOMUSBET;CALCIO | ITALIA - I DIVISIONE | Monza - Sassuolo | RIS. ESATTO HT/FT | 1-2 ALTRO
RIS. ESATTO HT/FT;2-0 2-0;;;;NON_MAPPATO;famiglia non riconosciuta;1;1;DOMUSBET;CALCIO | EUROPA - EUROPA LEAGUE | Juventus - NEC Nimega | RIS. ESATTO HT/FT | 2-0 2-0
RIS. ESATTO HT/FT;2-0 2-1;;;;NON_MAPPATO;famiglia non riconosciuta;1;1;DOMUSBET;CALCIO | EUROPA - UEFA NATIONS LEAGUE | Italia - Belgio | RIS. ESATTO HT/FT | 2-0 2-1
RIS. ESATTO INFO1°SET;5-7 6-7;;;;NON_MAPPATO;famiglia non riconosciuta;1;1;DOMUSBET;TENNIS | LAVER CUP | Jodar, Rafael - Fritz, Taylor | RIS. ESATTO INFO1°SET | 5-7 6-7
RIS. ESATTO INFO1°SET;7-5 7-6;;;;NON_MAPPATO;famiglia non riconosciuta;1;1;DOMUSBET;TENNIS | LAVER CUP | Alcaraz, Carlos - de Minaur, Alex | RIS. ESATTO INFO1°SET | 7-5 7-6
RIS. ESATTO INFO1°SET;7-6;7-6;;;NON_MAPPATO;famiglia non riconosciuta;1;1;DOMUSBET;TENNIS | CHALLENGER DI FRANCIA | Maestrelli, Francesco - Nagel, Arthur | RIS. ESATTO INFO1°SET | 7-6
RIS. ESATTO SET;6-3 6-4;;;;NON_MAPPATO;famiglia non riconosciuta;1;1;SPORTBET;TENNIS | LAVER CUP | Alcaraz, Carlos - de Minaur, Alex | RIS. ESATTO SET | 6-3 6-4
RIS. ESATTO SET INFO1;7-6;;;;NON_MAPPATO;famiglia non riconosciuta;1;1;STARCASINO;TENNIS | TORNEO DI CHENGDU | Mannarino, Adrian - Shapovalov, Denis | RIS. ESATTO SET INFO1 | 7-6
RIS.ES+GIOCATORE INFO1 1°MARCATORE;0-4 + 1°Marc;;;;NON_MAPPATO;famiglia non riconosciuta;1;1;DOMUSBET;CALCIO | FRANCIA - I DIVISIONE | Marsiglia - PSG | RIS.ES+GIOCATORE INFO1 1°MARCATORE | 0-4 + 1°Marc
RIS.ES+GIOCATORE INFO1 1°MARCATORE;2-3 + 1°Marc;;;;NON_MAPPATO;famiglia non riconosciuta;1;1;DOMUSBET;CALCIO | SPAGNA - I DIVISIONE | Atletico Madrid - Real Madrid | RIS.ES+GIOCATORE INFO1 1°MARCATORE | 2-3 + 1°Marc
RIS.ES+GIOCATORE INFO1 1°MARCATORE;3-2 + 1°Marc;;;;NON_MAPPATO;famiglia non riconosciuta;1;1;DOMUSBET;CALCIO | ITALIA - I DIVISIONE | Roma - Inter | RIS.ES+GIOCATORE INFO1 1°MARCATORE | 3-2 + 1°Marc
RIS.ESATTO + SEGNA GOAL X;0-2 + Marc Goal X;;;;NON_MAPPATO;famiglia non riconosciuta;1;1;WILLIAMHILL;CALCIO | EUROPA - UEFA NATIONS LEAGUE | Serbia - Olanda | RIS.ESATTO + SEGNA GOAL X | 0-2 + Marc Goal X
RIS.ESATTO + SEGNA GOAL X;1-3 + Marc Goal X;;;;NON_MAPPATO;famiglia non riconosciuta;1;1;WILLIAMHILL;CALCIO | EUROPA - UEFA NATIONS LEAGUE | Serbia - Olanda | RIS.ESATTO + SEGNA GOAL X | 1-3 + Marc Goal X
RIS.ESATTO + SEGNA GOAL X;2-1 + Marc Goal X;;;;NON_MAPPATO;famiglia non riconosciuta;1;1;WILLIAMHILL;CALCIO | EUROPA - UEFA NATIONS LEAGUE | Danimarca - Galles | RIS.ESATTO + SEGNA GOAL X | 2-1 + Marc Goal X
RIS.ESATTO MULTIPLO;0:1,0:2 O 0:3;;;;NON_MAPPATO;famiglia non riconosciuta;1;1;360BET;CALCIO | EUROPA - UEFA NATIONS LEAGUE | Norvegia - Portogallo | RIS.ESATTO MULTIPLO | 0:1,0:2 O 0:3
RIS.ESATTO MULTIPLO;1:2,1:3 O 1:4;;;;NON_MAPPATO;famiglia non riconosciuta;1;1;360BET;CALCIO | EUROPA - UEFA NATIONS LEAGUE | Israele - Irlanda | RIS.ESATTO MULTIPLO | 1:2,1:3 O 1:4
RIS.ESATTO MULTIPLO;2:1,3:1 O 4:1;;;;NON_MAPPATO;famiglia non riconosciuta;1;1;360BET;CALCIO | EUROPA - UEFA NATIONS LEAGUE | Israele - Irlanda | RIS.ESATTO MULTIPLO | 2:1,3:1 O 4:1
RIS.ESATTO MULTIPLO 2;2-4 3-4;;;;NON_MAPPATO;famiglia non riconosciuta;1;1;DOMUSBET;CALCIO | EUROPA - UEFA NATIONS LEAGUE | Turchia - Francia | RIS.ESATTO MULTIPLO 2 | 2-4 3-4
RIS.ESATTO MULTIPLO 2;3-3 4-4 ALTRO;;;;NON_MAPPATO;famiglia non riconosciuta;1;1;DOMUSBET;CALCIO | EUROPA - EUROPA LEAGUE | Crystal Palace - Lech Poznan | RIS.ESATTO MULTIPLO 2 | 3-3 4-4 ALTRO
RIS.ESATTO MULTIPLO 3;4-0 4-3;;;;NON_MAPPATO;famiglia non riconosciuta;1;1;DOMUSBET;CALCIO | EUROPA - EUROPA LEAGUE | Crystal Palace - Lech Poznan | RIS.ESATTO MULTIPLO 3 | 4-0 4-3
RIS.ESATTO MULTIPLO 4;0-2 / 1-2 / 0-3 / 1-3;;;;NON_MAPPATO;famiglia non riconosciuta;1;1;360BET;CALCIO | EUROPA - UEFA NATIONS LEAGUE | Serbia - Olanda | RIS.ESATTO MULTIPLO 4 | 0-2 / 1-2 / 0-3 / 1-3
RISULTATO ESATTO (NO OT);0-5;;Risultato Esatto;;NON_MAPPATO;etichetta non riconosciuta per famiglia Risultato Esatto;1;1;DOMUSBET;HOCKEY GHIACCIO | AUSTRIA - I DIVISIONE | Vienna Capitals - Milano Rossoblu | RISULTATO ESATTO (NO OT) | 0-5
RISULTATO ESATTO (NO OT);1-5;;Risultato Esatto;;NON_MAPPATO;etichetta non riconosciuta per famiglia Risultato Esatto;1;1;DOMUSBET;HOCKEY GHIACCIO | AUSTRIA - I DIVISIONE | Vienna Capitals - Milano Rossoblu | RISULTATO ESATTO (NO OT) | 1-5
RISULTATO ESATTO (NO OT);5-0;;Risultato Esatto;;NON_MAPPATO;etichetta non riconosciuta per famiglia Risultato Esatto;1;1;DOMUSBET;HOCKEY GHIACCIO | AUSTRIA - I DIVISIONE | Vienna Capitals - Milano Rossoblu | RISULTATO ESATTO (NO OT) | 5-0
RISULTATO ESATTO 5 GOL;4-5;;Risultato Esatto;;NON_MAPPATO;etichetta non riconosciuta per famiglia Risultato Esatto;1;1;DOMUSBET;CALCIO | ITALIA - I DIVISIONE | Roma - Inter | RISULTATO ESATTO 5 GOL | 4-5
RISULTATO ESATTO 5 GOL;5-1;;Risultato Esatto;;NON_MAPPATO;etichetta non riconosciuta per famiglia Risultato Esatto;1;1;DOMUSBET;CALCIO | OLANDA - COPPA | ACV Assen - VV Hoogeveen | RISULTATO ESATTO 5 GOL | 5-1
RISULTATO ESATTO MULTIPLO;0:1,0:2 O 0:3;;Risultato Esatto;;NON_MAPPATO;etichetta non riconosciuta per famiglia Risultato Esatto;1;1;WILLIAMHILL;CALCIO | EUROPA - UEFA NATIONS LEAGUE | Serbia - Olanda | RISULTATO ESATTO MULTIPLO | 0:1,0:2 O 0:3
RISULTATO ESATTO MULTIPLO;4:0,5:0 O 6:0;;Risultato Esatto;;NON_MAPPATO;etichetta non riconosciuta per famiglia Risultato Esatto;1;1;STARCASINO;CALCIO | EUROPA - EUROPA LEAGUE | Juventus - NEC Nimega | RISULTATO ESATTO MULTIPLO | 4:0,5:0 O 6:0
SCUDERIA DEL VINCENTE;Mercedes;;;;NON_MAPPATO;famiglia non riconosciuta;1;1;STARCASINO;AUTOMOBILISMO | MONDO - CAMPIONATO FORMULA 1 | GP Sepang GARA | SCUDERIA DEL VINCENTE | Mercedes
SCUDERIA DEL VINCENTE INFO1;Red Bull Racing;;;;NON_MAPPATO;famiglia non riconosciuta;1;1;DOMUSBET;AUTOMOBILISMO | MONDO - CAMPIONATO FORMULA 1 | GP Baku GARA | SCUDERIA DEL VINCENTE INFO1 | Red Bull Racing
SCUDERIA GIRO VELOCE GARA;Mercedes;;;;NON_MAPPATO;famiglia non riconosciuta;1;1;DOMUSBET;AUTOMOBILISMO | MONDO - CAMPIONATO FORMULA 1 | GP Baku GARA | SCUDERIA GIRO VELOCE GARA | Mercedes
SCUDERIA VINCENTE PROVE LIBERE INFO1;Ferrari;;;;NON_MAPPATO;famiglia non riconosciuta;1;1;DOMUSBET;AUTOMOBILISMO | MONDO - CAMPIONATO FORMULA 1 | GP Baku PROVE LIBERE 1 | SCUDERIA VINCENTE PROVE LIBERE INFO1 | Ferrari
SCUDERIA VINCENTE PROVE LIBERE INFO1;Mercedes;;;;NON_MAPPATO;famiglia non riconosciuta;1;1;DOMUSBET;AUTOMOBILISMO | MONDO - CAMPIONATO FORMULA 1 | GP Baku PROVE LIBERE 3 | SCUDERIA VINCENTE PROVE LIBERE INFO1 | Mercedes
SEGNA + RIS.ESATTO;Segna & 0-3;;;;NON_MAPPATO;famiglia non riconosciuta;1;1;BBET;CALCIO | EUROPA - UEFA NATIONS LEAGUE | Serbia - Olanda | SEGNA + RIS.ESATTO | Segna & 0-3
SEGNA + RIS.ESATTO;Segna & 1-4;;;;NON_MAPPATO;famiglia non riconosciuta;1;1;BBET;CALCIO | EUROPA - UEFA NATIONS LEAGUE | Serbia - Olanda | SEGNA + RIS.ESATTO | Segna & 1-4
SEGNA + RIS.ESATTO;Segna & 2-2;;;;NON_MAPPATO;famiglia non riconosciuta;1;1;BBET;CALCIO | EUROPA - UEFA NATIONS LEAGUE | Norvegia - Portogallo | SEGNA + RIS.ESATTO | Segna & 2-2
SEGNA + RIS.ESATTO;Segna & 2-3;;;;NON_MAPPATO;famiglia non riconosciuta;1;1;BBET;CALCIO | EUROPA - UEFA NATIONS LEAGUE | Serbia - Olanda | SEGNA + RIS.ESATTO | Segna & 2-3
SEGNA + RIS.ESATTO;Segna & 3-2;;;;NON_MAPPATO;famiglia non riconosciuta;1;1;BBET;CALCIO | EUROPA - UEFA NATIONS LEAGUE | Germania - Grecia | SEGNA + RIS.ESATTO | Segna & 3-2
SEGNA + RIS.ESATTO;Segna & 4-1;;;;NON_MAPPATO;famiglia non riconosciuta;1;1;BBET;CALCIO | EUROPA - UEFA NATIONS LEAGUE | Germania - Grecia | SEGNA + RIS.ESATTO | Segna & 4-1
SEGNA GOL INFO1;TEAM 2;;;;NON_MAPPATO;famiglia non riconosciuta;1;1;ADMIRAL;CALCIO | ITALIA - I DIVISIONE | Genoa - Napoli | SEGNA GOL INFO1 | TEAM 2
SEGNA+RIS. ESATTO;1-4 + GIOCATORE SEGNA;;;;NON_MAPPATO;famiglia non riconosciuta;1;1;MARATHON;CALCIO | EUROPA - UEFA NATIONS LEAGUE | Serbia - Olanda | SEGNA+RIS. ESATTO | 1-4 + GIOCATORE SEGNA
SEGNA+RIS. ESATTO;2-4 + GIOCATORE SEGNA;;;;NON_MAPPATO;famiglia non riconosciuta;1;1;MARATHON;CALCIO | EUROPA - UEFA NATIONS LEAGUE | Serbia - Olanda | SEGNA+RIS. ESATTO | 2-4 + GIOCATORE SEGNA
SET BETTING;2-3;;;;NON_MAPPATO;famiglia non riconosciuta;1;1;MARATHON;TENNIS | US OPEN | Tiafoe, Frances - Shelton, Ben | SET BETTING | 2-3
SET BETTING;3-0;;;;NON_MAPPATO;famiglia non riconosciuta;1;1;MARATHON;TENNIS | US OPEN | Zverev, Alexander - Khachanov, Karen | SET BETTING | 3-0
SET BETTING;3-2;;;;NON_MAPPATO;famiglia non riconosciuta;1;1;MARATHON;TENNIS | US OPEN | Tiafoe, Frances - Shelton, Ben | SET BETTING | 3-2
SET INFO1 - TIE BREAK;SI;;;;NON_MAPPATO;famiglia non riconosciuta;1;1;MARATHON;TENNIS | CHALLENGER DI USA | Hance, Keaton - Antonius, Michael | SET INFO1 - TIE BREAK | SI
SET INFO2 - T/T HANDICAP INFO1 GAMES;1;;;;NON_MAPPATO;famiglia non riconosciuta;1;1;MARATHON;TENNIS | TORNEO DI HANGZHOU | Medvedev, Daniil - Wong, Coleman | SET INFO2 - T/T HANDICAP INFO1 GAMES | 1
SET INFO2 - T/T HANDICAP INFO1 GAMES;2;;;;NON_MAPPATO;famiglia non riconosciuta;1;1;STARCASINO;TENNIS | CHALLENGER DI ITALIA | Forti, Francesco - Caniato, Carlo Alberto | SET INFO2 - T/T HANDICAP INFO1 GAMES | 2
SET INFO3 GIOCO INFO2 PUNTO INFO1;1;;;;NON_MAPPATO;famiglia non riconosciuta;1;1;MARATHON;TENNIS | TORNEO DI SEOUL | Joint, Maya - Birrell, Kimberly | SET INFO3 GIOCO INFO2 PUNTO INFO1 | 1
SOMMA GOAL OSPITE;>2;;;;NON_MAPPATO;famiglia non riconosciuta;1;1;WILLIAMHILL;CALCIO | EUROPA - UEFA NATIONS LEAGUE | Serbia - Olanda | SOMMA GOAL OSPITE | >2
SOMMA GOL 2° TEMPO;1;;;;NON_MAPPATO;famiglia non riconosciuta;1;1;SPORTBET;CALCIO | EUROPA - UEFA NATIONS LEAGUE | Gibilterra - Andorra | SOMMA GOL 2° TEMPO | 1
SOSTITUZIONE 1°T;Si;;;;NON_MAPPATO;famiglia non riconosciuta;1;1;STARCASINO;CALCIO | EUROPA - UEFA NATIONS LEAGUE | Gibilterra - Andorra | SOSTITUZIONE 1°T | Si
SOSTITUZIONE PRIMO TEMPO S/N;SI;;;;NON_MAPPATO;famiglia non riconosciuta;1;1;MARATHON;CALCIO | EUROPA - UEFA NATIONS LEAGUE | Serbia - Olanda | SOSTITUZIONE PRIMO TEMPO S/N | SI
SQUADRA 1 VINCE ESATTAMENTE DUE SET SI/NO;NO;;;;NON_MAPPATO;famiglia non riconosciuta;1;1;DOMUSBET;VOLLEY | EUROPA - CAMP. EUROPEO | Slovacchia - Grecia | SQUADRA 1 VINCE ESATTAMENTE DUE SET SI/NO | NO
SQUADRA 2 VINCE ESATTAMENTE UN SET SI/NO;NO;;;;NON_MAPPATO;famiglia non riconosciuta;1;1;DOMUSBET;VOLLEY | EUROPA - CAMP. EUROPEO | Polonia - Germania | SQUADRA 2 VINCE ESATTAMENTE UN SET SI/NO | NO
SQUADRA INFO1 VINCE ALMENO UN TEMPO;SI;SI;;;NON_MAPPATO;famiglia non riconosciuta;1;1;DOMUSBET;CALCIO | ITALIA - I DIVISIONE | Torino - Roma | SQUADRA INFO1 VINCE ALMENO UN TEMPO | SI
SQUADRA PRIMA ALLA GIORNATA X;Napoli;;;;NON_MAPPATO;famiglia non riconosciuta;1;1;STARCASINO;CALCIO | ITALIA - I DIVISIONE | Serie A 2026/27 - Prima Alla 10 giornata | SQUADRA PRIMA ALLA GIORNATA X | Napoli
SQUADRA SEGNA ENTRAMBI I TEMPI;SI;SI;;;NON_MAPPATO;famiglia non riconosciuta;1;1;DOMUSBET;CALCIO | ITALIA - I DIVISIONE | Inter - Udinese | SQUADRA SEGNA ENTRAMBI I TEMPI | SI
T/T;2;2;;;NON_MAPPATO;famiglia non riconosciuta;1;1;DOMUSBET;VOLLEY | EUROPA - CAMP. EUROPEO | Israele - Macedonia del Nord | T/T | 2
T/T + DOPPIA DOPPIA INFO1 INCL. T.S.;TEAM 1+SI;;;;NON_MAPPATO;famiglia non riconosciuta;1;1;DOMUSBET;BASKET | USA - WNBA | Las Vegas Aces - Indiana Fever | T/T + DOPPIA DOPPIA INFO1 INCL. T.S. | TEAM 1+SI
T/T + U/O INFO1 (INCL. OT);TEAM 2 + OVER;;;;NON_MAPPATO;famiglia non riconosciuta;1;1;MARATHON;BASKET | ITALIA - I DIVISIONE | APU Udine - Basket Scafati 1969 | T/T + U/O INFO1 (INCL. OT) | TEAM 2 + OVER
T/T + U/O INFO1 (INCL. OT);Team 2+Un;;;;NON_MAPPATO;famiglia non riconosciuta;1;1;STARCASINO;BASKET | DANIMARCA - I DIVISIONE | Horsens - Team Fog Naestved | T/T + U/O INFO1 (INCL. OT) | Team 2+Un
T/T + U/O INFO2 RIMBALZI INFO1 INCL T.S.;1 + OVER;;;;NON_MAPPATO;famiglia non riconosciuta;1;1;DOMUSBET;BASKET | USA - WNBA | Los Angeles Sparks - Portland Fire | T/T + U/O INFO2 RIMBALZI INFO1 INCL T.S. | 1 + OVER
T/T + ULTIMO PUNTO;2 + Casa;;;;NON_MAPPATO;famiglia non riconosciuta;1;1;DOMUSBET;BASKET | USA - WNBA | Toronto Tempo - Indiana Fever | T/T + ULTIMO PUNTO | 2 + Casa
T/T 1°PUNTO 1°GIOCO AL SERVIZIO GIOC 1;1;;;;NON_MAPPATO;famiglia non riconosciuta;1;1;DOMUSBET;TENNIS | TORNEO DI GUADALAJARA | Kostyuk, Marta - Samsonova, Liudmila | T/T 1°PUNTO 1°GIOCO AL SERVIZIO GIOC 1 | 1
T/T HANDICAP ANGOLI - TEMPO X;SQUADRA OSPITE;;;;NON_MAPPATO;famiglia non riconosciuta;1;1;MARATHON;CALCIO | EUROPA - UEFA NATIONS LEAGUE | Danimarca - Galles | T/T HANDICAP ANGOLI - TEMPO X | SQUADRA OSPITE
T/T HANDICAP INFO1 INCL. T.S.;2;;;;NON_MAPPATO;famiglia non riconosciuta;1;1;DOMUSBET;BASEBALL | AMERICA - MAJOR LEAGUE | Colorado Rockies - Arizona Diamondbacks | T/T HANDICAP INFO1 INCL. T.S. | 2
T/T HANDICAP INFO1 INCL. TS;2;2;;;NON_MAPPATO;famiglia non riconosciuta;1;1;DOMUSBET;VOLLEY | EUROPA - CAMP. EUROPEO | Israele - Macedonia del Nord | T/T HANDICAP INFO1 INCL. TS | 2
T/T HANDICAP INFO1 INFO2°T;SQUADRA OSPITE;;;;NON_MAPPATO;famiglia non riconosciuta;1;1;DOMUSBET;FOOTBALL AMERICANO | USA - CAMPIONATO NFL | Dallas Cowboys - Washington Commanders | T/T HANDICAP INFO1 INFO2°T | SQUADRA OSPITE
T/T HANDICAP NEL QUARTO;1;;;;NON_MAPPATO;famiglia non riconosciuta;1;1;WILLIAMHILL;BASKET | ITALIA - I DIVISIONE | Maxima Roma - Napoli Basket | T/T HANDICAP NEL QUARTO | 1
T/T HANDICAP QUARTO;1;;;;NON_MAPPATO;famiglia non riconosciuta;1;1;STARCASINO;FOOTBALL AMERICANO | USA - CAMPIONATO NFL | Detroit Lions - New York Jets | T/T HANDICAP QUARTO | 1
T/T HANDICAP QUARTO;2;;;;NON_MAPPATO;famiglia non riconosciuta;1;1;STANLEYBET;football americano | USA - CAMPIONATO NFL | Denver Broncos - Los Angeles Rams | T/T HANDICAP QUARTO | 2
T/T HANDICAP TEMPO;2;;;;NON_MAPPATO;famiglia non riconosciuta;1;1;TOTOSI;BASKET | ROMANIA - COPPA | CS Municipal Galati - Csm Targu Mures | T/T HANDICAP TEMPO | 2
T/T INCL. T.S.;1;;;;NON_MAPPATO;famiglia non riconosciuta;1;1;DOMUSBET;BASKET | USA - NBA | Portland Trail Blazers - Indiana Pacers | T/T INCL. T.S. | 1
T/T INCL. T.S.;2;;;;NON_MAPPATO;famiglia non riconosciuta;1;1;DOMUSBET;BASKET | BRASILE - I DIVISIONE | Sesi/Franca BC SP - Mogi das Cruzes | T/T INCL. T.S. | 2
T/T INFO1 HANDICAP;1;1;;;NON_MAPPATO;famiglia non riconosciuta;1;1;STARCASINO;BASKET | FRANCIA - I DIVISIONE F. | Tango Bourges - Landerneau Bretagne Basket | T/T INFO1 HANDICAP | 1
T/T INFO1 HANDICAP CORNER INFO2° TEMPO;2;;;;NON_MAPPATO;famiglia non riconosciuta;1;1;BBET;CALCIO | EUROPA - UEFA NATIONS LEAGUE | Serbia - Olanda | T/T INFO1 HANDICAP CORNER INFO2° TEMPO | 2
T/T INFO1 HANDICAP TEMPO INFO2;1;;;;NON_MAPPATO;famiglia non riconosciuta;1;1;MARATHON;BASKET | TURCHIA - I DIVISIONE | Anadolu Efes - Besiktas | T/T INFO1 HANDICAP TEMPO INFO2 | 1
T/T INFO1 SET (ESCL. RITIRO);2;1;;;NON_MAPPATO;famiglia non riconosciuta;1;1;DOMUSBET;TENNIS | TORNEO DI SEOUL | Yao, Xinxin - Hon, Priscilla | T/T INFO1 SET (ESCL. RITIRO) | 2
T/T INFO1°SET;2;2;;;NON_MAPPATO;famiglia non riconosciuta;1;1;STARCASINO;VOLLEY | EUROPA - CAMP. EUROPEO | Francia - Polonia | T/T INFO1°SET | 2
T/T QUARTO X;1;;;;NON_MAPPATO;famiglia non riconosciuta;1;1;WILLIAMHILL;BASKET | INGHILTERRA - SLB | London Lions - Liverpool | T/T QUARTO X | 1
T/T SET INFO1;1;1;;;NON_MAPPATO;famiglia non riconosciuta;1;1;DOMUSBET;VOLLEY | EUROPA - CAMP. EUROPEO | Svezia - Slovacchia | T/T SET INFO1 | 1
T/T SET INFO1 (ESCL. RITIRO);2;;;;NON_MAPPATO;famiglia non riconosciuta;1;1;STANLEYBET;TENNIS | LAVER CUP | Jodar, Rafael - Fritz, Taylor | T/T SET INFO1 (ESCL. RITIRO) | 2
TEMPI SUPPLEMENTARI;No;;;;NON_MAPPATO;famiglia non riconosciuta;1;1;STARCASINO;BASKET | FRANCIA - I DIVISIONE | Sluc Nancy Basket - Paris Basketball | TEMPI SUPPLEMENTARI | No
TEMPO CON PIÙ GOAL;X;;;;NON_MAPPATO;famiglia non riconosciuta;1;1;WILLIAMHILL;CALCIO | ITALIA - I DIVISIONE | Lecce - Bologna FC | TEMPO CON PIÙ GOAL | X
TESTA A TESTA;1;1;;;NON_MAPPATO;famiglia non riconosciuta;1;1;WILLIAMHILL;TENNIS TAVOLO | UCRAINA - TT CUP | Velky Jr, Dalibor - Pawlik, Dominik | TESTA A TESTA | 1
TESTA/TESTA SET INFO1;1;;;;NON_MAPPATO;famiglia non riconosciuta;1;1;WILLIAMHILL;TENNIS TAVOLO | UCRAINA - TT CUP | Benak, Vit - Kadavy, Ondrej | TESTA/TESTA SET INFO1 | 1
TIE BREAK SET INFO1;NO;;;;NON_MAPPATO;famiglia non riconosciuta;1;1;WILLIAMHILL;TENNIS | CHALLENGER DI USA | Martin, Andres - Okonkwo, Oliver | TIE BREAK SET INFO1 | NO
TOP ASSIST VINCENTI NEL TORNEO INFO AGG;Lamine Yamal (Barcellona);;;;NON_MAPPATO;famiglia non riconosciuta;1;1;MARATHON;CALCIO | EUROPA - CHAMPIONS LEAGUE | UEFA Champions League 26/27 | TOP ASSIST VINCENTI NEL TORNEO INFO AGG | Lamine Yamal (Barcellona)
TOP ASSIST VINCENTI NEL TORNEO INFO AGG;Vinicius Jr. (Real Madrid);;;;NON_MAPPATO;famiglia non riconosciuta;1;1;MARATHON;CALCIO | EUROPA - CHAMPIONS LEAGUE | UEFA Champions League 26/27 | TOP ASSIST VINCENTI NEL TORNEO INFO AGG | Vinicius Jr. (Real Madrid)
TOTALE CARTELLINI;6;;;;NON_MAPPATO;famiglia non riconosciuta;1;1;DOMUSBET;CALCIO | AMICHEVOLI SQUADRE NAZIONALI | Messico - Colombia | TOTALE CARTELLINI | 6
TOTALE CARTELLINI;7;;;;NON_MAPPATO;famiglia non riconosciuta;1;1;DOMUSBET;CALCIO | AMICHEVOLI SQUADRE NAZIONALI | Messico - Colombia | TOTALE CARTELLINI | 7
TOTALE CARTELLINI CASA;>3;;;;NON_MAPPATO;famiglia non riconosciuta;1;1;MARATHON;CALCIO | EUROPA - UEFA NATIONS LEAGUE | Serbia - Olanda | TOTALE CARTELLINI CASA | >3
TOTALE CARTELLINI INFO1°T;2;;;;NON_MAPPATO;famiglia non riconosciuta;1;1;DOMUSBET;CALCIO | EUROPA - EUROPA LEAGUE | Celtic - Ferencvaros | TOTALE CARTELLINI INFO1°T | 2
TOTALE CARTELLINI INFO1°T;3;;;;NON_MAPPATO;famiglia non riconosciuta;1;1;DOMUSBET;CALCIO | EUROPA - EUROPA LEAGUE | OFI Creta - Hoffenheim | TOTALE CARTELLINI INFO1°T | 3
TOTALE CARTELLINI OSPITE;3;;;;NON_MAPPATO;famiglia non riconosciuta;1;1;WILLIAMHILL;CALCIO | EUROPA - UEFA NATIONS LEAGUE | Israele - Irlanda | TOTALE CARTELLINI OSPITE | 3
TOTALE CORNER (3 ESITI);<9;<9;;;NON_MAPPATO;famiglia non riconosciuta;1;1;STARCASINO;CALCIO | EUROPA - UEFA NATIONS LEAGUE | Albania - Bielorussia | TOTALE CORNER (3 ESITI) | <9
TOTALE CORNER OSPITE TEMPO;4+;;;;NON_MAPPATO;famiglia non riconosciuta;1;1;BBET;CALCIO | EUROPA - UEFA NATIONS LEAGUE | Serbia - Olanda | TOTALE CORNER OSPITE TEMPO | 4+
TOTALE SET;3;3;;;NON_MAPPATO;famiglia non riconosciuta;1;1;DOMUSBET;TENNIS | CHALLENGER DI SLOVENIA | Palicova B / Struplova J - Novak K / Sebestova I | TOTALE SET | 3
TRIPLETTA -;SI;;;;NON_MAPPATO;famiglia non riconosciuta;1;1;MARATHON;CALCIO | EUROPA - UEFA NATIONS LEAGUE | Norvegia - Portogallo | TRIPLETTA - | SI
U/O (INCL.TS&SO);UNDER;;;;NON_MAPPATO;famiglia non riconosciuta;1;1;MARATHON;HOCKEY GHIACCIO | CANADA - QMJHL U20 | Chicoutimi Sagueneens - Baie Comeau Drakkar | U/O (INCL.TS&SO) | UNDER
U/O ASSIST GIOCATORE INCL T.S.;OVER;;;;NON_MAPPATO;famiglia non riconosciuta;1;1;STANLEYBET;BASKET | USA - WNBA | Las Vegas Aces - Indiana Fever | U/O ASSIST GIOCATORE INCL T.S. | OVER
U/O BREAK GIOCATORE;UNDER;;;;NON_MAPPATO;famiglia non riconosciuta;1;1;SPORTBET;TENNIS | TORNEO DI HANGZHOU | Medvedev, Daniil - Wong, Coleman | U/O BREAK GIOCATORE | UNDER
U/O CALCI D''ANGOLO TEAM 1 + U/O CALCI D''ANGOLO TEAM 2;UNDER+UNDER;;;;NON_MAPPATO;famiglia non riconosciuta;1;1;STARCASINO;CALCIO | EUROPA - UEFA NATIONS LEAGUE | Norvegia - Portogallo | U/O CALCI D''ANGOLO TEAM 1 + U/O CALCI D''ANGOLO TEAM 2 | UNDER+UNDER
U/O CART. CASA + U/O CART. OSPITE;UNDER+OVER;;;;NON_MAPPATO;famiglia non riconosciuta;1;1;MARATHON;CALCIO | EUROPA - UEFA NATIONS LEAGUE | Serbia - Olanda | U/O CART. CASA + U/O CART. OSPITE | UNDER+OVER
U/O CARTELLINI CASA&OSPITE;UNDER+UNDER;;;;NON_MAPPATO;famiglia non riconosciuta;1;1;BBET;CALCIO | EUROPA - UEFA NATIONS LEAGUE | Danimarca - Galles | U/O CARTELLINI CASA&OSPITE | UNDER+UNDER
U/O CORNER CASA + U/O CORNER OSPITE;OVER+OVER;;;;NON_MAPPATO;famiglia non riconosciuta;1;1;SPORTBET;CALCIO | EUROPA - UEFA NATIONS LEAGUE | Norvegia - Portogallo | U/O CORNER CASA + U/O CORNER OSPITE | OVER+OVER
U/O CORNER CASA + U/O CORNER OSPITE;OVER+UNDER;;;;NON_MAPPATO;famiglia non riconosciuta;1;1;SPORTBET;CALCIO | EUROPA - UEFA NATIONS LEAGUE | Macedonia del Nord - Svizzera | U/O CORNER CASA + U/O CORNER OSPITE | OVER+UNDER
U/O CORNER CASA + U/O CORNER OSPITE;Ov + Ov;;;;NON_MAPPATO;famiglia non riconosciuta;1;1;STANLEYBET;CALCIO | SPAGNA - II DIVISIONE | Eibar - UD Las Palmas | U/O CORNER CASA + U/O CORNER OSPITE | Ov + Ov
U/O FALLI COMMESSI (INCL. TS);OVER;;;;NON_MAPPATO;famiglia non riconosciuta;1;1;STANLEYBET;CALCIO | EUROPA - UEFA NATIONS LEAGUE | Serbia - Olanda | U/O FALLI COMMESSI (INCL. TS) | OVER
U/O GOAL;OVER;;;;NON_MAPPATO;famiglia non riconosciuta;1;1;SPORTBET;PALLAMANO | NORVEGIA - I DIVISIONE | Bergen Handball - Sandefjord Haandball | U/O GOAL | OVER
U/O GOAL GIOCATORE NELLA MANIF. (LEGABILE);OVER;;;;NON_MAPPATO;famiglia non riconosciuta;1;1;MARATHON;CALCIO | ITALIA - I DIVISIONE | Serie A 2026/27 | U/O GOAL GIOCATORE NELLA MANIF. (LEGABILE) | OVER
U/O INFO1 + GG/NG;GOAL + OVER;GOAL + OVER;;;NON_MAPPATO;famiglia non riconosciuta;1;1;STARCASINO;CALCIO | OLANDA - II DIVISIONE | Volendam - Venlo | U/O INFO1 + GG/NG | GOAL + OVER
U/O INFO1 + GG/NG;GOAL + UNDER;;;;NON_MAPPATO;famiglia non riconosciuta;1;1;MARATHON;CALCIO | EUROPA - UEFA NATIONS LEAGUE | Lituania - Azerbaigian | U/O INFO1 + GG/NG | GOAL + UNDER
U/O INFO1 AL MINUTO (INFO2-INFO3);OVER;;;;NON_MAPPATO;famiglia non riconosciuta;1;1;STANLEYBET;CALCIO | EUROPA - UEFA NATIONS LEAGUE | Gibilterra - Andorra | U/O INFO1 AL MINUTO (INFO2-INFO3) | OVER
U/O INFO1 BREAK;UNDER;;;;NON_MAPPATO;famiglia non riconosciuta;1;1;MARATHON;TENNIS | TORNEO DI HANGZHOU | Jacquet, Kyrian - Rublev, Andrey | U/O INFO1 BREAK | UNDER
U/O INFO1 BREAK INFO2° SET;OVER;;;;NON_MAPPATO;famiglia non riconosciuta;1;1;DOMUSBET;TENNIS | COPPA DAVIS | Lehecka, Jiri - Shelton, Ben | U/O INFO1 BREAK INFO2° SET | OVER
U/O INFO1 CORNER SQUADRA INFO2 TEMPO INFO3;OVER;;;;NON_MAPPATO;famiglia non riconosciuta;1;1;SPORTBET;CALCIO | EUROPA - UEFA NATIONS LEAGUE | Danimarca - Galles | U/O INFO1 CORNER SQUADRA INFO2 TEMPO INFO3 | OVER
U/O INFO1 CORNER SQUADRA INFO2 TEMPO INFO3;UNDER;;;;NON_MAPPATO;famiglia non riconosciuta;1;1;SPORTBET;CALCIO | EUROPA - UEFA NATIONS LEAGUE | Gibilterra - Andorra | U/O INFO1 CORNER SQUADRA INFO2 TEMPO INFO3 | UNDER
U/O INFO1 DOPPI FALLI;OVER;;;;NON_MAPPATO;famiglia non riconosciuta;1;1;DOMUSBET;TENNIS | BILLIE JEAN KING CUP | Paolini, Jasmine - Zheng, Qinwen | U/O INFO1 DOPPI FALLI | OVER
U/O INFO1 DOPPI FALLI;UNDER;;;;NON_MAPPATO;famiglia non riconosciuta;1;1;DOMUSBET;TENNIS | BILLIE JEAN KING CUP | Zhiyenbayeva, Sonja - Bouzas Maneiro, Jessica | U/O INFO1 DOPPI FALLI | UNDER
U/O INFO1 DOPPI FALLI GIOCATORE INFO2;OVER;;;;NON_MAPPATO;famiglia non riconosciuta;1;1;DOMUSBET;TENNIS | BILLIE JEAN KING CUP | Bouzas Maneiro, Jessica - Muchova, Karolina | U/O INFO1 DOPPI FALLI GIOCATORE INFO2 | OVER
U/O INFO1 DOPPI FALLI GIOCATORE INFO2;UNDER;;;;NON_MAPPATO;famiglia non riconosciuta;1;1;DOMUSBET;TENNIS | BILLIE JEAN KING CUP | Paolini, Jasmine - Zheng, Qinwen | U/O INFO1 DOPPI FALLI GIOCATORE INFO2 | UNDER
U/O INFO1 FALLI COMMESSI (INCL. TS);UNDER;;;;NON_MAPPATO;famiglia non riconosciuta;1;1;STANLEYBET;CALCIO | EUROPA - UEFA NATIONS LEAGUE | Norvegia - Portogallo | U/O INFO1 FALLI COMMESSI (INCL. TS) | UNDER
U/O INFO1 GAMES;UNDER;UNDER;;;NON_MAPPATO;famiglia non riconosciuta;1;1;DOMUSBET;TENNIS | TORNEO DI SAO PAULO | Lys, Eva - Podoroska, Nadia | U/O INFO1 GAMES | UNDER
U/O INFO1 GAMES GIOCATORE INFO2;Under;;;;NON_MAPPATO;famiglia non riconosciuta;1;1;STARCASINO;TENNIS | CHALLENGER DI ITALIA | Trione, Riccardo - Oetzbach, Adrian | U/O INFO1 GAMES GIOCATORE INFO2 | Under
U/O INFO1 INCL. O.T.;OVER;;;;NON_MAPPATO;famiglia non riconosciuta;1;1;ADMIRAL;BASKET | USA - WNBA | New York Liberty - Minnesota Lynx | U/O INFO1 INCL. O.T. | OVER
U/O INFO1 INFO2 TEMPO;OVER;UNDER;U/O Gol;;NON_MAPPATO;etichetta non riconosciuta per famiglia U/O Gol;1;1;DOMUSBET;CALCIO | DANIMARCA - COPPA | Naesby BK - Horsens | U/O INFO1 INFO2 TEMPO | OVER
U/O INFO1 INFO2 TEMPO;UNDER;OVER;U/O Gol;;NON_MAPPATO;etichetta non riconosciuta per famiglia U/O Gol;1;1;DOMUSBET;CALCIO | DANIMARCA - COPPA | Naesby BK - Horsens | U/O INFO1 INFO2 TEMPO | UNDER
U/O INFO1 INFO2°QUARTO;OVER;;;;NON_MAPPATO;famiglia non riconosciuta;1;1;DOMUSBET;FOOTBALL AMERICANO | USA - CAMPIONATO NFL | New York Jets - Green Bay Packers | U/O INFO1 INFO2°QUARTO | OVER
U/O INFO1 MATCH POINT;Over;;;;NON_MAPPATO;famiglia non riconosciuta;1;1;STARCASINO;TENNIS | LAVER CUP | Alcaraz, Carlos - de Minaur, Alex | U/O INFO1 MATCH POINT | Over
U/O INFO1 PERIODO INFO2;OVER;;;;NON_MAPPATO;famiglia non riconosciuta;1;1;BBET;HOCKEY GHIACCIO | AMERICA - AHL | Belleville Senators - MANITOBA MOOSE | U/O INFO1 PERIODO INFO2 | OVER
U/O INFO1 PLUS SQ INFO2;Over;;;;NON_MAPPATO;famiglia non riconosciuta;1;1;STARCASINO;CALCIO | EUROPA - UEFA NATIONS LEAGUE | Danimarca - Galles | U/O INFO1 PLUS SQ INFO2 | Over
U/O INFO1 PUNTI DOPO INFO2 INNING;UNDER;;;;NON_MAPPATO;famiglia non riconosciuta;1;1;DOMUSBET;BASEBALL | COREA DEL SUD - I DIVISIONE | Doosan Bears - Samsung Lions | U/O INFO1 PUNTI DOPO INFO2 INNING | UNDER
U/O INFO1 PUNTI INCL. T.S.;OVER;OVER;;;NON_MAPPATO;famiglia non riconosciuta;1;1;DOMUSBET;BASKET | ASIA - GIOCHI ASIATICI | Cina Taipei - Giappone | U/O INFO1 PUNTI INCL. T.S. | OVER
U/O INFO1 PUNTI INFO2;OVER;;;;NON_MAPPATO;famiglia non riconosciuta;1;1;TOTOSI;BASKET | ITALIA - I DIVISIONE | Derthona Basket - Scaligera Basket Verona | U/O INFO1 PUNTI INFO2 | OVER
U/O INFO1 RIGORI SEGNATI SQUADRA INFO2;UNDER;;;;NON_MAPPATO;famiglia non riconosciuta;1;1;DOMUSBET;CALCIO | MONDO - MONDIALI U20 F. | Brasile U20 - Stati Uniti U20 | U/O INFO1 RIGORI SEGNATI SQUADRA INFO2 | UNDER
U/O INFO1 SAFETY CAR;UNDER;;;;NON_MAPPATO;famiglia non riconosciuta;1;1;DOMUSBET;AUTOMOBILISMO | MONDO - CAMPIONATO FORMULA 1 | GP Baku GARA | U/O INFO1 SAFETY CAR | UNDER
U/O INFO1 SAFETY CAR VIRTUALE;OVER;;;;NON_MAPPATO;famiglia non riconosciuta;1;1;DOMUSBET;AUTOMOBILISMO | MONDO - CAMPIONATO FORMULA 1 | GP Baku GARA | U/O INFO1 SAFETY CAR VIRTUALE | OVER
U/O INFO1 SQ. INFO2 - INFO3°T;Over;Over;;;NON_MAPPATO;famiglia non riconosciuta;1;1;STARCASINO;CALCIO | EUROPA - UEFA NATIONS LEAGUE | Albania - Bielorussia | U/O INFO1 SQ. INFO2 - INFO3°T | Over
U/O INFO1 SQUADRA INFO2;Over;Over;;;NON_MAPPATO;famiglia non riconosciuta;1;1;STARCASINO;BASKET | SLOVACCHIA - I DIVISIONE F. | SBK Samorin F. - G.A. Kosice F. | U/O INFO1 SQUADRA INFO2 | Over
U/O INFO1 TIRI DA 3 REALIZZATI INFO2;OVER;;;;NON_MAPPATO;famiglia non riconosciuta;1;1;MARATHON;BASKET | USA - WNBA | Golden State Valkyries - Dallas Wings | U/O INFO1 TIRI DA 3 REALIZZATI INFO2 | OVER
U/O INFO1 TIRI IN PORTA SQ. INFO2 INCL. TS;UNDER;;;;NON_MAPPATO;famiglia non riconosciuta;1;1;STANLEYBET;CALCIO | EUROPA - UEFA NATIONS LEAGUE | Austria - Kosovo | U/O INFO1 TIRI IN PORTA SQ. INFO2 INCL. TS | UNDER
U/O INFO1 TIRI IN PORTA SQUADRA 1 INC.TS;OVER;OVER;;;NON_MAPPATO;famiglia non riconosciuta;1;1;DOMUSBET;CALCIO | ITALIA - I DIVISIONE | Como - Parma | U/O INFO1 TIRI IN PORTA SQUADRA 1 INC.TS | OVER
U/O INFO1 TIRI TOTALI SQUADRA 2 INCL.TS;OVER;OVER;;;NON_MAPPATO;famiglia non riconosciuta;1;1;DOMUSBET;CALCIO | SPAGNA - I DIVISIONE | Villarreal - Real Betis | U/O INFO1 TIRI TOTALI SQUADRA 2 INCL.TS | OVER
U/O PUNTI + T/T;1+OVER;;;;NON_MAPPATO;famiglia non riconosciuta;1;1;MARATHON;BASKET | ITALIA - I DIVISIONE | Derthona Basket - Scaligera Basket Verona | U/O PUNTI + T/T | 1+OVER
U/O PUNTI + T/T;2+OVER;;;;NON_MAPPATO;famiglia non riconosciuta;1;1;WILLIAMHILL;BASKET | ITALIA - I DIVISIONE | Maxima Roma - Napoli Basket | U/O PUNTI + T/T | 2+OVER
U/O PUNTI CARTELLINI TEAM 1 + U/O PUNTI CARTELLINI TEAM 2;U Casa+O Osp.;;;;NON_MAPPATO;famiglia non riconosciuta;1;1;STARCASINO;CALCIO | EUROPA - UEFA NATIONS LEAGUE | Irlanda del Nord - Ungheria | U/O PUNTI CARTELLINI TEAM 1 + U/O PUNTI CARTELLINI TEAM 2 | U Casa+O Osp.
U/O PUNTI GIOCATORE;OVER;;;;NON_MAPPATO;famiglia non riconosciuta;1;1;360BET;BASKET | ITALIA - I DIVISIONE | Olimpia Milano - Pallacanestro Trieste 2004 | U/O PUNTI GIOCATORE | OVER
U/O PUNTI SQUADRA X NELLA MANIFESTAZIONE STAGIONE REGOLARE I.A.35;OVER;;;;NON_MAPPATO;famiglia non riconosciuta;1;1;MARATHON;CALCIO | ITALIA - I DIVISIONE | Serie A 2026/27 | U/O PUNTI SQUADRA X NELLA MANIFESTAZIONE STAGIONE REGOLARE I.A.35 | OVER
U/O QUARTO;Over;;;;NON_MAPPATO;famiglia non riconosciuta;1;1;WILLIAMHILL;BASKET | SPAGNA - I DIVISIONE | Real Madrid - Malaga | U/O QUARTO | Over
U/O RIMBALZI + T/T;1 + OVER;;;;NON_MAPPATO;famiglia non riconosciuta;1;1;WILLIAMHILL;BASKET | ITALIA - I DIVISIONE | Derthona Basket - Scaligera Basket Verona | U/O RIMBALZI + T/T | 1 + OVER
U/O RIMBALZI GIOCATORE INCL T.S.;OVER;;;;NON_MAPPATO;famiglia non riconosciuta;1;1;STANLEYBET;BASKET | ITALIA - I DIVISIONE | Olimpia Milano - Pallacanestro Trieste 2004 | U/O RIMBALZI GIOCATORE INCL T.S. | OVER
U/O SQUADRA;OVER;;;;NON_MAPPATO;famiglia non riconosciuta;1;1;DOMUSBET;CALCIO | PANAMA - I DIVISIONE | Veraguas United FC - Umecit | U/O SQUADRA | OVER
U/O TIRI IN PORTA SQUADRA X INCL. T.S.;OVER;;;;NON_MAPPATO;famiglia non riconosciuta;1;1;MARATHON;CALCIO | EUROPA - UEFA NATIONS LEAGUE | Serbia - Olanda | U/O TIRI IN PORTA SQUADRA X INCL. T.S. | OVER
U/O TOTALE PUNTI - FRAME X;OVER;;;;NON_MAPPATO;famiglia non riconosciuta;1;1;DOMUSBET;SNOOKER | MONDO - RANKING EVENTS | Pengcheng, Yao - Miah, Hammad | U/O TOTALE PUNTI - FRAME X | OVER
U/O X PERIODO Y;OVER;;;;NON_MAPPATO;famiglia non riconosciuta;1;1;STANLEYBET;hockey ghiaccio | FRANCIA - I DIVISIONE | Anglet Hormadi Elite - Grenoble Bruleurs de Loups | U/O X PERIODO Y | OVER
ULTIMA CLASSIFICATA;Genoa;;;;NON_MAPPATO;famiglia non riconosciuta;1;1;BBET;CALCIO | ITALIA - I DIVISIONE | Serie A 2026/27 | ULTIMA CLASSIFICATA | Genoa
ULTIMA CLASSIFICATA;Lazio;;;;NON_MAPPATO;famiglia non riconosciuta;1;1;BBET;CALCIO | ITALIA - I DIVISIONE | Serie A 2026/27 | ULTIMA CLASSIFICATA | Lazio
ULTIMA CLASSIFICATA;Lecce;;;;NON_MAPPATO;famiglia non riconosciuta;1;1;DOMUSBET;CALCIO | ITALIA - I DIVISIONE | Serie A 2026/27 | ULTIMA CLASSIFICATA | Lecce
ULTIMA CLASSIFICATA;Leeds United;;;;NON_MAPPATO;famiglia non riconosciuta;1;1;BBET;CALCIO | INGHILTERRA - I DIVISIONE | Premier League 26/27 | ULTIMA CLASSIFICATA | Leeds United
ULTIMA CLASSIFICATA;Shakhtar Donetsk;;;;NON_MAPPATO;famiglia non riconosciuta;1;1;DOMUSBET;CALCIO | EUROPA - CHAMPIONS LEAGUE | Champions League 2026/27 Fase Campionato | ULTIMA CLASSIFICATA | Shakhtar Donetsk
ULTIMA IN CLASSIFICA;Frosinone;;;;NON_MAPPATO;famiglia non riconosciuta;1;1;WILLIAMHILL;CALCIO | ITALIA - I DIVISIONE | Serie A 2026/27 | ULTIMA IN CLASSIFICA | Frosinone
ULTIMA IN CLASSIFICA;Ipswich;;;;NON_MAPPATO;famiglia non riconosciuta;1;1;WILLIAMHILL;CALCIO | INGHILTERRA - I DIVISIONE | Premier League 26/27 | ULTIMA IN CLASSIFICA | Ipswich
ULTIMA IN CLASSIFICA;Lazio;;;;NON_MAPPATO;famiglia non riconosciuta;1;1;STANLEYBET;CALCIO | ITALIA - I DIVISIONE | Serie A 2026/27 | ULTIMA IN CLASSIFICA | Lazio
ULTIMA IN CLASSIFICA;Troyes;;;;NON_MAPPATO;famiglia non riconosciuta;1;1;STARCASINO;CALCIO | FRANCIA - I DIVISIONE | Ligue 1 2026/2027 | ULTIMA IN CLASSIFICA | Troyes
ULTIMA IN CLASSIFICA INFO AGG;Cagliari;;;;NON_MAPPATO;famiglia non riconosciuta;1;1;MARATHON;CALCIO | ITALIA - I DIVISIONE | Serie A 2026/27 | ULTIMA IN CLASSIFICA INFO AGG | Cagliari
ULTIMA IN CLASSIFICA INFO AGG;Frosinone;;;;NON_MAPPATO;famiglia non riconosciuta;1;1;WILLIAMHILL;CALCIO | ITALIA - I DIVISIONE | Serie A 2026/27 | ULTIMA IN CLASSIFICA INFO AGG | Frosinone
ULTIMA IN CLASSIFICA INFO AGG;Real Betis;;;;NON_MAPPATO;famiglia non riconosciuta;1;1;MARATHON;CALCIO | EUROPA - CHAMPIONS LEAGUE | Champions League 2026/27 Fase Campionato | ULTIMA IN CLASSIFICA INFO AGG | Real Betis
ULTIMA IN CLASSIFICA INFO AGG;Sassuolo;;;;NON_MAPPATO;famiglia non riconosciuta;1;1;MARATHON;CALCIO | ITALIA - I DIVISIONE | Serie A 2026/27 | ULTIMA IN CLASSIFICA INFO AGG | Sassuolo
UN INFO1 1°T + OV INFO2 2°T;SI;SI;;;NON_MAPPATO;famiglia non riconosciuta;1;1;DOMUSBET;CALCIO | GRECIA - COPPA | Niki Volou 1924 PAE - Asteras Tripolis | UN INFO1 1°T + OV INFO2 2°T | SI
UNA VINCE ENTRAMBI TEMPI;NO;;;;NON_MAPPATO;famiglia non riconosciuta;1;1;MARATHON;CALCIO | EUROPA - UEFA NATIONS LEAGUE | Norvegia - Portogallo | UNA VINCE ENTRAMBI TEMPI | NO
UNDER/OVER;UNDER;;U/O Gol;;NON_MAPPATO;etichetta non riconosciuta per famiglia U/O Gol;1;1;STANLEYBET;RUGBY | INGHILTERRA - I DIVISIONE | Leicester Tigers - Saracens FC | UNDER/OVER | UNDER
UNDER/OVER;Under;;U/O Gol;;NON_MAPPATO;etichetta non riconosciuta per famiglia U/O Gol;1;1;STARCASINO;BASEBALL | COREA DEL SUD - I DIVISIONE | Kia Tigers - Twins | UNDER/OVER | Under
VAR (ONFIELDREVIEW);SI;;;;NON_MAPPATO;famiglia non riconosciuta;1;1;BBET;CALCIO | ITALIA - I DIVISIONE | Napoli - Frosinone Calcio | VAR (ONFIELDREVIEW) | SI
VINCE SET 1/PARTITA;G2 V/V: IL GIOCATORE DUE VINCE IL PRIMO SET E SUCCESSIVAMENTE VINCE L'INCONTRO;;;;NON_MAPPATO;famiglia non riconosciuta;1;1;STARCASINO;TENNIS | TORNEO DI CHENGDU | Muller, Alexandre - Davidovich Fokina, Alejandro | VINCE SET 1/PARTITA | G2 V/V: IL GIOCATORE DUE VINCE IL PRIMO SET E SUCCESSIVAMENTE VINCE L'INCONTRO
VINCENTE;1   Tadej Pogacar 2   Remco Evenepoel;;;;NON_MAPPATO;famiglia non riconosciuta;1;1;STARCASINO;CICLISMO | TOUR DE FRANCE | Tour de France 2026 - Accoppiata in Ordine | VINCENTE | 1 Tadej Pogacar 2 Remco Evenepoel
VINCENTE;A'ja Wilson;;;;NON_MAPPATO;famiglia non riconosciuta;1;1;DOMUSBET;BASKET | USA - WNBA | WNBA 2026 - MVP | VINCENTE | A'ja Wilson
VINCENTE;ADO Den Haag;;;;NON_MAPPATO;famiglia non riconosciuta;1;1;STARCASINO;CALCIO | OLANDA - COPPA | KNVB BEKER 2026/27 | VINCENTE | ADO Den Haag
VINCENTE;AGF Aarhus;;;;NON_MAPPATO;famiglia non riconosciuta;1;1;ADMIRAL;CALCIO | DANIMARCA - I DIVISIONE | Superligaen 2026/27 | VINCENTE | AGF Aarhus
VINCENTE;ALTRO;;;;NON_MAPPATO;famiglia non riconosciuta;1;1;SPORTBET;CALCIO | PALLONE D'ORO FIFA | Pallone D oro 2026 | VINCENTE | ALTRO
VINCENTE;ARI Cardinals;;;;NON_MAPPATO;famiglia non riconosciuta;1;1;ADMIRAL;FOOTBALL AMERICANO | USA - CAMPIONATO NFL | NFC West 2026/27 | VINCENTE | ARI Cardinals
VINCENTE;ATALANTA;;;;NON_MAPPATO;famiglia non riconosciuta;1;1;STANLEYBET;CALCIO | ITALIA - COPPA | Coppa Italia 25/26 | VINCENTE | ATALANTA
VINCENTE;ATLANTA BRAVES;;;;NON_MAPPATO;famiglia non riconosciuta;1;1;STARCASINO;BASEBALL | AMERICA - MAJOR LEAGUE | MLB 2026 - National League East | VINCENTE | ATLANTA BRAVES
VINCENTE;AaB;;;;NON_MAPPATO;famiglia non riconosciuta;1;1;STANLEYBET;CALCIO | DANIMARCA - II DIVISIONE | Danimarca 2 2026/27 | VINCENTE | AaB
VINCENTE;Aberdeen;;;;NON_MAPPATO;famiglia non riconosciuta;1;1;STARCASINO;CALCIO | SCOZIA - COPPA | Fa Cup 2026/27 | VINCENTE | Aberdeen
VINCENTE;Achraf Hakimi;;;;NON_MAPPATO;famiglia non riconosciuta;1;1;ADMIRAL;CALCIO | PALLONE D'ORO FIFA | Pallone D oro 2026 | VINCENTE | Achraf Hakimi
VINCENTE;Aek Larnaca;;;;NON_MAPPATO;famiglia non riconosciuta;1;1;STARCASINO;CALCIO | CIPRO - I DIVISIONE | Cyprus League 2026/27 | VINCENTE | Aek Larnaca
VINCENTE;Aicher Emma;;;;NON_MAPPATO;famiglia non riconosciuta;1;1;STARCASINO;SCI ALPINO | MONDO - COPPA DEL MONDO | Coppa Del Mondo Di Sci Alpino Femminile 2026/27 | VINCENTE | Aicher Emma
VINCENTE;Ajay Mitchell;;;;NON_MAPPATO;famiglia non riconosciuta;1;1;MARATHON;BASKET | USA - NBA | NBA 2026/27 Miglior Sesto Uomo | VINCENTE | Ajay Mitchell
VINCENTE;Al Ahli Jeddah;;;;NON_MAPPATO;famiglia non riconosciuta;1;1;ADMIRAL;CALCIO | ARABIA S. - I DIVISIONE | Pro League 2026/27 | VINCENTE | Al Ahli Jeddah
VINCENTE;Alessandro Roncaccia;;;;NON_MAPPATO;famiglia non riconosciuta;1;1;MARATHON;MANIFESTAZIONI DI SPETTACOLO | GRANDE FRATELLO VIP ITALIA | Grande Fratello Vip 2026 | VINCENTE | Alessandro Roncaccia
VINCENTE;Alex Belli;;;;NON_MAPPATO;famiglia non riconosciuta;1;1;SPORTBET;MANIFESTAZIONI DI SPETTACOLO | GRANDE FRATELLO VIP ITALIA | Grande Fratello Vip 2026 | VINCENTE | Alex Belli
VINCENTE;Alex Molenaar;;;;NON_MAPPATO;famiglia non riconosciuta;1;1;DOMUSBET;CICLISMO | UCI PROSERIES | Giro Di Croazia 2026 | VINCENTE | Alex Molenaar
VINCENTE;Alpine;;;;NON_MAPPATO;famiglia non riconosciuta;1;1;ADMIRAL;AUTOMOBILISMO | MONDO - CAMPIONATO FORMULA 1 | Formula 1 Mondiale Costruttori 2026 | VINCENTE | Alpine
VINCENTE;Amanda Anisimova;;;;NON_MAPPATO;famiglia non riconosciuta;1;1;MARATHON;TENNIS | AUSTRALIAN OPEN | Australian Open Femminile 2027 | VINCENTE | Amanda Anisimova
VINCENTE;Anadolu Efes;;;;NON_MAPPATO;famiglia non riconosciuta;1;1;ADMIRAL;BASKET | EUROPA - EUROLEGA | Eurolega 2026/27 | VINCENTE | Anadolu Efes
VINCENTE;Andrea Raccagni;;;;NON_MAPPATO;famiglia non riconosciuta;1;1;DOMUSBET;CICLISMO | UCI PROSERIES | Giro Del Lussemburgo 2026 Tappa 5 | VINCENTE | Andrea Raccagni
VINCENTE;Andreas Muller;;;;NON_MAPPATO;famiglia non riconosciuta;1;1;WILLIAMHILL;MANIFESTAZIONI DI SPETTACOLO | GRANDE FRATELLO VIP ITALIA | Grande Fratello Vip 2026 | VINCENTE | Andreas Muller
VINCENTE;Anna Blinkova;;;;NON_MAPPATO;famiglia non riconosciuta;1;1;DOMUSBET;TENNIS | TORNEO DI SAO PAULO | Wta Sao Paulo 2026 | VINCENTE | Anna Blinkova
VINCENTE;Antonelli A.K.;;;;NON_MAPPATO;famiglia non riconosciuta;1;1;ADMIRAL;AUTOMOBILISMO | MONDO - CAMPIONATO FORMULA 1 | GP Monaco GARA | VINCENTE | Antonelli A.K.
VINCENTE;Antonia Niedermaier;;;;NON_MAPPATO;famiglia non riconosciuta;1;1;DOMUSBET;CICLISMO | TOUR DE FRANCE | Tour De France Femmes 2026 - Classifica Giovani | VINCENTE | Antonia Niedermaier
VINCENTE;Armand Duplantis;;;;NON_MAPPATO;famiglia non riconosciuta;1;1;DOMUSBET;ATLETICA LEGGERA | CAMPIONATO EUROPEO | Campionati Europei 2026 - Salto Con Asta Uomini | VINCENTE | Armand Duplantis
VINCENTE;Arthur Fils;;;;NON_MAPPATO;famiglia non riconosciuta;1;1;DOMUSBET;TENNIS | AUSTRALIAN OPEN | Australian Open Maschile 27 | VINCENTE | Arthur Fils
VINCENTE;Athletico Paranaense;;;;NON_MAPPATO;famiglia non riconosciuta;1;1;ADMIRAL;CALCIO | BRASILE - I DIVISIONE | Brasile A 2026 | VINCENTE | Athletico Paranaense
VINCENTE;Atlantic Division;;;;NON_MAPPATO;famiglia non riconosciuta;1;1;STARCASINO;BASKET | USA - NBA | NBA 2026/27 - Divisione del Vincitore | VINCENTE | Atlantic Division
VINCENTE;Auckland FC;;;;NON_MAPPATO;famiglia non riconosciuta;1;1;STARCASINO;CALCIO | AUSTRALIA - I DIVISIONE | A-league 2025/26 - Grand Final | VINCENTE | Auckland FC
VINCENTE;Audi;;;;NON_MAPPATO;famiglia non riconosciuta;1;1;ADMIRAL;AUTOMOBILISMO | MONDO - CAMPIONATO FORMULA 1 | Formula 1 Mondiale Costruttori 2026 | VINCENTE | Audi
VINCENTE;Auger-aliassime Felix;;;;NON_MAPPATO;famiglia non riconosciuta;1;1;DOMUSBET;TENNIS | TORNEO DI MONTREAL | Atp Montreal 2026 - Vincente Quarto Quarto | VINCENTE | Auger-aliassime Felix
VINCENTE;Australia (Slingsby T.);;;;NON_MAPPATO;famiglia non riconosciuta;1;1;BBET;VELA | MONDO - SAIL GP | Sail Gp 2026 Vincente | VINCENTE | Australia (Slingsby T.)
VINCENTE;BELGIO;;;;NON_MAPPATO;famiglia non riconosciuta;1;1;SPORTBET;CALCIO | MONDO - MONDIALI | Mondiali 2026 | VINCENTE | BELGIO
VINCENTE;BOSTON CELTICS;;;;NON_MAPPATO;famiglia non riconosciuta;1;1;DOMUSBET;BASKET | USA - NBA | NBA - Eastern Conference 2025/2026 | VINCENTE | BOSTON CELTICS
VINCENTE;BOSTON RED SOX;;;;NON_MAPPATO;famiglia non riconosciuta;1;1;ADMIRAL;BASEBALL | AMERICA - MAJOR LEAGUE | MLB 2026 - American League East | VINCENTE | BOSTON RED SOX
VINCENTE;Barletta;;;;NON_MAPPATO;famiglia non riconosciuta;1;1;MARATHON;CALCIO | ITALIA - III DIVISIONE | Serie C Girone C | VINCENTE | Barletta
VINCENTE;Bastianini E.;;;;NON_MAPPATO;famiglia non riconosciuta;1;1;WILLIAMHILL;MOTOCICLISMO | MONDO - MOTOMONDIALE | Mondiale Motogp 2026 | VINCENTE | Bastianini E.
VINCENTE;Bc Roma Spqr;;;;NON_MAPPATO;famiglia non riconosciuta;1;1;MARATHON;BASKET | ITALIA - I DIVISIONE | Lba 2026/27 | VINCENTE | Bc Roma Spqr
VINCENTE;Bence Halasz;;;;NON_MAPPATO;famiglia non riconosciuta;1;1;DOMUSBET;ATLETICA LEGGERA | CAMPIONATO EUROPEO | Campionati Europei 2026 - Lancio Del Martello Uomini | VINCENTE | Bence Halasz
VINCENTE;Bijan Robinson;;;;NON_MAPPATO;famiglia non riconosciuta;1;1;DOMUSBET;FOOTBALL AMERICANO | USA - CAMPIONATO NFL | Giocatore Offensivo NFL 2026/27 | VINCENTE | Bijan Robinson
VINCENTE;Birmingham;;;;NON_MAPPATO;famiglia non riconosciuta;1;1;BBET;CALCIO | INGHILTERRA - II DIVISIONE | Championship 2026/27 | VINCENTE | Birmingham
VINCENTE;Bradford;;;;NON_MAPPATO;famiglia non riconosciuta;1;1;ADMIRAL;CALCIO | INGHILTERRA - III DIVISIONE | League One 2026/2027 | VINCENTE | Bradford
VINCENTE;Brandon Mcnulty;;;;NON_MAPPATO;famiglia non riconosciuta;1;1;BBET;CICLISMO | MONDIALI SU STRADA | Montreal 2026 - Corsa In Linea Maschile Elite | VINCENTE | Brandon Mcnulty
VINCENTE;Brentford;;;;NON_MAPPATO;famiglia non riconosciuta;1;1;STARCASINO;CALCIO | INGHILTERRA - I DIVISIONE | Premier League 26/27 | VINCENTE | Brentford
VINCENTE;Brian Keefe;;;;NON_MAPPATO;famiglia non riconosciuta;1;1;SPORTBET;BASKET | USA - NBA | NBA 2026/27 - Allenatore dell Anno Regular Season | VINCENTE | Brian Keefe
VINCENTE;Bromley;;;;NON_MAPPATO;famiglia non riconosciuta;1;1;STARCASINO;CALCIO | INGHILTERRA - IV DIVISIONE | League Two 25/26 | VINCENTE | Bromley
VINCENTE;Buttigieg P.;;;;NON_MAPPATO;famiglia non riconosciuta;1;1;STARCASINO;ELEZIONI POLITICHE | ELEZIONI PRESIDENZIALI USA | Vincente Presidenziali USA 2028 | VINCENTE | Buttigieg P.
VINCENTE;CANADA;;;;NON_MAPPATO;famiglia non riconosciuta;1;1;SPORTBET;CALCIO | MONDO - MONDIALI | Mondiali 2026 | VINCENTE | CANADA
VINCENTE;CAR Panthers;;;;NON_MAPPATO;famiglia non riconosciuta;1;1;WILLIAMHILL;FOOTBALL AMERICANO | USA - CAMPIONATO NFL | NFC South 2026/27 | VINCENTE | CAR Panthers
VINCENTE;CD Castellon;;;;NON_MAPPATO;famiglia non riconosciuta;1;1;ADMIRAL;CALCIO | SPAGNA - II DIVISIONE | LaLiga 2 2025/2026 | VINCENTE | CD Castellon
VINCENTE;CELTIC;;;;NON_MAPPATO;famiglia non riconosciuta;1;1;STARCASINO;CALCIO | SCOZIA - I DIVISIONE | Premiership 2025/26 | VINCENTE | CELTIC
VINCENTE;CHERKI M R;;;;NON_MAPPATO;famiglia non riconosciuta;1;1;DOMUSBET;CALCIO | PALLONE D'ORO FIFA | Pallone D oro 2026 | VINCENTE | CHERKI M R
VINCENTE;CLEVELAND GUARDIANS;;;;NON_MAPPATO;famiglia non riconosciuta;1;1;DOMUSBET;BASEBALL | AMERICA - MAJOR LEAGUE | MLB 2026 - American League Central | VINCENTE | CLEVELAND GUARDIANS
VINCENTE;CLUB BRUGES;;;;NON_MAPPATO;famiglia non riconosciuta;1;1;STARCASINO;CALCIO | BELGIO - I DIVISIONE | Belgio Jupiler Pro League 2025/2026 | VINCENTE | CLUB BRUGES
VINCENTE;COLOMBIA;;;;NON_MAPPATO;famiglia non riconosciuta;1;1;SPORTBET;CALCIO | MONDO - MONDIALI | Mondiali 2026 | VINCENTE | COLOMBIA
VINCENTE;COMO;;;;NON_MAPPATO;famiglia non riconosciuta;1;1;STANLEYBET;CALCIO | ITALIA - COPPA | Coppa Italia 25/26 | VINCENTE | COMO
VINCENTE;CSKA Sofia;;;;NON_MAPPATO;famiglia non riconosciuta;1;1;STARCASINO;CALCIO | BULGARIA - I DIVISIONE | Parva Liga 2026/27 | VINCENTE | CSKA Sofia
VINCENTE;Caleb Wilson;;;;NON_MAPPATO;famiglia non riconosciuta;1;1;DOMUSBET;BASKET | USA - NBA | NBA 2026/27 Rookie dell Anno Regular Season | VINCENTE | Caleb Wilson
VINCENTE;Canada;;;;NON_MAPPATO;famiglia non riconosciuta;1;1;ADMIRAL;HOCKEY GHIACCIO | MONDO - MONDIALI | Mondiali IIHF 2027 | VINCENTE | Canada
VINCENTE;Canada (Giles Scott);;;;NON_MAPPATO;famiglia non riconosciuta;1;1;STANLEYBET;vela | MONDO - SAIL GP | SAIL GP 2026 | VINCENTE | Canada (Giles Scott)
VINCENTE;Cardiff;;;;NON_MAPPATO;famiglia non riconosciuta;1;1;ADMIRAL;CALCIO | INGHILTERRA - II DIVISIONE | Championship 2026/27 | VINCENTE | Cardiff
VINCENTE;Carrarese Calcio 1908;;;;NON_MAPPATO;famiglia non riconosciuta;1;1;SPORTBET;CALCIO | ITALIA - II DIVISIONE | Serie B 2026 - 2027 | VINCENTE | Carrarese Calcio 1908
VINCENTE;Casper Ruud;;;;NON_MAPPATO;famiglia non riconosciuta;1;1;DOMUSBET;TENNIS | AUSTRALIAN OPEN | Australian Open Maschile 2027 | VINCENTE | Casper Ruud
VINCENTE;Celta Vigo;;;;NON_MAPPATO;famiglia non riconosciuta;1;1;ADMIRAL;CALCIO | SPAGNA - COPPA | Copa del Rey 2026/2027 | VINCENTE | Celta Vigo
VINCENTE;Chapecoense;;;;NON_MAPPATO;famiglia non riconosciuta;1;1;SPORTBET;CALCIO | BRASILE - I DIVISIONE | Brasile A 2026 | VINCENTE | Chapecoense
VINCENTE;Chester;;;;NON_MAPPATO;famiglia non riconosciuta;1;1;ADMIRAL;CALCIO | INGHILTERRA - VI DIVISIONE | National League North 2026/27 | VINCENTE | Chester
VINCENTE;Choi H. J.;;;;NON_MAPPATO;famiglia non riconosciuta;1;1;WILLIAMHILL;GOLF | LPGA | Walmart Nw Arkansas Championship 2026 | VINCENTE | Choi H. J.
VINCENTE;Cienciano;;;;NON_MAPPATO;famiglia non riconosciuta;1;1;STARCASINO;CALCIO | AMERICA - COPPA SUDAMERICANA | Copa Sudamericana - 2026 | VINCENTE | Cienciano
VINCENTE;Claire Liu;;;;NON_MAPPATO;famiglia non riconosciuta;1;1;DOMUSBET;TENNIS | TORNEO DI SAO PAULO | Wta Sao Paulo 2026 | VINCENTE | Claire Liu
VINCENTE;Club America;;;;NON_MAPPATO;famiglia non riconosciuta;1;1;STARCASINO;CALCIO | MESSICO - I DIVISIONE | Liga Mx 2026 - Apertura | VINCENTE | Club America
VINCENTE;Connah  s Quay;;;;NON_MAPPATO;famiglia non riconosciuta;1;1;ADMIRAL;CALCIO | GALLES - I DIVISIONE | Premier League 2026/27 | VINCENTE | Connah s Quay
VINCENTE;Cork City;;;;NON_MAPPATO;famiglia non riconosciuta;1;1;ADMIRAL;CALCIO | IRLANDA - II DIVISIONE | Irlanda 2 - 2026 | VINCENTE | Cork City
VINCENTE;Costa d  Avorio;;;;NON_MAPPATO;famiglia non riconosciuta;1;1;BBET;CALCIO | MONDO - MONDIALI | Mondiali 2030 | VINCENTE | Costa d Avorio
VINCENTE;Coventry;;;;NON_MAPPATO;famiglia non riconosciuta;1;1;STARCASINO;CALCIO | INGHILTERRA - I DIVISIONE | Premier League 26/27 | VINCENTE | Coventry
VINCENTE;Cruzeiro;;;;NON_MAPPATO;famiglia non riconosciuta;1;1;ADMIRAL;CALCIO | BRASILE - I DIVISIONE | Brasile A 2026 | VINCENTE | Cruzeiro
VINCENTE;DAL Stars;;;;NON_MAPPATO;famiglia non riconosciuta;1;1;MARATHON;HOCKEY GHIACCIO | AMERICA - NHL | NHL Central Division 2026/27 | VINCENTE | DAL Stars
VINCENTE;DRAW;;;;NON_MAPPATO;famiglia non riconosciuta;1;1;STANLEYBET;golf | THE PRESIDENT CUP | Presidents Cup 2026 | VINCENTE | DRAW
VINCENTE;Danish H.;;;;NON_MAPPATO;famiglia non riconosciuta;1;1;SPORTBET;MOTOCICLISMO | MONDO - MOTOMONDIALE | Mondiale Moto3 2026 - Vincente Senza Quiles | VINCENTE | Danish H.
VINCENTE;Davide Piganzoli;;;;NON_MAPPATO;famiglia non riconosciuta;1;1;DOMUSBET;CICLISMO | UCI PROSERIES | Giro Del Lussemburgo 2026 | VINCENTE | Davide Piganzoli
VINCENTE;De Minaur Alex;;;;NON_MAPPATO;famiglia non riconosciuta;1;1;ADMIRAL;TENNIS | TORNEO DI MONTREAL | Atp Montreal 2026 | VINCENTE | De Minaur Alex
VINCENTE;Declan Rice;;;;NON_MAPPATO;famiglia non riconosciuta;1;1;BBET;CALCIO | PALLONE D'ORO FIFA | Pallone D oro 2026 | VINCENTE | Declan Rice
VINCENTE;Del Toro Romero I.;;;;NON_MAPPATO;famiglia non riconosciuta;1;1;MARATHON;CICLISMO | TIRRENO ADRIATICO | Tirreno Adriatico 2026 | VINCENTE | Del Toro Romero I.
VINCENTE;Diana Shnaider;;;;NON_MAPPATO;famiglia non riconosciuta;1;1;STANLEYBET;TENNIS | ROLAND GARROS | Roland Garros Femminile 2026 | VINCENTE | Diana Shnaider
VINCENTE;Dinamo Dresda;;;;NON_MAPPATO;famiglia non riconosciuta;1;1;ADMIRAL;CALCIO | GERMANIA - COPPA DFB POKAL | DFB Cup 2026/27 | VINCENTE | Dinamo Dresda
VINCENTE;Donna;;;;NON_MAPPATO;famiglia non riconosciuta;1;1;WILLIAMHILL;MANIFESTAZIONI DI SPETTACOLO | X FACTOR | Categoria Vincente X Factor 2026 | VINCENTE | Donna
VINCENTE;Dorian Godon;;;;NON_MAPPATO;famiglia non riconosciuta;1;1;DOMUSBET;CICLISMO | UCI EUROPE TOUR | Giro Dabruzzo 2026 - Tappa 3 | VINCENTE | Dorian Godon
VINCENTE;Egor Demin;;;;NON_MAPPATO;famiglia non riconosciuta;1;1;MARATHON;BASKET | USA - NBA | NBA 2026/27 Most Improved Player | VINCENTE | Egor Demin
VINCENTE;Elena Rybakina;;;;NON_MAPPATO;famiglia non riconosciuta;1;1;SPORTBET;TENNIS | US OPEN | Us Open Femminile 2026 | VINCENTE | Elena Rybakina
VINCENTE;Elena-gabriela Ruse;;;;NON_MAPPATO;famiglia non riconosciuta;1;1;DOMUSBET;TENNIS | TORNEO DI SEOUL | Wta Seoul 2026 | VINCENTE | Elena-gabriela Ruse
VINCENTE;Elisa Longo Borghini;;;;NON_MAPPATO;famiglia non riconosciuta;1;1;DOMUSBET;CICLISMO | MONDIALI SU STRADA | Mondiali 2026 - Gara Su Strada Femminile | VINCENTE | Elisa Longo Borghini
VINCENTE;Elise Mertens;;;;NON_MAPPATO;famiglia non riconosciuta;1;1;DOMUSBET;TENNIS | TORNEO DI SINGAPORE | Wta Singapore 2026 | VINCENTE | Elise Mertens
VINCENTE;Elversberg;;;;NON_MAPPATO;famiglia non riconosciuta;1;1;WILLIAMHILL;CALCIO | GERMANIA - I DIVISIONE | Bundesliga 2026/2027 | VINCENTE | Elversberg
VINCENTE;Esbjerg;;;;NON_MAPPATO;famiglia non riconosciuta;1;1;ADMIRAL;CALCIO | DANIMARCA - II DIVISIONE | Danimarca 2 2026/27 | VINCENTE | Esbjerg
VINCENTE;Escrig A.;;;;NON_MAPPATO;famiglia non riconosciuta;1;1;STARCASINO;MOTOCICLISMO | MONDO - MOTOMONDIALE | Mondiale Moto2 2026 | VINCENTE | Escrig A.
VINCENTE;Espanyol;;;;NON_MAPPATO;famiglia non riconosciuta;1;1;STARCASINO;CALCIO | SPAGNA - COPPA | Copa del Rey 2026/2027 | VINCENTE | Espanyol
VINCENTE;Estudiantes Lp;;;;NON_MAPPATO;famiglia non riconosciuta;1;1;ADMIRAL;CALCIO | ARGENTINA - I DIVISIONE | Liga Profesional 2026 - Clausura | VINCENTE | Estudiantes Lp
VINCENTE;Evenepoel R.;;;;NON_MAPPATO;famiglia non riconosciuta;1;1;STARCASINO;CICLISMO | AMSTEL GOLD RACE | Amstel Gold Race 2026 | VINCENTE | Evenepoel R.
VINCENTE;FC Ilves;;;;NON_MAPPATO;famiglia non riconosciuta;1;1;STARCASINO;CALCIO | FINLANDIA - I DIVISIONE | Veikkausliiga 2026 | VINCENTE | FC Ilves
VINCENTE;FC Volendam;;;;NON_MAPPATO;famiglia non riconosciuta;1;1;STARCASINO;CALCIO | OLANDA - II DIVISIONE | Eerste Divisie 2026/27 | VINCENTE | FC Volendam
VINCENTE;FC Zurigo;;;;NON_MAPPATO;famiglia non riconosciuta;1;1;ADMIRAL;CALCIO | SVIZZERA - I DIVISIONE | Super League 2026/27 | VINCENTE | FC Zurigo
VINCENTE;FENERBAHCE;;;;NON_MAPPATO;famiglia non riconosciuta;1;1;STARCASINO;CALCIO | TURCHIA - I DIVISIONE | Super Lig 2025/26 | VINCENTE | FENERBAHCE
VINCENTE;FK Jablonec;;;;NON_MAPPATO;famiglia non riconosciuta;1;1;ADMIRAL;CALCIO | REP. CECA- I DIVISIONE | 1 Liga 2026/27 | VINCENTE | FK Jablonec
VINCENTE;Federico Valverde;;;;NON_MAPPATO;famiglia non riconosciuta;1;1;360BET;CALCIO | PALLONE D'ORO FIFA | Pallone D oro 2026 | VINCENTE | Federico Valverde
VINCENTE;Felix Gall;;;;NON_MAPPATO;famiglia non riconosciuta;1;1;ADMIRAL;CICLISMO | UCI PROSERIES | Vuelta A Burgos 2026 | VINCENTE | Felix Gall
VINCENTE;Filippo Ganna;;;;NON_MAPPATO;famiglia non riconosciuta;1;1;DOMUSBET;CICLISMO | MONDIALI SU STRADA | Campionati Del Mondo 2026 - Cronometro Individuale | VINCENTE | Filippo Ganna
VINCENTE;Foggia;;;;NON_MAPPATO;famiglia non riconosciuta;1;1;STARCASINO;CALCIO | ITALIA - III DIVISIONE | Serie C Girone C | VINCENTE | Foggia
VINCENTE;Forest Green;;;;NON_MAPPATO;famiglia non riconosciuta;1;1;BBET;CALCIO | INGHILTERRA - V DIVISIONE | National League 2026/2027 | VINCENTE | Forest Green
VINCENTE;Frances Tiafoe;;;;NON_MAPPATO;famiglia non riconosciuta;1;1;SPORTBET;TENNIS | US OPEN | Us Open Maschile 2026 | VINCENTE | Frances Tiafoe
VINCENTE;Francesco Gabbani;;;;NON_MAPPATO;famiglia non riconosciuta;1;1;BBET;MANIFESTAZIONI DI SPETTACOLO | X FACTOR | Giudice del Vincitore X Factor 2026 | VINCENTE | Francesco Gabbani
VINCENTE;Fulham;;;;NON_MAPPATO;famiglia non riconosciuta;1;1;STARCASINO;CALCIO | INGHILTERRA - I DIVISIONE | Premier League 26/27 | VINCENTE | Fulham
VINCENTE;Galatasaray Sk;;;;NON_MAPPATO;famiglia non riconosciuta;1;1;BBET;CALCIO | EUROPA - CHAMPIONS LEAGUE | Champions League 2026/27 Fase Campionato | VINCENTE | Galatasaray Sk
VINCENTE;Giancarlo Danto;;;;NON_MAPPATO;famiglia non riconosciuta;1;1;SPORTBET;MANIFESTAZIONI DI SPETTACOLO | GRANDE FRATELLO VIP ITALIA | Grande Fratello Vip 2026 | VINCENTE | Giancarlo Danto
VINCENTE;Gianluigi Donnarumma;;;;NON_MAPPATO;famiglia non riconosciuta;1;1;ADMIRAL;CALCIO | PALLONE D'ORO FIFA | Pallone D oro 2026 | VINCENTE | Gianluigi Donnarumma
VINCENTE;Gillingham;;;;NON_MAPPATO;famiglia non riconosciuta;1;1;STARCASINO;CALCIO | INGHILTERRA - IV DIVISIONE | League Two | VINCENTE | Gillingham
VINCENTE;Girona;;;;NON_MAPPATO;famiglia non riconosciuta;1;1;BBET;CALCIO | SPAGNA - II DIVISIONE | Liga2 2026/27 | VINCENTE | Girona
VINCENTE;Groningen;;;;NON_MAPPATO;famiglia non riconosciuta;1;1;MARATHON;CALCIO | OLANDA - I DIVISIONE | Eredivisie 2026/27 | VINCENTE | Groningen
VINCENTE;Guendalina Tavassi;;;;NON_MAPPATO;famiglia non riconosciuta;1;1;STARCASINO;MANIFESTAZIONI DI SPETTACOLO | GRANDE FRATELLO VIP ITALIA | Grande Fratello Vip 2026 | VINCENTE | Guendalina Tavassi
VINCENTE;Guidonia Montecelio;;;;NON_MAPPATO;famiglia non riconosciuta;1;1;STANLEYBET;CALCIO | ITALIA - III DIVISIONE | Italia - Serie C Girone B | VINCENTE | Guidonia Montecelio
VINCENTE;HAALAND E B;;;;NON_MAPPATO;famiglia non riconosciuta;1;1;SPORTBET;CALCIO | PALLONE D'ORO FIFA | Pallone D oro 2026 | VINCENTE | HAALAND E B
VINCENTE;HOU Rockets;;;;NON_MAPPATO;famiglia non riconosciuta;1;1;ADMIRAL;BASKET | USA - NBA | NBA Cup 2026/27 | VINCENTE | HOU Rockets
VINCENTE;Hadjar I.;;;;NON_MAPPATO;famiglia non riconosciuta;1;1;WILLIAMHILL;AUTOMOBILISMO | MONDO - CAMPIONATO FORMULA 1 | Formula 1 Mondiale Piloti 2026 | VINCENTE | Hadjar I.
VINCENTE;Hamilton, Lewis;;;;NON_MAPPATO;famiglia non riconosciuta;1;1;DOMUSBET;AUTOMOBILISMO | MONDO - CAMPIONATO FORMULA 1 | 3e prove libere Azerbaijan Grand Prix 2026 | VINCENTE | Hamilton, Lewis
VINCENTE;Hannover 96;;;;NON_MAPPATO;famiglia non riconosciuta;1;1;WILLIAMHILL;CALCIO | GERMANIA - II DIVISIONE | Bundesliga II 2026/27 | VINCENTE | Hannover 96
VINCENTE;Hapoel Tel Aviv;;;;NON_MAPPATO;famiglia non riconosciuta;1;1;ADMIRAL;BASKET | EUROPA - EUROLEGA | Eurolega 2026/27 | VINCENTE | Hapoel Tel Aviv
VINCENTE;Hereford;;;;NON_MAPPATO;famiglia non riconosciuta;1;1;BBET;CALCIO | INGHILTERRA - VI DIVISIONE | National League North 2026/27 | VINCENTE | Hereford
VINCENTE;Hibernian;;;;NON_MAPPATO;famiglia non riconosciuta;1;1;STARCASINO;CALCIO | SCOZIA - COPPA | Fa Cup 2026/27 | VINCENTE | Hibernian
VINCENTE;Huracan;;;;NON_MAPPATO;famiglia non riconosciuta;1;1;ADMIRAL;CALCIO | ARGENTINA - I DIVISIONE | Liga Profesional 2026 - Clausura | VINCENTE | Huracan
VINCENTE;Hurkacz Hubert;;;;NON_MAPPATO;famiglia non riconosciuta;1;1;ADMIRAL;TENNIS | TORNEO DI MONTREAL | Atp Montreal 2026 | VINCENTE | Hurkacz Hubert
VINCENTE;IND Pacers;;;;NON_MAPPATO;famiglia non riconosciuta;1;1;BBET;BASKET | USA - NBA | NBA - 2026/27 | VINCENTE | IND Pacers
VINCENTE;Ipswich;;;;NON_MAPPATO;famiglia non riconosciuta;1;1;STARCASINO;CALCIO | INGHILTERRA - I DIVISIONE | Premier League 26/27 | VINCENTE | Ipswich
VINCENTE;Italia (Phil Robertson);;;;NON_MAPPATO;famiglia non riconosciuta;1;1;STANLEYBET;vela | MONDO - SAIL GP | SAIL GP 2026 | VINCENTE | Italia (Phil Robertson)
VINCENTE;JJ Wetherholt;;;;NON_MAPPATO;famiglia non riconosciuta;1;1;STARCASINO;BASEBALL | AMERICA - MAJOR LEAGUE | MLB 2026 National League - Rookie of the year | VINCENTE | JJ Wetherholt
VINCENTE;Jagiellonia Bialystok;;;;NON_MAPPATO;famiglia non riconosciuta;1;1;ADMIRAL;CALCIO | POLONIA - I DIVISIONE | Ekstraklasa 2026/27 | VINCENTE | Jagiellonia Bialystok
VINCENTE;Jahmyr Gibbs;;;;NON_MAPPATO;famiglia non riconosciuta;1;1;DOMUSBET;FOOTBALL AMERICANO | USA - CAMPIONATO NFL | Giocatore Offensivo NFL 2026/27 | VINCENTE | Jahmyr Gibbs
VINCENTE;Jakub Mensik;;;;NON_MAPPATO;famiglia non riconosciuta;1;1;SPORTBET;TENNIS | AUSTRALIAN OPEN | Australian Open Maschile 2027 | VINCENTE | Jakub Mensik
VINCENTE;Jasmine Paolini;;;;NON_MAPPATO;famiglia non riconosciuta;1;1;MARATHON;TENNIS | AUSTRALIAN OPEN | Australian Open Femminile 2027 | VINCENTE | Jasmine Paolini
VINCENTE;Jenson Brooksby;;;;NON_MAPPATO;famiglia non riconosciuta;1;1;DOMUSBET;TENNIS | TORNEO DI CHENGDU | Atp Chengdu 2026 | VINCENTE | Jenson Brooksby
VINCENTE;Jhonatan Narvaez;;;;NON_MAPPATO;famiglia non riconosciuta;1;1;BBET;CICLISMO | MONDIALI SU STRADA | Montreal 2026 - Corsa In Linea Maschile Elite | VINCENTE | Jhonatan Narvaez
VINCENTE;Joel Embiid;;;;NON_MAPPATO;famiglia non riconosciuta;1;1;WILLIAMHILL;BASKET | USA - NBA | NBA 2026/27 MVP Regular Season | VINCENTE | Joel Embiid
VINCENTE;Jonas Abrahamsen;;;;NON_MAPPATO;famiglia non riconosciuta;1;1;DOMUSBET;CICLISMO | UCI EUROPE TOUR | Gp De Wallonie 2026 | VINCENTE | Jonas Abrahamsen
VINCENTE;Jonathan Kashanian;;;;NON_MAPPATO;famiglia non riconosciuta;1;1;STARCASINO;MANIFESTAZIONI DI SPETTACOLO | GRANDE FRATELLO VIP ITALIA | Grande Fratello Vip 2026 | VINCENTE | Jonathan Kashanian
VINCENTE;Josh Allen;;;;NON_MAPPATO;famiglia non riconosciuta;1;1;WILLIAMHILL;FOOTBALL AMERICANO | USA - CAMPIONATO NFL | Giocatore Offensivo NFL 2026/27 | VINCENTE | Josh Allen
VINCENTE;Josh Rock;;;;NON_MAPPATO;famiglia non riconosciuta;1;1;WILLIAMHILL;FRECCETTE | MONDO - CAMPIONATO DEL MONDO PDC | Campionato Del Mondo Pdc 2027 | VINCENTE | Josh Rock
VINCENTE;Juventude;;;;NON_MAPPATO;famiglia non riconosciuta;1;1;ADMIRAL;CALCIO | BRASILE - COPPA | Copa do Brasil 2026 | VINCENTE | Juventude
VINCENTE;KANE H;;;;NON_MAPPATO;famiglia non riconosciuta;1;1;DOMUSBET;CALCIO | PALLONE D'ORO FIFA | Pallone D oro 2026 | VINCENTE | KANE H
VINCENTE;Kaiserslautern;;;;NON_MAPPATO;famiglia non riconosciuta;1;1;STARCASINO;CALCIO | GERMANIA - II DIVISIONE | Bundesliga II 2026/27 | VINCENTE | Kaiserslautern
VINCENTE;Karen Khachanov;;;;NON_MAPPATO;famiglia non riconosciuta;1;1;ADMIRAL;TENNIS | AUSTRALIAN OPEN | Australian Open Maschile 2027 | VINCENTE | Karen Khachanov
VINCENTE;Karolina Muchova;;;;NON_MAPPATO;famiglia non riconosciuta;1;1;ADMIRAL;TENNIS | AUSTRALIAN OPEN | Australian Open Femminile 2027 | VINCENTE | Karolina Muchova
VINCENTE;Katarzyna Niewiadoma;;;;NON_MAPPATO;famiglia non riconosciuta;1;1;ADMIRAL;CICLISMO | TOUR DE FRANCE | Tour de France Femminile 2026 | VINCENTE | Katarzyna Niewiadoma
VINCENTE;Kel  el Ware;;;;NON_MAPPATO;famiglia non riconosciuta;1;1;MARATHON;BASKET | USA - NBA | NBA 2026/27 Most Improved Player | VINCENTE | Kel el Ware
VINCENTE;Khaman Maluach;;;;NON_MAPPATO;famiglia non riconosciuta;1;1;MARATHON;BASKET | USA - NBA | NBA 2026/27 Most Improved Player | VINCENTE | Khaman Maluach
VINCENTE;Kimberly Birrell;;;;NON_MAPPATO;famiglia non riconosciuta;1;1;DOMUSBET;TENNIS | TORNEO DI SEOUL | Wta Seoul 2026 | VINCENTE | Kimberly Birrell
VINCENTE;Kocaelispor;;;;NON_MAPPATO;famiglia non riconosciuta;1;1;DOMUSBET;CALCIO | TURCHIA - I DIVISIONE | Super Lig 2026/27 | VINCENTE | Kocaelispor
VINCENTE;Kristian Egholm;;;;NON_MAPPATO;famiglia non riconosciuta;1;1;DOMUSBET;CICLISMO | MONDO - MONDIALI SU STRADA U23 | Mondiali 2026 - Cronometro Maschile U23 | VINCENTE | Kristian Egholm
VINCENTE;Kupcho J.;;;;NON_MAPPATO;famiglia non riconosciuta;1;1;WILLIAMHILL;GOLF | LPGA | Walmart Nw Arkansas Championship 2026 | VINCENTE | Kupcho J.
VINCENTE;Kyoto Sanga Fc;;;;NON_MAPPATO;famiglia non riconosciuta;1;1;STARCASINO;CALCIO | GIAPPONE - I DIVISIONE | J-league 2027 | VINCENTE | Kyoto Sanga Fc
VINCENTE;LA ANGELS;;;;NON_MAPPATO;famiglia non riconosciuta;1;1;ADMIRAL;BASEBALL | AMERICA - MAJOR LEAGUE | MLB 2026 - American League West | VINCENTE | LA ANGELS
VINCENTE;LAU MARTINEZ;;;;NON_MAPPATO;famiglia non riconosciuta;1;1;SPORTBET;CALCIO | PALLONE D'ORO FIFA | Pallone D oro 2026 | VINCENTE | LAU MARTINEZ
VINCENTE;LV Raiders;;;;NON_MAPPATO;famiglia non riconosciuta;1;1;WILLIAMHILL;FOOTBALL AMERICANO | USA - CAMPIONATO NFL | NFL 2026/2027 | VINCENTE | LV Raiders
VINCENTE;Lanlana Tararudee;;;;NON_MAPPATO;famiglia non riconosciuta;1;1;DOMUSBET;TENNIS | TORNEO DI SEOUL | Wta Seoul 2026 | VINCENTE | Lanlana Tararudee
VINCENTE;Lanus;;;;NON_MAPPATO;famiglia non riconosciuta;1;1;ADMIRAL;CALCIO | ARGENTINA - I DIVISIONE | Liga Profesional 2026 - Clausura | VINCENTE | Lanus
VINCENTE;LeBron James;;;;NON_MAPPATO;famiglia non riconosciuta;1;1;STARCASINO;BASKET | USA - NBA | NBA 2026/27 MVP Regular Season | VINCENTE | LeBron James
VINCENTE;Lecuona I.;;;;NON_MAPPATO;famiglia non riconosciuta;1;1;ADMIRAL;MOTOCICLISMO | MONDO - MONDIALE SUPERBIKE | Superbike - Vincente Mondiale 2026 | VINCENTE | Lecuona I.
VINCENTE;Leeds;;;;NON_MAPPATO;famiglia non riconosciuta;1;1;STARCASINO;CALCIO | INGHILTERRA - I DIVISIONE | Premier League 26/27 | VINCENTE | Leeds
VINCENTE;Leksands IF;;;;NON_MAPPATO;famiglia non riconosciuta;1;1;STARCASINO;HOCKEY GHIACCIO | SVEZIA - II DIVISIONE | HockeyAllsvenskan 2026/27 | VINCENTE | Leksands IF
VINCENTE;Liane Lippert;;;;NON_MAPPATO;famiglia non riconosciuta;1;1;DOMUSBET;CICLISMO | MONDIALI SU STRADA | Mondiali 2026 - Gara Su Strada Femminile | VINCENTE | Liane Lippert
VINCENTE;Linda Noskova;;;;NON_MAPPATO;famiglia non riconosciuta;1;1;SPORTBET;TENNIS | AUSTRALIAN OPEN | Australian Open Femminile 2027 | VINCENTE | Linda Noskova
VINCENTE;Liudmila Samsonova;;;;NON_MAPPATO;famiglia non riconosciuta;1;1;DOMUSBET;TENNIS | TORNEO DI GUADALAJARA | Wta Guadalajara 2026 | VINCENTE | Liudmila Samsonova
VINCENTE;Locatelli A.;;;;NON_MAPPATO;famiglia non riconosciuta;1;1;ADMIRAL;MOTOCICLISMO | MONDO - MONDIALE SUPERBIKE | Superbike - Vincente Mondiale 2026 | VINCENTE | Locatelli A.
VINCENTE;Lucerna;;;;NON_MAPPATO;famiglia non riconosciuta;1;1;ADMIRAL;CALCIO | SVIZZERA - I DIVISIONE | Super League 2026/27 | VINCENTE | Lucerna
VINCENTE;Luis Diaz;;;;NON_MAPPATO;famiglia non riconosciuta;1;1;SPORTBET;CALCIO | PALLONE D'ORO FIFA | Pallone D oro 2026 | VINCENTE | Luis Diaz
VINCENTE;MANCHESTER CITY;;;;NON_MAPPATO;famiglia non riconosciuta;1;1;STARCASINO;CALCIO | INGHILTERRA - I DIVISIONE | PREMIER LEAGUE 25/26 | VINCENTE | MANCHESTER CITY
VINCENTE;MEM Grizzlies;;;;NON_MAPPATO;famiglia non riconosciuta;1;1;SPORTBET;BASKET | USA - NBA | NBA - Western Conference 2026/27 | VINCENTE | MEM Grizzlies
VINCENTE;MIA Dolphins;;;;NON_MAPPATO;famiglia non riconosciuta;1;1;WILLIAMHILL;FOOTBALL AMERICANO | USA - CAMPIONATO NFL | NFL 2026/2027 | VINCENTE | MIA Dolphins
VINCENTE;MICHIGAN WOLVERINES;;;;NON_MAPPATO;famiglia non riconosciuta;1;1;DOMUSBET;BASKET | USA - NCAA | NCAA - 2025/2026 | VINCENTE | MICHIGAN WOLVERINES
VINCENTE;MIDTJYLLAND;;;;NON_MAPPATO;famiglia non riconosciuta;1;1;STARCASINO;CALCIO | DANIMARCA - I DIVISIONE | Superligaen 2025/26 | VINCENTE | MIDTJYLLAND
VINCENTE;MIL Bucks;;;;NON_MAPPATO;famiglia non riconosciuta;1;1;ADMIRAL;BASKET | USA - NBA | NBA - Eastern Conference 2026/27 | VINCENTE | MIL Bucks
VINCENTE;Macclesfield FC;;;;NON_MAPPATO;famiglia non riconosciuta;1;1;ADMIRAL;CALCIO | INGHILTERRA - VI DIVISIONE | National League North 2026/27 | VINCENTE | Macclesfield FC
VINCENTE;Machida Zelvia;;;;NON_MAPPATO;famiglia non riconosciuta;1;1;STARCASINO;CALCIO | GIAPPONE - I DIVISIONE | J-league 2027 | VINCENTE | Machida Zelvia
VINCENTE;Maria Sakkari;;;;NON_MAPPATO;famiglia non riconosciuta;1;1;DOMUSBET;TENNIS | TORNEO DI SINGAPORE | Wta Singapore 2026 | VINCENTE | Maria Sakkari
VINCENTE;Marlen Reusser;;;;NON_MAPPATO;famiglia non riconosciuta;1;1;ADMIRAL;CICLISMO | TOUR DE FRANCE | Tour de France Femminile 2026 | VINCENTE | Marlen Reusser
VINCENTE;Marocco;;;;NON_MAPPATO;famiglia non riconosciuta;1;1;BBET;CALCIO | MONDO - MONDIALI | Mondiali 2030 | VINCENTE | Marocco
VINCENTE;Mathieu van der Poel;;;;NON_MAPPATO;famiglia non riconosciuta;1;1;STANLEYBET;ciclismo | TOUR DE FRANCE | Tour De France 2026 Tappa 21 | VINCENTE | Mathieu van der Poel
VINCENTE;Matisse Van Kerckhove;;;;NON_MAPPATO;famiglia non riconosciuta;1;1;DOMUSBET;CICLISMO | MONDO - MONDIALI SU STRADA U23 | Mondiali 2026 - Cronometro Maschile U23 | VINCENTE | Matisse Van Kerckhove
VINCENTE;Matteo Sioli;;;;NON_MAPPATO;famiglia non riconosciuta;1;1;WILLIAMHILL;ATLETICA LEGGERA | CAMPIONATO EUROPEO | Campionati Europei 2026 - Salto In Alto Uomini | VINCENTE | Matteo Sioli
VINCENTE;Megan Ria;;;;NON_MAPPATO;famiglia non riconosciuta;1;1;WILLIAMHILL;MANIFESTAZIONI DI SPETTACOLO | GRANDE FRATELLO VIP ITALIA | Grande Fratello Vip 2026 | VINCENTE | Megan Ria
VINCENTE;Mensik Jakub;;;;NON_MAPPATO;famiglia non riconosciuta;1;1;ADMIRAL;TENNIS | TORNEO DI MONTREAL | Atp Montreal 2026 | VINCENTE | Mensik Jakub
VINCENTE;Michael Matthews;;;;NON_MAPPATO;famiglia non riconosciuta;1;1;STANLEYBET;ciclismo | MONDIALI SU STRADA | Montreal 2026 - Corsa In Linea Maschile Elite | VINCENTE | Michael Matthews
VINCENTE;Mike Macdonald;;;;NON_MAPPATO;famiglia non riconosciuta;1;1;WILLIAMHILL;FOOTBALL AMERICANO | USA - CAMPIONATO NFL | Migliore Allenatore NFL 2026/2027 | VINCENTE | Mike Macdonald
VINCENTE;Mike McCarthy;;;;NON_MAPPATO;famiglia non riconosciuta;1;1;STARCASINO;FOOTBALL AMERICANO | USA - CAMPIONATO NFL | Migliore Allenatore NFL 2026/2027 | VINCENTE | Mike McCarthy
VINCENTE;Milan Fretin;;;;NON_MAPPATO;famiglia non riconosciuta;1;1;DOMUSBET;CICLISMO | UCI PROSERIES | Flandrien 0.0 Classic 2026 | VINCENTE | Milan Fretin
VINCENTE;Millwall;;;;NON_MAPPATO;famiglia non riconosciuta;1;1;ADMIRAL;CALCIO | INGHILTERRA - II DIVISIONE | Championship 2026/27 | VINCENTE | Millwall
VINCENTE;Miomir Kecmanovic;;;;NON_MAPPATO;famiglia non riconosciuta;1;1;DOMUSBET;TENNIS | TORNEO DI CHENGDU | Atp Chengdu 2026 | VINCENTE | Miomir Kecmanovic
VINCENTE;Mjallby AIF;;;;NON_MAPPATO;famiglia non riconosciuta;1;1;MARATHON;CALCIO | SVEZIA - I DIVISIONE | Allsvenskanliga 2026 | VINCENTE | Mjallby AIF
VINCENTE;Munoz D.;;;;NON_MAPPATO;famiglia non riconosciuta;1;1;WILLIAMHILL;MOTOCICLISMO | MONDO - MOTOMONDIALE | Mondiale Moto3 2026 | VINCENTE | Munoz D.
VINCENTE;NORVEGIA;;;;NON_MAPPATO;famiglia non riconosciuta;1;1;STARCASINO;MEDAGLIERE | OLIMPIADI | Vincente Medagliere Milano - Cortina 2026 | VINCENTE | NORVEGIA
VINCENTE;NY Jets;;;;NON_MAPPATO;famiglia non riconosciuta;1;1;WILLIAMHILL;FOOTBALL AMERICANO | USA - CAMPIONATO NFL | NFL - AFC Conference 2026/27 | VINCENTE | NY Jets
VINCENTE;Nashville SC;;;;NON_MAPPATO;famiglia non riconosciuta;1;1;BBET;CALCIO | USA - I DIVISIONE | MLS 2026 | VINCENTE | Nashville SC
VINCENTE;O  Higgins;;;;NON_MAPPATO;famiglia non riconosciuta;1;1;STANLEYBET;CALCIO | AMERICA - COPPA SUDAMERICANA | Copa Sudamericana - 2026 | VINCENTE | O Higgins
VINCENTE;OLISE, MICHAEL;;;;NON_MAPPATO;famiglia non riconosciuta;1;1;SPORTBET;CALCIO | PALLONE D'ORO FIFA | Pallone D oro 2026 | VINCENTE | OLISE, MICHAEL
VINCENTE;OLYMPIACOS;;;;NON_MAPPATO;famiglia non riconosciuta;1;1;STARCASINO;CALCIO | GRECIA - I DIVISIONE | Super League 1 2025/2026 | VINCENTE | OLYMPIACOS
VINCENTE;Odermatt Marco;;;;NON_MAPPATO;famiglia non riconosciuta;1;1;STARCASINO;SCI ALPINO | MONDO - COPPA DEL MONDO | Coppa Del Mondo Di Sci Alpino Maschile 2026/27 | VINCENTE | Odermatt Marco
VINCENTE;Oscar Onley;;;;NON_MAPPATO;famiglia non riconosciuta;1;1;ADMIRAL;CICLISMO | UCI PROSERIES | Vuelta A Burgos 2026 | VINCENTE | Oscar Onley
VINCENTE;PERUGIA;;;;NON_MAPPATO;famiglia non riconosciuta;1;1;MARATHON;VOLLEY | ITALIA - I DIVISIONE | Superlega Serie A1 2025/2026 ( Play-Off inclusi ) | VINCENTE | PERUGIA
VINCENTE;PIT Steelers;;;;NON_MAPPATO;famiglia non riconosciuta;1;1;STARCASINO;FOOTBALL AMERICANO | USA - CAMPIONATO NFL | Afc North 2026/27 | VINCENTE | PIT Steelers
VINCENTE;PORTOGALLO;;;;NON_MAPPATO;famiglia non riconosciuta;1;1;ADMIRAL;CALCIO | MONDO - MONDIALI | Mondiali 2026 | VINCENTE | PORTOGALLO
VINCENTE;PSG Handball;;;;NON_MAPPATO;famiglia non riconosciuta;1;1;ADMIRAL;PALLAMANO | FRANCIA - I DIVISIONE | Starligue 2026/27 | VINCENTE | PSG Handball
VINCENTE;Padova;;;;NON_MAPPATO;famiglia non riconosciuta;1;1;STANLEYBET;CALCIO | ITALIA - II DIVISIONE | Serie B 2026 - 2027 | VINCENTE | Padova
VINCENTE;Pang Junxu;;;;NON_MAPPATO;famiglia non riconosciuta;1;1;STANLEYBET;snooker | MONDO - WORLD CHAMPIONSHIP | Campionato Mondiale 2027 | VINCENTE | Pang Junxu
VINCENTE;Papillon;;;;NON_MAPPATO;famiglia non riconosciuta;1;1;STARCASINO;MANIFESTAZIONI DI SPETTACOLO | FESTIVAL DI SANREMO | Sanremo 2026 Primo Outfit Carlo Conti - Serata 1 | VINCENTE | Papillon
VINCENTE;Parigi;;;;NON_MAPPATO;famiglia non riconosciuta;1;1;ADMIRAL;BASKET | FRANCIA - I DIVISIONE | LNB Pro A 2025/26 | VINCENTE | Parigi
VINCENTE;Partito Repubblicano;;;;NON_MAPPATO;famiglia non riconosciuta;1;1;DOMUSBET;ELEZIONI POLITICHE | ELEZIONI PRESIDENZIALI USA | Partito Vincente Presidenziali USA 2028 | VINCENTE | Partito Repubblicano
VINCENTE;Paula Badosa;;;;NON_MAPPATO;famiglia non riconosciuta;1;1;DOMUSBET;TENNIS | TORNEO DI SAO PAULO | Wta Sao Paulo 2026 | VINCENTE | Paula Badosa
VINCENTE;Pauline Ferrand Prevot;;;;NON_MAPPATO;famiglia non riconosciuta;1;1;ADMIRAL;CICLISMO | TOUR DE FRANCE | Tour de France Femminile 2026 | VINCENTE | Pauline Ferrand Prevot
VINCENTE;Perugia;;;;NON_MAPPATO;famiglia non riconosciuta;1;1;ADMIRAL;CALCIO | ITALIA - III DIVISIONE | Italia - Serie C Girone B | VINCENTE | Perugia
VINCENTE;Picerno;;;;NON_MAPPATO;famiglia non riconosciuta;1;1;STARCASINO;CALCIO | ITALIA - III DIVISIONE | Serie C Girone C | VINCENTE | Picerno
VINCENTE;Platense;;;;NON_MAPPATO;famiglia non riconosciuta;1;1;ADMIRAL;CALCIO | ARGENTINA - COPPA | Copa Argentina 2026 | VINCENTE | Platense
VINCENTE;Plymouth;;;;NON_MAPPATO;famiglia non riconosciuta;1;1;STARCASINO;CALCIO | INGHILTERRA - III DIVISIONE | League One 2026/2027 | VINCENTE | Plymouth
VINCENTE;Pogon Szczecin;;;;NON_MAPPATO;famiglia non riconosciuta;1;1;ADMIRAL;CALCIO | POLONIA - I DIVISIONE | Ekstraklasa 2026/27 | VINCENTE | Pogon Szczecin
VINCENTE;Pustertal;;;;NON_MAPPATO;famiglia non riconosciuta;1;1;STARCASINO;HOCKEY GHIACCIO | AUSTRIA - I DIVISIONE | ICE Hockey League 2026/2027 | VINCENTE | Pustertal
VINCENTE;REST OF THE WORLD;;;;NON_MAPPATO;famiglia non riconosciuta;1;1;STANLEYBET;golf | THE PRESIDENT CUP | Presidents Cup 2026 | VINCENTE | REST OF THE WORLD
VINCENTE;RICE D;;;;NON_MAPPATO;famiglia non riconosciuta;1;1;SPORTBET;CALCIO | PALLONE D'ORO FIFA | Pallone D oro 2026 | VINCENTE | RICE D
VINCENTE;Racing Bulls;;;;NON_MAPPATO;famiglia non riconosciuta;1;1;WILLIAMHILL;AUTOMOBILISMO | MONDO - CAMPIONATO FORMULA 1 | Formula 1 Mondiale Costruttori 2026 | VINCENTE | Racing Bulls
VINCENTE;Rakow Czestochowa;;;;NON_MAPPATO;famiglia non riconosciuta;1;1;ADMIRAL;CALCIO | POLONIA - I DIVISIONE | Ekstraklasa 2026/27 | VINCENTE | Rakow Czestochowa
VINCENTE;Rapid Bucarest;;;;NON_MAPPATO;famiglia non riconosciuta;1;1;DOMUSBET;CALCIO | ROMANIA - I DIVISIONE | Liga 1 2026/27 | VINCENTE | Rapid Bucarest
VINCENTE;Rayo Vallecano;;;;NON_MAPPATO;famiglia non riconosciuta;1;1;ADMIRAL;CALCIO | SPAGNA - COPPA | Copa del Rey 2026/2027 | VINCENTE | Rayo Vallecano
VINCENTE;Real Oviedo;;;;NON_MAPPATO;famiglia non riconosciuta;1;1;BBET;CALCIO | SPAGNA - II DIVISIONE | Liga2 2026/27 | VINCENTE | Real Oviedo
VINCENTE;Rimini;;;;NON_MAPPATO;famiglia non riconosciuta;1;1;ADMIRAL;BASKET | ITALIA - II DIVISIONE | Serie A2 2026/2027 - Regular Season | VINCENTE | Rimini
VINCENTE;Rosenborg;;;;NON_MAPPATO;famiglia non riconosciuta;1;1;DOMUSBET;CALCIO | NORVEGIA - I DIVISIONE | Eliteserien 2026 | VINCENTE | Rosenborg
VINCENTE;Rubio M.;;;;NON_MAPPATO;famiglia non riconosciuta;1;1;ADMIRAL;ELEZIONI POLITICHE | ELEZIONI PRESIDENZIALI USA | Candidatura Partito Repubblicano alle Presidenziali USA 2028 | VINCENTE | Rubio M.
VINCENTE;Rueda J.;;;;NON_MAPPATO;famiglia non riconosciuta;1;1;BBET;MOTOCICLISMO | MONDO - MOTOMONDIALE | Mondiale Moto2 2026 | VINCENTE | Rueda J.
VINCENTE;Russell, George;;;;NON_MAPPATO;famiglia non riconosciuta;1;1;DOMUSBET;AUTOMOBILISMO | MONDO - CAMPIONATO FORMULA 1 | Corsa Azerbaijan Grand Prix 2026 | VINCENTE | Russell, George
VINCENTE;S.s.d. Casarano Calcio;;;;NON_MAPPATO;famiglia non riconosciuta;1;1;DOMUSBET;CALCIO | ITALIA - III DIVISIONE | Serie C Girone C | VINCENTE | S.s.d. Casarano Calcio
VINCENTE;SAN ANTONIO SPURS;;;;NON_MAPPATO;famiglia non riconosciuta;1;1;DOMUSBET;BASKET | USA - NBA | NBA - 2025/26 | VINCENTE | SAN ANTONIO SPURS
VINCENTE;SCANDICCI;;;;NON_MAPPATO;famiglia non riconosciuta;1;1;ADMIRAL;VOLLEY | ITALIA - I DIVISIONE F. | Serie A1 Femminile 2025/2026 | VINCENTE | SCANDICCI
VINCENTE;SCHALKE 04;;;;NON_MAPPATO;famiglia non riconosciuta;1;1;DOMUSBET;CALCIO | GERMANIA - II DIVISIONE | Bundesliga II 25/26 | VINCENTE | SCHALKE 04
VINCENTE;Sambenedettese;;;;NON_MAPPATO;famiglia non riconosciuta;1;1;WILLIAMHILL;CALCIO | ITALIA - III DIVISIONE | Italia - Serie C Girone B | VINCENTE | Sambenedettese
VINCENTE;San Gallo;;;;NON_MAPPATO;famiglia non riconosciuta;1;1;ADMIRAL;CALCIO | SVIZZERA - I DIVISIONE | Super League 2026/27 | VINCENTE | San Gallo
VINCENTE;San Jose;;;;NON_MAPPATO;famiglia non riconosciuta;1;1;STARCASINO;CALCIO | USA - I DIVISIONE | MLS 2026 | VINCENTE | San Jose
VINCENTE;San Martin de Tucuman;;;;NON_MAPPATO;famiglia non riconosciuta;1;1;TOTOSI;CALCIO | ARGENTINA - COPPA | Copa Argentina 2026 | VINCENTE | San Martin de Tucuman
VINCENTE;Sara Bejlek;;;;NON_MAPPATO;famiglia non riconosciuta;1;1;DOMUSBET;TENNIS | TORNEO DI GUADALAJARA | Wta Guadalajara 2026 | VINCENTE | Sara Bejlek
VINCENTE;Sasaki A.;;;;NON_MAPPATO;famiglia non riconosciuta;1;1;ADMIRAL;MOTOCICLISMO | MONDO - MOTOMONDIALE | Mondiale Moto2 2026 | VINCENTE | Sasaki A.
VINCENTE;Scafatese;;;;NON_MAPPATO;famiglia non riconosciuta;1;1;STANLEYBET;CALCIO | ITALIA - III DIVISIONE | Serie C Girone C | VINCENTE | Scafatese
VINCENTE;Scott T.;;;;NON_MAPPATO;famiglia non riconosciuta;1;1;TOTOSI;ELEZIONI POLITICHE | ELEZIONI PRESIDENZIALI USA | Vincente Presidenziali USA 2028 | VINCENTE | Scott T.
VINCENTE;Senegal;;;;NON_MAPPATO;famiglia non riconosciuta;1;1;BBET;CALCIO | MONDO - MONDIALI | Mondiali 2030 | VINCENTE | Senegal
VINCENTE;Sepp Kuss;;;;NON_MAPPATO;famiglia non riconosciuta;1;1;WILLIAMHILL;CICLISMO | TOUR DE FRANCE | Tour de France 2027 | VINCENTE | Sepp Kuss
VINCENTE;Servette;;;;NON_MAPPATO;famiglia non riconosciuta;1;1;ADMIRAL;CALCIO | SVIZZERA - I DIVISIONE | Super League 2026/27 | VINCENTE | Servette
VINCENTE;Sion;;;;NON_MAPPATO;famiglia non riconosciuta;1;1;ADMIRAL;CALCIO | SVIZZERA - I DIVISIONE | Super League 2026/27 | VINCENTE | Sion
VINCENTE;Sodertalje SK;;;;NON_MAPPATO;famiglia non riconosciuta;1;1;STARCASINO;HOCKEY GHIACCIO | SVEZIA - II DIVISIONE | HockeyAllsvenskan 2026/27 | VINCENTE | Sodertalje SK
VINCENTE;South Shields;;;;NON_MAPPATO;famiglia non riconosciuta;1;1;ADMIRAL;CALCIO | INGHILTERRA - VI DIVISIONE | National League North 2026/27 | VINCENTE | South Shields
VINCENTE;Southeast Division;;;;NON_MAPPATO;famiglia non riconosciuta;1;1;STARCASINO;BASKET | USA - NBA | NBA 2026/27 - Divisione del Vincitore | VINCENTE | Southeast Division
VINCENTE;Sporting Gijon;;;;NON_MAPPATO;famiglia non riconosciuta;1;1;STARCASINO;CALCIO | SPAGNA - II DIVISIONE | Liga2 2026/27 | VINCENTE | Sporting Gijon
VINCENTE;Stephen Curry;;;;NON_MAPPATO;famiglia non riconosciuta;1;1;WILLIAMHILL;BASKET | USA - NBA | NBA 2026/27 MVP Regular Season | VINCENTE | Stephen Curry
VINCENTE;Stockport;;;;NON_MAPPATO;famiglia non riconosciuta;1;1;STARCASINO;CALCIO | INGHILTERRA - III DIVISIONE | League One 2026/2027 | VINCENTE | Stockport
VINCENTE;Sunderland;;;;NON_MAPPATO;famiglia non riconosciuta;1;1;STARCASINO;CALCIO | INGHILTERRA - I DIVISIONE | Premier League 26/27 | VINCENTE | Sunderland
VINCENTE;TEXAS RANGERS;;;;NON_MAPPATO;famiglia non riconosciuta;1;1;STARCASINO;BASEBALL | AMERICA - MAJOR LEAGUE | MLB 2026 - American League West | VINCENTE | TEXAS RANGERS
VINCENTE;TSG Hoffenheim;;;;NON_MAPPATO;famiglia non riconosciuta;1;1;STANLEYBET;CALCIO | GERMANIA - COPPA DFB POKAL | DFB Cup 2026/27 | VINCENTE | TSG Hoffenheim
VINCENTE;Talleres Cordoba;;;;NON_MAPPATO;famiglia non riconosciuta;1;1;ADMIRAL;CALCIO | ARGENTINA - I DIVISIONE | Liga Profesional 2026 - Clausura | VINCENTE | Talleres Cordoba
VINCENTE;Tentoglou Miltiadis;;;;NON_MAPPATO;famiglia non riconosciuta;1;1;DOMUSBET;ATLETICA LEGGERA | CAMPIONATO EUROPEO | Campionati Europei 2026 - Salto In Lungo Uomini | VINCENTE | Tentoglou Miltiadis
VINCENTE;Tim Wellens;;;;NON_MAPPATO;famiglia non riconosciuta;1;1;DOMUSBET;CICLISMO | UCI EUROPE TOUR | Gp De Wallonie 2026 | VINCENTE | Tim Wellens
VINCENTE;Tomas Martin Etcheverry;;;;NON_MAPPATO;famiglia non riconosciuta;1;1;DOMUSBET;TENNIS | TORNEO DI HANGZHOU | Atp Hangzhou 2026 | VINCENTE | Tomas Martin Etcheverry
VINCENTE;Trump D.;;;;NON_MAPPATO;famiglia non riconosciuta;1;1;ADMIRAL;ELEZIONI POLITICHE | ELEZIONI PRESIDENZIALI USA | Candidatura Partito Repubblicano alle Presidenziali USA 2028 | VINCENTE | Trump D.
VINCENTE;Truro City;;;;NON_MAPPATO;famiglia non riconosciuta;1;1;BBET;CALCIO | INGHILTERRA - VI DIVISIONE | National League South 2026/27 | VINCENTE | Truro City
VINCENTE;Twente;;;;NON_MAPPATO;famiglia non riconosciuta;1;1;STARCASINO;CALCIO | EUROPA - CONFERENCE LEAGUE | Conference League 2026/27 | VINCENTE | Twente
VINCENTE;Tyrese Haliburton;;;;NON_MAPPATO;famiglia non riconosciuta;1;1;BBET;BASKET | USA - NBA | Nba 2026/27 - Mvp Finali | VINCENTE | Tyrese Haliburton
VINCENTE;Ucraina;;;;NON_MAPPATO;famiglia non riconosciuta;1;1;DOMUSBET;TENNIS | BILLIE JEAN KING CUP | Billie Jean King Cup 2026 | VINCENTE | Ucraina
VINCENTE;VJ Edgecombe;;;;NON_MAPPATO;famiglia non riconosciuta;1;1;DOMUSBET;BASKET | USA - NBA | NBA 2026/27 Most Improved Player | VINCENTE | VJ Edgecombe
VINCENTE;Varese;;;;NON_MAPPATO;famiglia non riconosciuta;1;1;MARATHON;BASKET | EUROPA - CHAMPIONS LEAGUE | Champions League 2026/27 | VINCENTE | Varese
VINCENTE;Vietti C.;;;;NON_MAPPATO;famiglia non riconosciuta;1;1;WILLIAMHILL;MOTOCICLISMO | MONDO - MOTOMONDIALE | Mondiale Moto2 2026 | VINCENTE | Vietti C.
VINCENTE;Vitinha;;;;NON_MAPPATO;famiglia non riconosciuta;1;1;SPORTBET;CALCIO | PALLONE D'ORO FIFA | Pallone D oro 2026 | VINCENTE | Vitinha
VINCENTE;WAS Commanders;;;;NON_MAPPATO;famiglia non riconosciuta;1;1;BBET;FOOTBALL AMERICANO | USA - CAMPIONATO NFL | NFC East 2026/27 | VINCENTE | WAS Commanders
VINCENTE;WASHINGTON NATIONALS;;;;NON_MAPPATO;famiglia non riconosciuta;1;1;ADMIRAL;BASEBALL | AMERICA - MAJOR LEAGUE | MLB 2026 - National League East | VINCENTE | WASHINGTON NATIONALS
VINCENTE;Waldhof Mannheim;;;;NON_MAPPATO;famiglia non riconosciuta;1;1;STARCASINO;CALCIO | GERMANIA - III DIVISIONE | 3.Liga 2026/27 | VINCENTE | Waldhof Mannheim
VINCENTE;Walsall;;;;NON_MAPPATO;famiglia non riconosciuta;1;1;STANLEYBET;CALCIO | INGHILTERRA - IV DIVISIONE | League Two | VINCENTE | Walsall
VINCENTE;Watford;;;;NON_MAPPATO;famiglia non riconosciuta;1;1;BBET;CALCIO | INGHILTERRA - II DIVISIONE | Championship 2026/27 | VINCENTE | Watford
VINCENTE;West Brom;;;;NON_MAPPATO;famiglia non riconosciuta;1;1;BBET;CALCIO | INGHILTERRA - II DIVISIONE | Championship 2026/27 | VINCENTE | West Brom
VINCENTE;Widzew Lodz;;;;NON_MAPPATO;famiglia non riconosciuta;1;1;ADMIRAL;CALCIO | POLONIA - I DIVISIONE | Ekstraklasa 2026/27 | VINCENTE | Widzew Lodz
VINCENTE;Williams;;;;NON_MAPPATO;famiglia non riconosciuta;1;1;ADMIRAL;AUTOMOBILISMO | MONDO - CAMPIONATO FORMULA 1 | Formula 1 Mondiale Costruttori 2026 | VINCENTE | Williams
VINCENTE;Wolfsberger AC;;;;NON_MAPPATO;famiglia non riconosciuta;1;1;ADMIRAL;CALCIO | AUSTRIA - I DIVISIONE | Bundesliga (AUT) 2026/27 | VINCENTE | Wolfsberger AC
VINCENTE;Wrexham;;;;NON_MAPPATO;famiglia non riconosciuta;1;1;SPORTBET;CALCIO | INGHILTERRA - II DIVISIONE | Championship 2026/27 | VINCENTE | Wrexham
VINCENTE;Wuhan Three Towns;;;;NON_MAPPATO;famiglia non riconosciuta;1;1;ADMIRAL;CALCIO | CINA - I DIVISIONE | Super League 2026 | VINCENTE | Wuhan Three Towns
VINCENTE;Yaxel Lendeborg;;;;NON_MAPPATO;famiglia non riconosciuta;1;1;DOMUSBET;BASKET | USA - NBA | NBA 2026/27 Rookie dell Anno Regular Season | VINCENTE | Yaxel Lendeborg
VINCENTE;ZILINA;;;;NON_MAPPATO;famiglia non riconosciuta;1;1;STARCASINO;CALCIO | SLOVACCHIA - I DIVISIONE | Super Liga 2025/26 | VINCENTE | ZILINA
VINCENTE;Zhao Xintong;;;;NON_MAPPATO;famiglia non riconosciuta;1;1;STANLEYBET;snooker | MONDO - MASTERS TOURNAMENT | The Masters 2027 | VINCENTE | Zhao Xintong
VINCENTE AI RIGORI;SQUADRA 1;;;;NON_MAPPATO;famiglia non riconosciuta;1;1;DOMUSBET;CALCIO | INGHILTERRA - FOOTBALL LEAGUE TROPHY | Rochdale - Liverpool FC U21 | VINCENTE AI RIGORI | SQUADRA 1
VINCENTE CLASSIFICA CAPOCANNONIERE;Aribim Pepple (Plymouth);;;;NON_MAPPATO;famiglia non riconosciuta;1;1;STARCASINO;CALCIO | INGHILTERRA - III DIVISIONE | League One 2026/2027 | VINCENTE CLASSIFICA CAPOCANNONIERE | Aribim Pepple (Plymouth)
VINCENTE CLASSIFICA CAPOCANNONIERE;Ayase Ueda (Feyenoord);;;;NON_MAPPATO;famiglia non riconosciuta;1;1;STARCASINO;CALCIO | OLANDA - I DIVISIONE | Eredivisie 2026/27 | VINCENTE CLASSIFICA CAPOCANNONIERE | Ayase Ueda (Feyenoord)
VINCENTE CLASSIFICA CAPOCANNONIERE;Ferreira Evander;;;;NON_MAPPATO;famiglia non riconosciuta;1;1;STARCASINO;CALCIO | USA - I DIVISIONE | MLS 2026 | VINCENTE CLASSIFICA CAPOCANNONIERE | Ferreira Evander
VINCENTE CLASSIFICA CAPOCANNONIERE;Igor Thiago;;;;NON_MAPPATO;famiglia non riconosciuta;1;1;STARCASINO;CALCIO | INGHILTERRA - I DIVISIONE | Premier League 26/27 | VINCENTE CLASSIFICA CAPOCANNONIERE | Igor Thiago
VINCENTE CLASSIFICA CAPOCANNONIERE;Isak Bjerkebo;;;;NON_MAPPATO;famiglia non riconosciuta;1;1;STARCASINO;CALCIO | SVEZIA - I DIVISIONE | Allsvenskanliga 2026 | VINCENTE CLASSIFICA CAPOCANNONIERE | Isak Bjerkebo
VINCENTE CLASSIFICA CAPOCANNONIERE;Jack Marriott (Reading);;;;NON_MAPPATO;famiglia non riconosciuta;1;1;STARCASINO;CALCIO | INGHILTERRA - III DIVISIONE | League One 2026/2027 | VINCENTE CLASSIFICA CAPOCANNONIERE | Jack Marriott (Reading)
VINCENTE CLASSIFICA CAPOCANNONIERE;Jonathan David;;;;NON_MAPPATO;famiglia non riconosciuta;1;1;STARCASINO;CALCIO | ITALIA - I DIVISIONE | Serie A 2026/27 | VINCENTE CLASSIFICA CAPOCANNONIERE | Jonathan David
VINCENTE CLASSIFICA CAPOCANNONIERE;Kevin Viveros;;;;NON_MAPPATO;famiglia non riconosciuta;1;1;STARCASINO;CALCIO | BRASILE - I DIVISIONE | Brasile A 2026 | VINCENTE CLASSIFICA CAPOCANNONIERE | Kevin Viveros
VINCENTE CLASSIFICA CAPOCANNONIERE;Kyle Wootton (Stockport);;;;NON_MAPPATO;famiglia non riconosciuta;1;1;STARCASINO;CALCIO | INGHILTERRA - III DIVISIONE | League One 2026/2027 | VINCENTE CLASSIFICA CAPOCANNONIERE | Kyle Wootton (Stockport)
VINCENTE CLASSIFICA CAPOCANNONIERE;Kylian Mbappe (Real Madrid);;;;NON_MAPPATO;famiglia non riconosciuta;1;1;STARCASINO;CALCIO | EUROPA - CHAMPIONS LEAGUE | UEFA Champions League 26/27 | VINCENTE CLASSIFICA CAPOCANNONIERE | Kylian Mbappe (Real Madrid)
VINCENTE CLASSIFICA CAPOCANNONIERE;Lionel Messi;;;;NON_MAPPATO;famiglia non riconosciuta;1;1;STARCASINO;CALCIO | USA - I DIVISIONE | MLS 2026 | VINCENTE CLASSIFICA CAPOCANNONIERE | Lionel Messi
VINCENTE CLASSIFICA CAPOCANNONIERE;Marcus Thuram;;;;NON_MAPPATO;famiglia non riconosciuta;1;1;STARCASINO;CALCIO | ITALIA - I DIVISIONE | Serie A 2026/27 | VINCENTE CLASSIFICA CAPOCANNONIERE | Marcus Thuram
VINCENTE CLASSIFICA CAPOCANNONIERE;Moise Kean;;;;NON_MAPPATO;famiglia non riconosciuta;1;1;STARCASINO;CALCIO | ITALIA - I DIVISIONE | Serie A 2026/27 | VINCENTE CLASSIFICA CAPOCANNONIERE | Moise Kean
VINCENTE CLASSIFICA CAPOCANNONIERE;Ousmane Dembele;;;;NON_MAPPATO;famiglia non riconosciuta;1;1;STARCASINO;CALCIO | FRANCIA - I DIVISIONE | Ligue 1 2026/2027 | VINCENTE CLASSIFICA CAPOCANNONIERE | Ousmane Dembele
VINCENTE CLASSIFICA CAPOCANNONIERE;Pedro Guilherme;;;;NON_MAPPATO;famiglia non riconosciuta;1;1;STARCASINO;CALCIO | BRASILE - I DIVISIONE | Brasile A 2026 | VINCENTE CLASSIFICA CAPOCANNONIERE | Pedro Guilherme
VINCENTE CLASSIFICA CAPOCANNONIERE;Raphinha;;;;NON_MAPPATO;famiglia non riconosciuta;1;1;STARCASINO;CALCIO | SPAGNA - I DIVISIONE | Liga 2026/2027 | VINCENTE CLASSIFICA CAPOCANNONIERE | Raphinha
VINCENTE CLASSIFICA CAPOCANNONIERE;Raphinha (Barcellona);;;;NON_MAPPATO;famiglia non riconosciuta;1;1;STARCASINO;CALCIO | EUROPA - CHAMPIONS LEAGUE | UEFA Champions League 26/27 | VINCENTE CLASSIFICA CAPOCANNONIERE | Raphinha (Barcellona)
VINCENTE CLASSIFICA CAPOCANNONIERE;Rasmus Hojlund;;;;NON_MAPPATO;famiglia non riconosciuta;1;1;STARCASINO;CALCIO | ITALIA - I DIVISIONE | Serie A 2026/27 | VINCENTE CLASSIFICA CAPOCANNONIERE | Rasmus Hojlund
VINCENTE CLASSIFICA CAPOCANNONIERE;Ricardo Pepi (Psv);;;;NON_MAPPATO;famiglia non riconosciuta;1;1;STARCASINO;CALCIO | OLANDA - I DIVISIONE | Eredivisie 2026/27 | VINCENTE CLASSIFICA CAPOCANNONIERE | Ricardo Pepi (Psv)
VINCENTE CLASSIFICA CAPOCANNONIERE;Robbie Ure;;;;NON_MAPPATO;famiglia non riconosciuta;1;1;STARCASINO;CALCIO | SVEZIA - I DIVISIONE | Allsvenskanliga 2026 | VINCENTE CLASSIFICA CAPOCANNONIERE | Robbie Ure
VINCENTE CLASSIFICA CAPOCANNONIERI;Ayase Ueda;;;;NON_MAPPATO;famiglia non riconosciuta;1;1;STARCASINO;CALCIO | OLANDA - I DIVISIONE | Eredivisie 2025/26 | VINCENTE CLASSIFICA CAPOCANNONIERI | Ayase Ueda
VINCENTE CLASSIFICA CAPOCANNONIERI;Kylian Mbappe;;;;NON_MAPPATO;famiglia non riconosciuta;1;1;STARCASINO;CALCIO | EUROPA - CHAMPIONS LEAGUE | UEFA Champions League 25/26 | VINCENTE CLASSIFICA CAPOCANNONIERI | Kylian Mbappe
VINCENTE CLASSIFICA CAPOCANNONIERI;Lautaro Martinez;;;;NON_MAPPATO;famiglia non riconosciuta;1;1;STARCASINO;CALCIO | ITALIA - I DIVISIONE | Serie A 25/26 | VINCENTE CLASSIFICA CAPOCANNONIERI | Lautaro Martinez
VINCENTE CLASSIFICA CAPOCANNONIERI INFO AGG;Ante Budimir;;;;NON_MAPPATO;famiglia non riconosciuta;1;1;MARATHON;CALCIO | SPAGNA - I DIVISIONE | Liga 2026/2027 | VINCENTE CLASSIFICA CAPOCANNONIERI INFO AGG | Ante Budimir
VINCENTE CLASSIFICA CAPOCANNONIERI INFO AGG;Benjamin Nygren;;;;NON_MAPPATO;famiglia non riconosciuta;1;1;MARATHON;CALCIO | SCOZIA - I DIVISIONE | Premiership 2026/27 | VINCENTE CLASSIFICA CAPOCANNONIERI INFO AGG | Benjamin Nygren
VINCENTE CLASSIFICA CAPOCANNONIERI INFO AGG;Esteban Lepaul;;;;NON_MAPPATO;famiglia non riconosciuta;1;1;MARATHON;CALCIO | FRANCIA - I DIVISIONE | Ligue 1 2026/2027 | VINCENTE CLASSIFICA CAPOCANNONIERI INFO AGG | Esteban Lepaul
VINCENTE CLASSIFICA CAPOCANNONIERI INFO AGG;Goncalo Ramos;;;;NON_MAPPATO;famiglia non riconosciuta;1;1;MARATHON;CALCIO | ITALIA - I DIVISIONE | Serie A 2026/27 | VINCENTE CLASSIFICA CAPOCANNONIERI INFO AGG | Goncalo Ramos
VINCENTE CLASSIFICA CAPOCANNONIERI INFO AGG;Kylian Mbappe (Real Madrid);;;;NON_MAPPATO;famiglia non riconosciuta;1;1;MARATHON;CALCIO | EUROPA - CHAMPIONS LEAGUE | UEFA Champions League 26/27 | VINCENTE CLASSIFICA CAPOCANNONIERI INFO AGG | Kylian Mbappe (Real Madrid)
VINCENTE CLASSIFICA CAPOCANNONIERI INFO AGG;Pedro Guilherme;;;;NON_MAPPATO;famiglia non riconosciuta;1;1;WILLIAMHILL;CALCIO | BRASILE - I DIVISIONE | Brasile A 2026 | VINCENTE CLASSIFICA CAPOCANNONIERI INFO AGG | Pedro Guilherme
VINCENTE CLASSIFICA CAPOCANNONIERI INFO AGG;Randal Muani;;;;NON_MAPPATO;famiglia non riconosciuta;1;1;MARATHON;CALCIO | ITALIA - I DIVISIONE | Serie A 2026/27 | VINCENTE CLASSIFICA CAPOCANNONIERI INFO AGG | Randal Muani
VINCENTE CLASSIFICA CAPOCANNONIERI INFO AGG;Raphinha (Barcellona);;;;NON_MAPPATO;famiglia non riconosciuta;1;1;MARATHON;CALCIO | EUROPA - CHAMPIONS LEAGUE | UEFA Champions League 26/27 | VINCENTE CLASSIFICA CAPOCANNONIERI INFO AGG | Raphinha (Barcellona)
VINCENTE CLASSIFICA CAPOCANNONIERI INFO AGG;Sam Surridge;;;;NON_MAPPATO;famiglia non riconosciuta;1;1;WILLIAMHILL;CALCIO | USA - I DIVISIONE | MLS 2026 | VINCENTE CLASSIFICA CAPOCANNONIERI INFO AGG | Sam Surridge
VINCENTE CLASSIFICA CAPOCANNONIERI INFO AGG;Taty Castellanos;;;;NON_MAPPATO;famiglia non riconosciuta;1;1;MARATHON;CALCIO | INGHILTERRA - II DIVISIONE | Championship 2026/27 | VINCENTE CLASSIFICA CAPOCANNONIERI INFO AGG | Taty Castellanos
VINCENTE DEL GRUPPO;Arsenal;;;;NON_MAPPATO;famiglia non riconosciuta;1;1;STANLEYBET;CALCIO | EUROPA - CHAMPIONS LEAGUE | UEFA Champions League 26/27 | VINCENTE DEL GRUPPO | Arsenal
VINCENTE DEL GRUPPO;Barcellona;;;;NON_MAPPATO;famiglia non riconosciuta;1;1;STANLEYBET;CALCIO | EUROPA - CHAMPIONS LEAGUE | UEFA Champions League 26/27 | VINCENTE DEL GRUPPO | Barcellona
VINCENTE DEL GRUPPO;Bayern Monaco;;;;NON_MAPPATO;famiglia non riconosciuta;1;1;STANLEYBET;CALCIO | EUROPA - CHAMPIONS LEAGUE | UEFA Champions League 26/27 | VINCENTE DEL GRUPPO | Bayern Monaco
VINCENTE DEL GRUPPO;Inter;;;;NON_MAPPATO;famiglia non riconosciuta;1;1;STANLEYBET;CALCIO | EUROPA - CHAMPIONS LEAGUE | UEFA Champions League 26/27 | VINCENTE DEL GRUPPO | Inter
VINCENTE DEL GRUPPO;Man City;;;;NON_MAPPATO;famiglia non riconosciuta;1;1;STANLEYBET;CALCIO | EUROPA - CHAMPIONS LEAGUE | UEFA Champions League 26/27 | VINCENTE DEL GRUPPO | Man City
VINCENTE DEL GRUPPO;Psg;;;;NON_MAPPATO;famiglia non riconosciuta;1;1;STANLEYBET;CALCIO | EUROPA - CHAMPIONS LEAGUE | UEFA Champions League 26/27 | VINCENTE DEL GRUPPO | Psg
VINCENTE DEL GRUPPO;Roma;;;;NON_MAPPATO;famiglia non riconosciuta;1;1;STANLEYBET;CALCIO | EUROPA - CHAMPIONS LEAGUE | UEFA Champions League 26/27 | VINCENTE DEL GRUPPO | Roma
VINCENTE DEL QUARTO;Aryna Sabalenka;;;;NON_MAPPATO;famiglia non riconosciuta;1;1;DOMUSBET;TENNIS | US OPEN | Us Open Femminile 2026 - Primo Quarto | VINCENTE DEL QUARTO | Aryna Sabalenka
VINCENTE DEL QUARTO;Elena Rybakina;;;;NON_MAPPATO;famiglia non riconosciuta;1;1;DOMUSBET;TENNIS | US OPEN | Us Open Femminile 2026 - Quarto Quarto | VINCENTE DEL QUARTO | Elena Rybakina
VINCENTE DEL QUARTO;Iva Jovic;;;;NON_MAPPATO;famiglia non riconosciuta;1;1;DOMUSBET;TENNIS | US OPEN | Us Open Femminile 2026 - Terzo Quarto | VINCENTE DEL QUARTO | Iva Jovic
VINCENTE DEL QUARTO;Jessica Pegula;;;;NON_MAPPATO;famiglia non riconosciuta;1;1;DOMUSBET;TENNIS | US OPEN | Us Open Femminile 2026 - Secondo Quarto | VINCENTE DEL QUARTO | Jessica Pegula
VINCENTE DEL QUARTO;Mirra Andreeva;;;;NON_MAPPATO;famiglia non riconosciuta;1;1;DOMUSBET;TENNIS | TORNEO DI SINGAPORE | Wta Singapore 2026 - Primo Quarto | VINCENTE DEL QUARTO | Mirra Andreeva
VINCENTE INFO AGG;Ajax;;;;NON_MAPPATO;famiglia non riconosciuta;1;1;WILLIAMHILL;CALCIO | OLANDA - I DIVISIONE | Eredivisie 2026/27 | VINCENTE INFO AGG | Ajax
VINCENTE INFO AGG;Aston Villa;;;;NON_MAPPATO;famiglia non riconosciuta;1;1;WILLIAMHILL;CALCIO | INGHILTERRA - I DIVISIONE | Premier League 26/27 | VINCENTE INFO AGG | Aston Villa
VINCENTE INFO AGG;Atalanta;;;;NON_MAPPATO;famiglia non riconosciuta;1;1;WILLIAMHILL;CALCIO | ITALIA - I DIVISIONE | Serie A 2026/27 | VINCENTE INFO AGG | Atalanta
VINCENTE INFO AGG;BAYERN;;;;NON_MAPPATO;famiglia non riconosciuta;1;1;WILLIAMHILL;CALCIO | GERMANIA - COPPA DFB POKAL | DFB Cup 25/26 | VINCENTE INFO AGG | BAYERN
VINCENTE INFO AGG;Bukayo Saka;;;;NON_MAPPATO;famiglia non riconosciuta;1;1;WILLIAMHILL;CALCIO | PALLONE D'ORO FIFA | Pallone D oro 2026 | VINCENTE INFO AGG | Bukayo Saka
VINCENTE INFO AGG;Cork City;;;;NON_MAPPATO;famiglia non riconosciuta;1;1;WILLIAMHILL;CALCIO | IRLANDA - II DIVISIONE | Irlanda 2 - 2026 | VINCENTE INFO AGG | Cork City
VINCENTE INFO AGG;Declan Rice;;;;NON_MAPPATO;famiglia non riconosciuta;1;1;WILLIAMHILL;CALCIO | PALLONE D'ORO FIFA | Pallone D oro 2026 | VINCENTE INFO AGG | Declan Rice
VINCENTE INFO AGG;Everton;;;;NON_MAPPATO;famiglia non riconosciuta;1;1;WILLIAMHILL;CALCIO | INGHILTERRA - I DIVISIONE | Premier League 26/27 | VINCENTE INFO AGG | Everton
VINCENTE INFO AGG;FC Copenhagen;;;;NON_MAPPATO;famiglia non riconosciuta;1;1;WILLIAMHILL;CALCIO | DANIMARCA - I DIVISIONE | Superligaen 2026/27 | VINCENTE INFO AGG | FC Copenhagen
VINCENTE INFO AGG;FC Salisburgo;;;;NON_MAPPATO;famiglia non riconosciuta;1;1;WILLIAMHILL;CALCIO | AUSTRIA - I DIVISIONE | Bundesliga (AUT) 2026/27 | VINCENTE INFO AGG | FC Salisburgo
VINCENTE INFO AGG;Federico Valverde;;;;NON_MAPPATO;famiglia non riconosciuta;1;1;WILLIAMHILL;CALCIO | PALLONE D'ORO FIFA | Pallone D oro 2026 | VINCENTE INFO AGG | Federico Valverde
VINCENTE INFO AGG;Francia;;;;NON_MAPPATO;famiglia non riconosciuta;1;1;WILLIAMHILL;CALCIO | MONDO - MONDIALI | Mondiali 2030 | VINCENTE INFO AGG | Francia
VINCENTE INFO AGG;Galatasaray;;;;NON_MAPPATO;famiglia non riconosciuta;1;1;WILLIAMHILL;CALCIO | TURCHIA - I DIVISIONE | Super Lig 2026/27 | VINCENTE INFO AGG | Galatasaray
VINCENTE INFO AGG;HAALAND E B;;;;NON_MAPPATO;famiglia non riconosciuta;1;1;WILLIAMHILL;CALCIO | PALLONE D'ORO FIFA | Pallone D oro 2026 | VINCENTE INFO AGG | HAALAND E B
VINCENTE INFO AGG;Harry Kane;;;;NON_MAPPATO;famiglia non riconosciuta;1;1;WILLIAMHILL;CALCIO | PALLONE D'ORO FIFA | Pallone D oro 2026 | VINCENTE INFO AGG | Harry Kane
VINCENTE INFO AGG;INGHILTERRA;;;;NON_MAPPATO;famiglia non riconosciuta;1;1;WILLIAMHILL;CALCIO | MONDO - MONDIALI | Mondiali 2026 | VINCENTE INFO AGG | INGHILTERRA
VINCENTE INFO AGG;Italia;;;;NON_MAPPATO;famiglia non riconosciuta;1;1;WILLIAMHILL;CALCIO | MONDO - MONDIALI | Mondiali 2030 | VINCENTE INFO AGG | Italia
VINCENTE INFO AGG;Jude Bellingham;;;;NON_MAPPATO;famiglia non riconosciuta;1;1;WILLIAMHILL;CALCIO | PALLONE D'ORO FIFA | Pallone D oro 2026 | VINCENTE INFO AGG | Jude Bellingham
VINCENTE INFO AGG;Junior;;;;NON_MAPPATO;famiglia non riconosciuta;1;1;WILLIAMHILL;CALCIO | AMERICA - COPPA LIBERTADORES | Copa Libertadores 2026 | VINCENTE INFO AGG | Junior
VINCENTE INFO AGG;KANE H;;;;NON_MAPPATO;famiglia non riconosciuta;1;1;WILLIAMHILL;CALCIO | PALLONE D'ORO FIFA | Pallone D oro 2026 | VINCENTE INFO AGG | KANE H
VINCENTE INFO AGG;KuPS Kuopio;;;;NON_MAPPATO;famiglia non riconosciuta;1;1;WILLIAMHILL;CALCIO | FINLANDIA - I DIVISIONE | Veikkausliiga 2026 | VINCENTE INFO AGG | KuPS Kuopio
VINCENTE INFO AGG;LAZIO;;;;NON_MAPPATO;famiglia non riconosciuta;1;1;WILLIAMHILL;CALCIO | ITALIA - COPPA | Coppa Italia 25/26 | VINCENTE INFO AGG | LAZIO
VINCENTE INFO AGG;Lech Poznan;;;;NON_MAPPATO;famiglia non riconosciuta;1;1;WILLIAMHILL;CALCIO | POLONIA - I DIVISIONE | Ekstraklasa 2026/27 | VINCENTE INFO AGG | Lech Poznan
VINCENTE INFO AGG;Legia Varsavia;;;;NON_MAPPATO;famiglia non riconosciuta;1;1;WILLIAMHILL;CALCIO | POLONIA - I DIVISIONE | Ekstraklasa 2026/27 | VINCENTE INFO AGG | Legia Varsavia
VINCENTE INFO AGG;Liverpool;;;;NON_MAPPATO;famiglia non riconosciuta;1;1;WILLIAMHILL;CALCIO | INGHILTERRA - I DIVISIONE | Premier League 26/27 | VINCENTE INFO AGG | Liverpool
VINCENTE INFO AGG;Olympiakos;;;;NON_MAPPATO;famiglia non riconosciuta;1;1;WILLIAMHILL;CALCIO | GRECIA - I DIVISIONE | Super League 1 2026/27 | VINCENTE INFO AGG | Olympiakos
VINCENTE INFO AGG;Palmeiras;;;;NON_MAPPATO;famiglia non riconosciuta;1;1;WILLIAMHILL;CALCIO | BRASILE - I DIVISIONE | Brasile A 2026 | VINCENTE INFO AGG | Palmeiras
VINCENTE INFO AGG;Porto;;;;NON_MAPPATO;famiglia non riconosciuta;1;1;WILLIAMHILL;CALCIO | PORTOGALLO - I DIVISIONE | Primera Liga 2026/27 | VINCENTE INFO AGG | Porto
VINCENTE INFO AGG;Portogallo;;;;NON_MAPPATO;famiglia non riconosciuta;1;1;WILLIAMHILL;CALCIO | MONDO - MONDIALI | Mondiali 2030 | VINCENTE INFO AGG | Portogallo
VINCENTE INFO AGG;Rodri;;;;NON_MAPPATO;famiglia non riconosciuta;1;1;WILLIAMHILL;CALCIO | PALLONE D'ORO FIFA | Pallone D oro 2026 | VINCENTE INFO AGG | Rodri
VINCENTE INFO AGG;Shamrock Rovers;;;;NON_MAPPATO;famiglia non riconosciuta;1;1;WILLIAMHILL;CALCIO | IRLANDA - I DIVISIONE | Premier Division 2026 | VINCENTE INFO AGG | Shamrock Rovers
VINCENTE INFO AGG;Sirius;;;;NON_MAPPATO;famiglia non riconosciuta;1;1;WILLIAMHILL;CALCIO | SVEZIA - I DIVISIONE | Allsvenskanliga 2026 | VINCENTE INFO AGG | Sirius
VINCENTE INFO AGG;Slovan Bratislava;;;;NON_MAPPATO;famiglia non riconosciuta;1;1;WILLIAMHILL;CALCIO | SLOVACCHIA - I DIVISIONE | Super Liga 2026/27 | VINCENTE INFO AGG | Slovan Bratislava
VINCENTE INFO AGG;Sporting Cristal;;;;NON_MAPPATO;famiglia non riconosciuta;1;1;WILLIAMHILL;CALCIO | AMERICA - COPPA LIBERTADORES | Copa Libertadores 2026 | VINCENTE INFO AGG | Sporting Cristal
VINCENTE INFO AGG;Tottenham;;;;NON_MAPPATO;famiglia non riconosciuta;1;1;WILLIAMHILL;CALCIO | INGHILTERRA - I DIVISIONE | Premier League 26/27 | VINCENTE INFO AGG | Tottenham
VINCENTE INFO AGG;Viking;;;;NON_MAPPATO;famiglia non riconosciuta;1;1;WILLIAMHILL;CALCIO | NORVEGIA - I DIVISIONE | Eliteserien 2026 | VINCENTE INFO AGG | Viking
VINCENTE INFO AGG;Vinicius Jr,;;;;NON_MAPPATO;famiglia non riconosciuta;1;1;WILLIAMHILL;CALCIO | PALLONE D'ORO FIFA | Pallone D oro 2026 | VINCENTE INFO AGG | Vinicius Jr,
VINCENTE INFO AGG;Vitinha;;;;NON_MAPPATO;famiglia non riconosciuta;1;1;WILLIAMHILL;CALCIO | PALLONE D'ORO FIFA | Pallone D oro 2026 | VINCENTE INFO AGG | Vitinha
VINCENTE INFO AGG;Young Boys;;;;NON_MAPPATO;famiglia non riconosciuta;1;1;WILLIAMHILL;CALCIO | SVIZZERA - I DIVISIONE | Super League 2026/27 | VINCENTE INFO AGG | Young Boys
VINCENTE INFO AGG  I.A. 5;Aleksandar Kovacevic;;;;NON_MAPPATO;famiglia non riconosciuta;1;1;STARCASINO;TENNIS | TORNEO DI CHENGDU | Atp Chengdu 2026 | VINCENTE INFO AGG I.A. 5 | Aleksandar Kovacevic
VINCENTE INFO AGG  I.A. 5;Andrey Rublev;;;;NON_MAPPATO;famiglia non riconosciuta;1;1;STARCASINO;TENNIS | TORNEO DI HANGZHOU | Atp Hangzhou 2026 | VINCENTE INFO AGG I.A. 5 | Andrey Rublev
VINCENTE INFO AGG  I.A. 5;Arthur Fils;;;;NON_MAPPATO;famiglia non riconosciuta;1;1;STARCASINO;TENNIS | AUSTRALIAN OPEN | Australian Open Maschile 27 | VINCENTE INFO AGG I.A. 5 | Arthur Fils
VINCENTE INFO AGG  I.A. 5;Ben Shelton;;;;NON_MAPPATO;famiglia non riconosciuta;1;1;STARCASINO;TENNIS | AUSTRALIAN OPEN | Australian Open Maschile 27 | VINCENTE INFO AGG I.A. 5 | Ben Shelton
VINCENTE INFO AGG  I.A. 5;Carlos Alcaraz;;;;NON_MAPPATO;famiglia non riconosciuta;1;1;STARCASINO;TENNIS | AUSTRALIAN OPEN | Australian Open Maschile 27 | VINCENTE INFO AGG I.A. 5 | Carlos Alcaraz
VINCENTE INFO AGG  I.A. 5;Daniil Medvedev;;;;NON_MAPPATO;famiglia non riconosciuta;1;1;MARATHON;TENNIS | TORNEO DI HANGZHOU | Atp Hangzhou 2026 | VINCENTE INFO AGG I.A. 5 | Daniil Medvedev
VINCENTE INFO AGG  I.A. 5;Denis Shapovalov;;;;NON_MAPPATO;famiglia non riconosciuta;1;1;MARATHON;TENNIS | TORNEO DI CHENGDU | Atp Chengdu 2026 | VINCENTE INFO AGG I.A. 5 | Denis Shapovalov
VINCENTE INFO AGG  I.A. 5;Elena Rybakina;;;;NON_MAPPATO;famiglia non riconosciuta;1;1;STARCASINO;TENNIS | AUSTRALIAN OPEN | Australian Open Femminile 27 | VINCENTE INFO AGG I.A. 5 | Elena Rybakina
VINCENTE INFO AGG  I.A. 5;Jakub Mensik;;;;NON_MAPPATO;famiglia non riconosciuta;1;1;STARCASINO;TENNIS | AUSTRALIAN OPEN | Australian Open Maschile 27 | VINCENTE INFO AGG I.A. 5 | Jakub Mensik
VINCENTE INFO AGG  I.A. 5;Jannik Sinner;;;;NON_MAPPATO;famiglia non riconosciuta;1;1;WILLIAMHILL;TENNIS | AUSTRALIAN OPEN | Australian Open Maschile 27 | VINCENTE INFO AGG I.A. 5 | Jannik Sinner
VINCENTE INFO AGG  I.A. 5;Jessica Pegula;;;;NON_MAPPATO;famiglia non riconosciuta;1;1;STARCASINO;TENNIS | AUSTRALIAN OPEN | Australian Open Femminile 27 | VINCENTE INFO AGG I.A. 5 | Jessica Pegula
VINCENTE INFO AGG  I.A. 5;Juncheng Shang;;;;NON_MAPPATO;famiglia non riconosciuta;1;1;MARATHON;TENNIS | TORNEO DI CHENGDU | Atp Chengdu 2026 | VINCENTE INFO AGG I.A. 5 | Juncheng Shang
VINCENTE INFO AGG  I.A. 5;Karolina Muchova;;;;NON_MAPPATO;famiglia non riconosciuta;1;1;ADMIRAL;TENNIS | AUSTRALIAN OPEN | Australian Open Femminile 27 | VINCENTE INFO AGG I.A. 5 | Karolina Muchova
VINCENTE INFO AGG  I.A. 5;Lorenzo Musetti;;;;NON_MAPPATO;famiglia non riconosciuta;1;1;WILLIAMHILL;TENNIS | US OPEN | Us Open Maschile 27 | VINCENTE INFO AGG I.A. 5 | Lorenzo Musetti
VINCENTE INFO AGG  I.A. 5;Tomas Machac;;;;NON_MAPPATO;famiglia non riconosciuta;1;1;STARCASINO;TENNIS | AUSTRALIAN OPEN | Australian Open Maschile 27 | VINCENTE INFO AGG I.A. 5 | Tomas Machac
VINCENTE QUALFICHE;Antonelli A.K.;;;;NON_MAPPATO;famiglia non riconosciuta;1;1;ADMIRAL;AUTOMOBILISMO | MONDO - CAMPIONATO FORMULA 1 | GP Spa Francorchamps QUALIFICHE | VINCENTE QUALFICHE | Antonelli A.K.
VINCENTE QUALIFICHE;Gasly P.;;;;NON_MAPPATO;famiglia non riconosciuta;1;1;DOMUSBET;AUTOMOBILISMO | MONDO - CAMPIONATO FORMULA 1 | GP Baku QUALIFICHE | VINCENTE QUALIFICHE | Gasly P.
VINCENTE QUALIFICHE;Norris L.;;;;NON_MAPPATO;famiglia non riconosciuta;1;1;DOMUSBET;AUTOMOBILISMO | MONDO - CAMPIONATO FORMULA 1 | GP Baku QUALIFICHE | VINCENTE QUALIFICHE | Norris L.
VINCENTE SENZA INFO1;Norris L.;;;;NON_MAPPATO;famiglia non riconosciuta;1;1;DOMUSBET;AUTOMOBILISMO | MONDO - CAMPIONATO FORMULA 1 | GP Baku GARA | VINCENTE SENZA INFO1 | Norris L.
VINCENTE SENZA INFO1;Piastri O.;;;;NON_MAPPATO;famiglia non riconosciuta;1;1;DOMUSBET;AUTOMOBILISMO | MONDO - CAMPIONATO FORMULA 1 | GP Baku GARA | VINCENTE SENZA INFO1 | Piastri O.
VINCENTE SENZA SQUADRA X;Como;;;;NON_MAPPATO;famiglia non riconosciuta;1;1;STANLEYBET;CALCIO | ITALIA - I DIVISIONE | Serie A 2026/2027 Senza Inter | VINCENTE SENZA SQUADRA X | Como
VINCENTE SENZA SQUADRA X;Juventus;;;;NON_MAPPATO;famiglia non riconosciuta;1;1;STANLEYBET;CALCIO | ITALIA - I DIVISIONE | Serie A 2026/2027 Senza Inter | VINCENTE SENZA SQUADRA X | Juventus
VINCENTE SENZA SQUADRA X;Lazio;;;;NON_MAPPATO;famiglia non riconosciuta;1;1;STANLEYBET;CALCIO | ITALIA - I DIVISIONE | Serie A 2026/2027 Senza Inter | VINCENTE SENZA SQUADRA X | Lazio
VINCENTE SENZA SQUADRA X;Lilla;;;;NON_MAPPATO;famiglia non riconosciuta;1;1;STANLEYBET;CALCIO | FRANCIA - I DIVISIONE | Ligue 1 2026/27 Senza PSG | VINCENTE SENZA SQUADRA X | Lilla
VINCENTE SENZA SQUADRA X;Milan;;;;NON_MAPPATO;famiglia non riconosciuta;1;1;STANLEYBET;CALCIO | ITALIA - I DIVISIONE | Serie A 2026/2027 Senza Inter | VINCENTE SENZA SQUADRA X | Milan
VINCENTE SENZA SQUADRA X;Monaco;;;;NON_MAPPATO;famiglia non riconosciuta;1;1;STANLEYBET;CALCIO | FRANCIA - I DIVISIONE | Ligue 1 2026/27 Senza PSG | VINCENTE SENZA SQUADRA X | Monaco
VINCENTE SENZA SQUADRA X I.A.5;Atalanta;;;;NON_MAPPATO;famiglia non riconosciuta;1;1;WILLIAMHILL;CALCIO | ITALIA - I DIVISIONE | Serie A 2026/2027 Senza Inter | VINCENTE SENZA SQUADRA X I.A.5 | Atalanta
VINCENTE SENZA SQUADRA X I.A.5;Lione;;;;NON_MAPPATO;famiglia non riconosciuta;1;1;ADMIRAL;CALCIO | FRANCIA - I DIVISIONE | Ligue 1 2026/27 Senza PSG | VINCENTE SENZA SQUADRA X I.A.5 | Lione
VINCENTE SENZA SQUADRA X I.A.5;Napoli;;;;NON_MAPPATO;famiglia non riconosciuta;1;1;ADMIRAL;CALCIO | ITALIA - I DIVISIONE | Serie A 2026/2027 Senza Inter | VINCENTE SENZA SQUADRA X I.A.5 | Napoli
VINCENTE SENZA SQUADRA X I.A.5;Rb Lipsia;;;;NON_MAPPATO;famiglia non riconosciuta;1;1;STARCASINO;CALCIO | GERMANIA - I DIVISIONE | Bundesliga 2026/2027 Senza Bayern Monaco | VINCENTE SENZA SQUADRA X I.A.5 | Rb Lipsia
VINCENTE SENZA SQUADRE X Y I.A. 5;Hearts;;;;NON_MAPPATO;famiglia non riconosciuta;1;1;STARCASINO;CALCIO | SCOZIA - I DIVISIONE | Premiership 2026/27 Senza Celtic e Rangers | VINCENTE SENZA SQUADRE X Y I.A. 5 | Hearts
VINCENTE SENZA SQUADRE X Y I.A. 5;Villarreal;;;;NON_MAPPATO;famiglia non riconosciuta;1;1;WILLIAMHILL;CALCIO | SPAGNA - I DIVISIONE | Liga 25/26 Senza Real Madrid e Barcellona | VINCENTE SENZA SQUADRE X Y I.A. 5 | Villarreal
VINCENTE SENZA X;AZ;;;;NON_MAPPATO;famiglia non riconosciuta;1;1;SPORTBET;CALCIO | OLANDA - I DIVISIONE | Eredivisie 2026/27 Senza PSV | VINCENTE SENZA X | AZ
VINCENTE SENZA X;Atalanta;;;;NON_MAPPATO;famiglia non riconosciuta;1;1;BBET;CALCIO | ITALIA - I DIVISIONE | Serie A 2026/2027 Senza Inter | VINCENTE SENZA X | Atalanta
VINCENTE SENZA X;Marsiglia;;;;NON_MAPPATO;famiglia non riconosciuta;1;1;BBET;CALCIO | FRANCIA - I DIVISIONE | Ligue 1 2026/27 Senza PSG | VINCENTE SENZA X | Marsiglia
VINCENTE SENZA X;Monaco;;;;NON_MAPPATO;famiglia non riconosciuta;1;1;BBET;CALCIO | FRANCIA - I DIVISIONE | Ligue 1 2026/27 Senza PSG | VINCENTE SENZA X | Monaco
VINCENTE SENZA X E Y;Athletic Bilbao;;;;NON_MAPPATO;famiglia non riconosciuta;1;1;BBET;CALCIO | SPAGNA - I DIVISIONE | Liga 2026/27 Senza Real Madrid e Barcellona | VINCENTE SENZA X E Y | Athletic Bilbao
VINCENTE+CAPOCANNONIERE;Inter + Martinez L. (Serie A 2026/2027);;;;NON_MAPPATO;famiglia non riconosciuta;1;1;WILLIAMHILL;CALCIO | ITALIA - I DIVISIONE | Serie A 2026/27 | VINCENTE+CAPOCANNONIERE | Inter + Martinez L. (Serie A 2026/2027)
VINCENTE+CAPOCANNONIERE;Roma + Malen D. (Serie A 2026/2027);;;;NON_MAPPATO;famiglia non riconosciuta;1;1;SPORTBET;CALCIO | ITALIA - I DIVISIONE | Serie A 2026/27 | VINCENTE+CAPOCANNONIERE | Roma + Malen D. (Serie A 2026/2027)
VINCENTE+CAPOCANNONIERE;Spagna e Kylian Mbappe;;;;NON_MAPPATO;famiglia non riconosciuta;1;1;SPORTBET;CALCIO | MONDO - MONDIALI | Mondiali 2026 | VINCENTE+CAPOCANNONIERE | Spagna e Kylian Mbappe
X O OVER INFO1 O GG;Si;;;;NON_MAPPATO;famiglia non riconosciuta;1;1;STARCASINO;CALCIO | EUROPA - UEFA NATIONS LEAGUE | Norvegia - Portogallo | X O OVER INFO1 O GG | Si
X O UN;NO;;;;NON_MAPPATO;famiglia non riconosciuta;1;1;DOMUSBET;CALCIO | BOLIVIA - I DIVISIONE | Guabira Montero - Club Aurora | X O UN | NO
X O UNDER INFO1 O NG;Si;;;;NON_MAPPATO;famiglia non riconosciuta;1;1;STARCASINO;CALCIO | EUROPA - UEFA NATIONS LEAGUE | Lituania - Azerbaigian | X O UNDER INFO1 O NG | Si
X2 + MULTIGOAL INFO1;X2+ MULTIGOAL;;;;NON_MAPPATO;famiglia non riconosciuta;1;1;STARCASINO;CALCIO | ITALIA - II DIVISIONE | Avellino - Palermo | X2 + MULTIGOAL INFO1 | X2+ MULTIGOAL
X2 + MULTIGOL INFO1-INFO2;SI;SI;;;NON_MAPPATO;famiglia non riconosciuta;1;1;DOMUSBET;CALCIO | ITALIA - I DIVISIONE | Torino - Roma | X2 + MULTIGOL INFO1-INFO2 | SI
X2 + U/O INFO1 - INFO2°T;X2 + OVER;;;;NON_MAPPATO;famiglia non riconosciuta;1;1;MARATHON;CALCIO | EUROPA - UEFA NATIONS LEAGUE | Norvegia - Portogallo | X2 + U/O INFO1 - INFO2°T | X2 + OVER
X2 + U/O TEMPO;X2 + UN;;;;NON_MAPPATO;famiglia non riconosciuta;1;1;SPORTBET;CALCIO | EUROPA - UEFA NATIONS LEAGUE | Serbia - Olanda | X2 + U/O TEMPO | X2 + UN
X2 + U/O TEMPO;X2 + UNDER;;;;NON_MAPPATO;famiglia non riconosciuta;1;1;360BET;CALCIO | EUROPA - UEFA NATIONS LEAGUE | Repubblica Ceca - Croazia | X2 + U/O TEMPO | X2 + UNDER
X2 + UNDER/OVER;X2 + OVER;;;;NON_MAPPATO;famiglia non riconosciuta;1;1;360BET;CALCIO | EUROPA - UEFA NATIONS LEAGUE | Serbia - Olanda | X2 + UNDER/OVER | X2 + OVER
X2/X;SI;;;;NON_MAPPATO;famiglia non riconosciuta;1;1;DOMUSBET;CALCIO | ITALIA - III DIVISIONE | Treviso - Desenzano | X2/X | SI
1X2;1;;1X2;1;MAPPATO;;238909;81270;360BET, BBET, DOMUSBET, MARATHON, SPORTBET, STANLEYBET, STARCASINO, TOTOSI, WILLIAMHILL;CALCIO | Serie A | Genoa - Fiorentina | 1X2 | 1
1X2;2;;1X2;2;MAPPATO;;105305;57022;360BET, BBET, DOMUSBET, MARATHON, SPORTBET, STANLEYBET, STARCASINO, TOTOSI, WILLIAMHILL;CALCIO | Serie A | Inter - Parma Calcio | 1X2 | 2
1X2;X;;1X2;X;MAPPATO;;50517;22318;360BET, BBET, DOMUSBET, MARATHON, SPORTBET, STANLEYBET, STARCASINO, TOTOSI, WILLIAMHILL;CALCIO | Serie A | Como - Roma | 1X2 | X
DOPPIA CHANCE;1X;;Doppia Chance;1X;MAPPATO;;49532;22744;DOMUSBET, STANLEYBET;CALCIO | EUROPA - UEFA NATIONS LEAGUE | Italia - Belgio | DOPPIA CHANCE | 1X
DOPPIA CHANCE;X2;;Doppia Chance;X2;MAPPATO;;35157;20507;DOMUSBET, STANLEYBET;CALCIO | ITALIA - I DIVISIONE | Fiorentina - Napoli | DOPPIA CHANCE | X2
1X2 + U/O;1 + OV;;1X2;1;MAPPATO;;12211;8314;BBET, DOMUSBET, SPORTBET, STANLEYBET, TOTOSI;CALCIO | EUROPA - UEFA NATIONS LEAGUE | Danimarca - Galles | 1X2 + U/O | 1 + OV
DOPPIA CHANCE;12;;Doppia Chance;12;MAPPATO;;8075;3529;DOMUSBET, STANLEYBET;CALCIO | ITALIA - III DIVISIONE | Pergolettese - Folgore Caratese | DOPPIA CHANCE | 12
1X2 + GG/NG;1+GG;;1X2;1;MAPPATO;;5699;2990;DOMUSBET;CALCIO | EUROPA - UEFA NATIONS LEAGUE | Turchia - Francia | 1X2 + GG/NG | 1+GG
1X2 + U/O;2 + OV;;1X2;2;MAPPATO;;5116;4035;BBET, DOMUSBET, SPORTBET, STANLEYBET, TOTOSI;CALCIO | EUROPA - UEFA NATIONS LEAGUE | Serbia - Olanda | 1X2 + U/O | 2 + OV
1X2 INFO1°T;1;;1X2;1;MAPPATO;;4442;2595;DOMUSBET;CALCIO | AFRICA - QUAL. COPPA D'AFRICA | Marocco - Gabon | 1X2 INFO1°T | 1
1X2 + GG/NG;2+GG;;1X2;2;MAPPATO;;4088;2697;DOMUSBET;CALCIO | INGHILTERRA - I DIVISIONE | Bournemouth - Liverpool | 1X2 + GG/NG | 2+GG
1X2 INFO1°T;X;;1X2;X;MAPPATO;;2945;1403;DOMUSBET;CALCIO | ITALIA - II DIVISIONE | Juve Stabia - Cesena | 1X2 INFO1°T | X
RISULTATO ESATTO;2-1;;Risultato Esatto;2-1;MAPPATO;;2721;1865;360BET, BBET, DOMUSBET, MARATHON, SPORTBET, STANLEYBET, STARCASINO, TOTOSI, WILLIAMHILL;CALCIO | EUROPA - UEFA NATIONS LEAGUE | Austria - Kosovo | RISULTATO ESATTO | 2-1
1X2 CORNER T.R;1;;1X2;1;MAPPATO;;2445;1653;DOMUSBET;CALCIO | ITALIA - I DIVISIONE | Juventus - Atalanta | 1X2 CORNER T.R | 1
1X2 HANDICAP;1;;1X2;1;MAPPATO;;2059;1693;360BET, BBET, DOMUSBET, SPORTBET, STANLEYBET, STARCASINO, TOTOSI, WILLIAMHILL;CALCIO | EUROPA - UEFA NATIONS LEAGUE | Germania - Grecia | 1X2 HANDICAP | 1
RISULTATO ESATTO;2-0;;Risultato Esatto;2-0;MAPPATO;;1983;1553;360BET, BBET, DOMUSBET, MARATHON, SPORTBET, STANLEYBET, STARCASINO, TOTOSI, WILLIAMHILL;CALCIO | ITALIA - III DIVISIONE | Perugia - AC Reggiana 1919 | RISULTATO ESATTO | 2-0
RISULTATO ESATTO;1-2;;Risultato Esatto;1-2;MAPPATO;;1764;1324;360BET, BBET, DOMUSBET, MARATHON, SPORTBET, STANLEYBET, STARCASINO, TOTOSI, WILLIAMHILL;CALCIO | EUROPA - UEFA NATIONS LEAGUE | Serbia - Olanda | RISULTATO ESATTO | 1-2
RISULTATO ESATTO;3-1;;Risultato Esatto;3-1;MAPPATO;;1700;1282;360BET, BBET, DOMUSBET, MARATHON, SPORTBET, STANLEYBET, STARCASINO, TOTOSI, WILLIAMHILL;CALCIO | EUROPA - UEFA NATIONS LEAGUE | Austria - Kosovo | RISULTATO ESATTO | 3-1
1X2 INFO1°T;2;;1X2;2;MAPPATO;;1674;1208;DOMUSBET;CALCIO | ITALIA - I DIVISIONE | Monza - Sassuolo | 1X2 INFO1°T | 2
RISULTATO ESATTO;2-2;;Risultato Esatto;2-2;MAPPATO;;1651;1149;BBET, DOMUSBET, MARATHON, SPORTBET, STANLEYBET, STARCASINO, TOTOSI, WILLIAMHILL;CALCIO | EUROPA - CHAMPIONS LEAGUE | Arsenal - Lille | RISULTATO ESATTO | 2-2
RISULTATO ESATTO;1-1;;Risultato Esatto;1-1;MAPPATO;;1499;1029;360BET, BBET, DOMUSBET, MARATHON, SPORTBET, STANLEYBET, STARCASINO, TOTOSI, WILLIAMHILL;CALCIO | EUROPA - UEFA NATIONS LEAGUE | Norvegia - Portogallo | RISULTATO ESATTO | 1-1
1X2+MULTIGOL INFO1-INFO2;1;;1X2;1;MAPPATO;;1279;1032;DOMUSBET;CALCIO | EUROPA - EUROPA LEAGUE | Juventus - NEC Nimega | 1X2+MULTIGOL INFO1-INFO2 | 1
1X2 + U/O;1 + UN;;1X2;1;MAPPATO;;1253;984;BBET, DOMUSBET, SPORTBET, STANLEYBET, TOTOSI;CALCIO | EUROPA - UEFA NATIONS LEAGUE | Danimarca - Galles | 1X2 + U/O | 1 + UN
RISULTATO ESATTO;0-2;;Risultato Esatto;0-2;MAPPATO;;1210;999;BBET, DOMUSBET, MARATHON, SPORTBET, STANLEYBET, STARCASINO, TOTOSI, WILLIAMHILL;CALCIO | EUROPA - UEFA NATIONS LEAGUE | Germania - Grecia | RISULTATO ESATTO | 0-2
RISULTATO ESATTO;1-3;;Risultato Esatto;1-3;MAPPATO;;1121;946;360BET, BBET, DOMUSBET, MARATHON, SPORTBET, STANLEYBET, STARCASINO, TOTOSI, WILLIAMHILL;CALCIO | EUROPA - UEFA NATIONS LEAGUE | Serbia - Olanda | RISULTATO ESATTO | 1-3
RISULTATO ESATTO;3-0;;Risultato Esatto;3-0;MAPPATO;;949;782;360BET, BBET, DOMUSBET, MARATHON, SPORTBET, STANLEYBET, STARCASINO, TOTOSI, WILLIAMHILL;CALCIO | EUROPA - UEFA NATIONS LEAGUE | Germania - Grecia | RISULTATO ESATTO | 3-0
1X2 + U/O;1 + OVER;;1X2;1;MAPPATO;;863;568;360BET, MARATHON, STARCASINO, WILLIAMHILL;CALCIO | EUROPA - UEFA NATIONS LEAGUE | Germania - Grecia | 1X2 + U/O | 1 + OVER
1X2 + GG/NG;1 + GOAL;;1X2;1;MAPPATO;;856;482;360BET, BBET, MARATHON, SPORTBET, STANLEYBET, STARCASINO, TOTOSI, WILLIAMHILL;CALCIO | EUROPA - UEFA NATIONS LEAGUE | Danimarca - Galles | 1X2 + GG/NG | 1 + GOAL
1X2 TIRI IN PORTA INC. TS;1;;1X2;1;MAPPATO;;742;620;DOMUSBET;CALCIO | EUROPA - UEFA NATIONS LEAGUE | Danimarca - Galles | 1X2 TIRI IN PORTA INC. TS | 1
1X2+U/O INFO1 INFO2°T;1+OV;;1X2;1;MAPPATO;;740;393;DOMUSBET;CALCIO | FRANCIA - I DIVISIONE | Monaco - Lens | 1X2+U/O INFO1 INFO2°T | 1+OV
1X2 HANDICAP;X;;1X2;X;MAPPATO;;737;361;BBET, DOMUSBET, SPORTBET, STANLEYBET, STARCASINO, WILLIAMHILL;CALCIO | PORTOGALLO - I DIVISIONE F. | S.C.U. Torreense - CS Maritimo F | 1X2 HANDICAP | X
1X2 + GG/NG;X+GG;;1X2;X;MAPPATO;;715;446;DOMUSBET;CALCIO | ITALIA - I DIVISIONE | Roma - Inter | 1X2 + GG/NG | X+GG
RISULTATO ESATTO;3-2;;Risultato Esatto;3-2;MAPPATO;;687;518;360BET, BBET, DOMUSBET, MARATHON, SPORTBET, STANLEYBET, STARCASINO, TOTOSI, WILLIAMHILL;CALCIO | EUROPA - UEFA NATIONS LEAGUE | Norvegia - Portogallo | RISULTATO ESATTO | 3-2
RISULTATO ESATTO;2-3;;Risultato Esatto;2-3;MAPPATO;;654;498;BBET, DOMUSBET, MARATHON, SPORTBET, STANLEYBET, TOTOSI, WILLIAMHILL;CALCIO | EUROPA - UEFA NATIONS LEAGUE | Serbia - Olanda | RISULTATO ESATTO | 2-3
1X2 CORNER T.R;2;;1X2;2;MAPPATO;;637;481;DOMUSBET;CALCIO | ITALIA - I DIVISIONE | Roma - Inter | 1X2 CORNER T.R | 2
1X2 CORNER 1°T;1;;1X2;1;MAPPATO;;618;498;DOMUSBET;CALCIO | EUROPA - EUROPA LEAGUE | Celtic - Ferencvaros | 1X2 CORNER 1°T | 1
1X2 HANDICAP;2;;1X2;2;MAPPATO;;529;440;360BET, BBET, DOMUSBET, SPORTBET, STANLEYBET, STARCASINO, TOTOSI, WILLIAMHILL;CALCIO | EUROPA - UEFA NATIONS LEAGUE | Serbia - Olanda | 1X2 HANDICAP | 2
1X2 + GG/NG;2 + GOAL;;1X2;2;MAPPATO;;457;355;360BET, BBET, MARATHON, SPORTBET, STANLEYBET, STARCASINO, TOTOSI, WILLIAMHILL;CALCIO | EUROPA - UEFA NATIONS LEAGUE | Serbia - Olanda | 1X2 + GG/NG | 2 + GOAL
RISULTATO ESATTO;0-3;;Risultato Esatto;0-3;MAPPATO;;450;369;BBET, DOMUSBET, MARATHON, SPORTBET, STANLEYBET, STARCASINO, TOTOSI, WILLIAMHILL;CALCIO | EUROPA - UEFA NATIONS LEAGUE | Serbia - Olanda | RISULTATO ESATTO | 0-3
1X2 CARTELLINI;2;;1X2;2;MAPPATO;;432;268;BBET, DOMUSBET, MARATHON, SPORTBET, STANLEYBET, STARCASINO, WILLIAMHILL;CALCIO | EUROPA - UEFA NATIONS LEAGUE | Germania - Grecia | 1X2 CARTELLINI | 2
1X2 TIRI TOTALI INCL.TS;1;;1X2;1;MAPPATO;;419;385;DOMUSBET, SPORTBET;CALCIO | INGHILTERRA - I DIVISIONE | Tottenham - Aston Villa | 1X2 TIRI TOTALI INCL.TS | 1
RISULTATO ESATTO;1-0;;Risultato Esatto;1-0;MAPPATO;;407;317;BBET, DOMUSBET, MARATHON, SPORTBET, STANLEYBET, STARCASINO, WILLIAMHILL;CALCIO | ITALIA - III DIVISIONE | Scafatese - Altamura | RISULTATO ESATTO | 1-0
RISULTATO ESATTO;3-3;;Risultato Esatto;3-3;MAPPATO;;407;261;BBET, DOMUSBET, MARATHON, SPORTBET, STANLEYBET, STARCASINO, TOTOSI, WILLIAMHILL;CALCIO | ITALIA - III DIVISIONE | Renate - Treviso | RISULTATO ESATTO | 3-3
RISULTATO ESATTO TEMPO;1-1;;Risultato Esatto;1-1;MAPPATO;;404;193;DOMUSBET, STARCASINO, WILLIAMHILL;CALCIO | COLOMBIA - II DIVISIONE | Bogota - Barranquilla | RISULTATO ESATTO TEMPO | 1-1
RISULTATO ESATTO;0-0;;Risultato Esatto;0-0;MAPPATO;;385;256;360BET, BBET, DOMUSBET, MARATHON, SPORTBET, STANLEYBET, STARCASINO, WILLIAMHILL;CALCIO | EUROPA - UEFA NATIONS LEAGUE | Austria - Kosovo | RISULTATO ESATTO | 0-0
1X2 + U/O;2 + OVER;;1X2;2;MAPPATO;;369;312;360BET, MARATHON, STARCASINO, WILLIAMHILL;CALCIO | EUROPA - UEFA NATIONS LEAGUE | Belgio - Francia | 1X2 + U/O | 2 + OVER
RISULTATO ESATTO TEMPO;2-1;;Risultato Esatto;2-1;MAPPATO;;359;184;DOMUSBET, STARCASINO, WILLIAMHILL;CALCIO | ITALIA - II DIVISIONE | Modena - Empoli | RISULTATO ESATTO TEMPO | 2-1
RISULTATO ESATTO TEMPO;2-2;;Risultato Esatto;2-2;MAPPATO;;354;161;DOMUSBET, STARCASINO, WILLIAMHILL;CALCIO | EUROPA - UEFA NATIONS LEAGUE | Norvegia - Portogallo | RISULTATO ESATTO TEMPO | 2-2
1X2 CARTELLINI;1;;1X2;1;MAPPATO;;350;208;BBET, DOMUSBET, SPORTBET, STANLEYBET, STARCASINO, WILLIAMHILL;CALCIO | EUROPA - UEFA NATIONS LEAGUE | Norvegia - Portogallo | 1X2 CARTELLINI | 1
1X2 + GG/NG;1+NG;;1X2;1;MAPPATO;;344;267;DOMUSBET;CALCIO | FRANCIA - I DIVISIONE | Angers - Troyes | 1X2 + GG/NG | 1+NG
1X2 + U/O;2 + UN;;1X2;2;MAPPATO;;341;271;BBET, DOMUSBET, SPORTBET, STANLEYBET, TOTOSI;CALCIO | EUROPA - UEFA NATIONS LEAGUE | Serbia - Olanda | 1X2 + U/O | 2 + UN
1X2+MULTIGOL INFO1-INFO2;2;;1X2;2;MAPPATO;;335;295;DOMUSBET;CALCIO | INGHILTERRA - I DIVISIONE | Brighton - Arsenal | 1X2+MULTIGOL INFO1-INFO2 | 2
1X2+U/O INFO1 INFO2°T;2+OV;;1X2;2;MAPPATO;;331;201;DOMUSBET;CALCIO | EUROPA - UEFA NATIONS LEAGUE | Liechtenstein - Lituania | 1X2+U/O INFO1 INFO2°T | 2+OV
1X2+GIOCATORE INFO1 SEGNA;1 + SEGNA;;1X2;1;MAPPATO;;297;256;DOMUSBET;CALCIO | EUROPA - UEFA NATIONS LEAGUE | Danimarca - Galles | 1X2+GIOCATORE INFO1 SEGNA | 1 + SEGNA
RISULTATO ESATTO TEMPO;1-2;;Risultato Esatto;1-2;MAPPATO;;264;144;DOMUSBET, STARCASINO, WILLIAMHILL;CALCIO | FRANCIA - I DIVISIONE | Marsiglia - PSG | RISULTATO ESATTO TEMPO | 1-2
1X2 FALLI COMMESSI INCL.TS;2;;1X2;2;MAPPATO;;259;130;DOMUSBET;CALCIO | EUROPA - UEFA NATIONS LEAGUE | Olanda - Germania | 1X2 FALLI COMMESSI INCL.TS | 2
RISULTATO ESATTO;0-1;;Risultato Esatto;0-1;MAPPATO;;256;198;BBET, DOMUSBET, MARATHON, SPORTBET, STANLEYBET, STARCASINO, WILLIAMHILL;CALCIO | EUROPA - UEFA NATIONS LEAGUE | Gibilterra - Andorra | RISULTATO ESATTO | 0-1
RISULTATO ESATTO;4-1;;Risultato Esatto;4-1;MAPPATO;;252;234;360BET, BBET, DOMUSBET, MARATHON, SPORTBET, STANLEYBET, STARCASINO, TOTOSI, WILLIAMHILL;CALCIO | EUROPA - UEFA NATIONS LEAGUE | Germania - Grecia | RISULTATO ESATTO | 4-1
RISULTATO ESATTO TEMPO;2-0;;Risultato Esatto;2-0;MAPPATO;;246;152;DOMUSBET, STARCASINO, WILLIAMHILL;CALCIO | ITALIA - I DIVISIONE | Milan - Lecce | RISULTATO ESATTO TEMPO | 2-0
RISULTATO ESATTO;4-2;;Risultato Esatto;4-2;MAPPATO;;223;189;BBET, DOMUSBET, MARATHON, SPORTBET, STANLEYBET, STARCASINO, WILLIAMHILL;CALCIO | EUROPA - UEFA NATIONS LEAGUE | Austria - Kosovo | RISULTATO ESATTO | 4-2
1X2 FALLI COMMESSI INCL.TS;1;;1X2;1;MAPPATO;;219;219;DOMUSBET;CALCIO | EUROPA - UEFA NATIONS LEAGUE | Serbia - Grecia | 1X2 FALLI COMMESSI INCL.TS | 1
RISULTATO ESATTO TEMPO;1-0;;Risultato Esatto;1-0;MAPPATO;;207;114;DOMUSBET, STARCASINO;CALCIO | ITALIA - I DIVISIONE | Milan - Lecce | RISULTATO ESATTO TEMPO | 1-0
1X2 + GG/NG TEMPO INFO1;1+GG;;1X2;1;MAPPATO;;194;115;BBET, DOMUSBET;CALCIO | ITALIA - III DIVISIONE | Scafatese - Altamura | 1X2 + GG/NG TEMPO INFO1 | 1+GG
1X2 TIRI IN PORTA INC. TS;2;;1X2;2;MAPPATO;;193;184;DOMUSBET;CALCIO | ITALIA - I DIVISIONE | Frosinone - Como | 1X2 TIRI IN PORTA INC. TS | 2
RISULTATO ESATTO;2-4;;Risultato Esatto;2-4;MAPPATO;;191;171;BBET, DOMUSBET, MARATHON, SPORTBET, STANLEYBET, WILLIAMHILL;CALCIO | ITALIA - III DIVISIONE | Renate - Treviso | RISULTATO ESATTO | 2-4
RISULTATO ESATTO;4-0;;Risultato Esatto;4-0;MAPPATO;;176;169;BBET, DOMUSBET, MARATHON, SPORTBET, STANLEYBET, TOTOSI, WILLIAMHILL;CALCIO | PORTOGALLO - I DIVISIONE F. | S.C.U. Torreense - CS Maritimo F | RISULTATO ESATTO | 4-0
1X2 + U/O;X + OV;;1X2;X;MAPPATO;;173;101;BBET, DOMUSBET, STANLEYBET;CALCIO | EUROPA - CHAMPIONS LEAGUE | Feyenoord - Como | 1X2 + U/O | X + OV
1X2 + U/O;X + UN;;1X2;X;MAPPATO;;163;95;BBET, DOMUSBET, SPORTBET, STANLEYBET;CALCIO | EUROPA - UEFA NATIONS LEAGUE | Gibilterra - Andorra | 1X2 + U/O | X + UN
1X2 + U/O;1 + UNDER;;1X2;1;MAPPATO;;154;133;360BET, MARATHON, STARCASINO, WILLIAMHILL;CALCIO | EUROPA - UEFA NATIONS LEAGUE | Danimarca - Galles | 1X2 + U/O | 1 + UNDER
1X2;1;1;1X2;1;MAPPATO;;148;99;DOMUSBET, STARCASINO;CALCIO | UNGHERIA - I DIVISIONE F. | Budapest Honved FC - Puskas Akademia Felcsut | 1X2 | 1
RISULTATO ESATTO;1-4;;Risultato Esatto;1-4;MAPPATO;;148;139;BBET, DOMUSBET, MARATHON, SPORTBET, STANLEYBET, WILLIAMHILL;CALCIO | EUROPA - UEFA NATIONS LEAGUE | Serbia - Olanda | RISULTATO ESATTO | 1-4
RISULTATO ESATTO TEMPO;0-1;;Risultato Esatto;0-1;MAPPATO;;146;86;DOMUSBET, STARCASINO;CALCIO | ITALIA - I DIVISIONE | Frosinone - Como | RISULTATO ESATTO TEMPO | 0-1
1X2 TEMPO X;X;;1X2;X;MAPPATO;;144;100;BBET, SPORTBET, TOTOSI;CALCIO | EUROPA - UEFA NATIONS LEAGUE | Lituania - Azerbaigian | 1X2 TEMPO X | X
RISULTATO ESATTO TEMPO;0-0;;Risultato Esatto;0-0;MAPPATO;;141;64;DOMUSBET, STARCASINO, WILLIAMHILL;CALCIO | TUNISIA - I DIVISIONE | Stade Tunisien - Club Africain | RISULTATO ESATTO TEMPO | 0-0
1X2+GIOCATORE  INFO1 SEGNA O IL SUO SOSTITUTO;1+SI;;1X2;1;MAPPATO;;131;94;DOMUSBET;CALCIO | EUROPA - UEFA NATIONS LEAGUE | Georgia - Irlanda del Nord | 1X2+GIOCATORE INFO1 SEGNA O IL SUO SOSTITUTO | 1+SI
1X2+GIOCATORE INFO1 SEGNA;2 + SEGNA;;1X2;2;MAPPATO;;130;106;DOMUSBET;CALCIO | GERMANIA - I DIVISIONE | Borussia Mgladbach - Mainz | 1X2+GIOCATORE INFO1 SEGNA | 2 + SEGNA
1X2 CORNER 1°T;2;;1X2;1;MAPPATO;;129;105;DOMUSBET;CALCIO | EUROPA - UEFA NATIONS LEAGUE | Macedonia del Nord - Svizzera | 1X2 CORNER 1°T | 2
1X2 TEMPO X;1;;1X2;1;MAPPATO;;129;70;360BET, BBET, SPORTBET, TOTOSI;CALCIO | SPAGNA - I DIVISIONE | Barcellona - Getafe | 1X2 TEMPO X | 1
RISULTATO ESATTO MULTIPLO 4;2-0 / 2-1 / 3-0 / 3-1;;Risultato Esatto;2-0;MAPPATO;;129;64;MARATHON, STARCASINO, WILLIAMHILL;CALCIO | EUROPA - UEFA NATIONS LEAGUE | Danimarca - Galles | RISULTATO ESATTO MULTIPLO 4 | 2-0 / 2-1 / 3-0 / 3-1
1X2 + MULTIGOAL INFO1-INFO2;1+MULTIGOAL X-Y;;1X2;1;MAPPATO;;126;87;MARATHON, STARCASINO, WILLIAMHILL;CALCIO | EUROPA - UEFA NATIONS LEAGUE | Germania - Grecia | 1X2 + MULTIGOAL INFO1-INFO2 | 1+MULTIGOAL X-Y
1X2 + GG/NG;2+NG;;1X2;2;MAPPATO;;125;113;DOMUSBET;CALCIO | ITALIA - I DIVISIONE | Frosinone - Como | 1X2 + GG/NG | 2+NG
RISULTATO ESATTO TEMPO;0-2;;Risultato Esatto;0-2;MAPPATO;;124;98;DOMUSBET, STARCASINO;CALCIO | ITALIA - I DIVISIONE | Frosinone - Como | RISULTATO ESATTO TEMPO | 0-2
1X2 + GG/NG;X + GOAL;;1X2;X;MAPPATO;;117;85;BBET, MARATHON, SPORTBET, STANLEYBET, STARCASINO, TOTOSI, WILLIAMHILL;CALCIO | EUROPA - UEFA NATIONS LEAGUE | Israele - Irlanda | 1X2 + GG/NG | X + GOAL
1X2 + GG/NG TEMPO INFO1;2+GG;;1X2;2;MAPPATO;;115;85;BBET, DOMUSBET;CALCIO | ITALIA - III DIVISIONE | Foggia - Sorrento | 1X2 + GG/NG TEMPO INFO1 | 2+GG
1X2+U/O INFO1+GG/NG;1+O+GG;;1X2;1;MAPPATO;;108;74;DOMUSBET;CALCIO | GERMANIA - I DIVISIONE | Bayern Monaco - Union Berlino | 1X2+U/O INFO1+GG/NG | 1+O+GG
1X + GOAL/NOGOAL;1X + Goal;;Goal/NoGoal;NoGoal;MAPPATO;;105;65;STARCASINO, WILLIAMHILL;CALCIO | EUROPA - UEFA NATIONS LEAGUE | Norvegia - Portogallo | 1X + GOAL/NOGOAL | 1X + Goal
1X2;2;2;1X2;2;MAPPATO;;101;77;DOMUSBET, STARCASINO;CALCIO | UCRAINA - COPPA | FC Kulykiv-Bilka - VERES RIVNE | 1X2 | 2
RISULTATO ESATTO;0-4;;Risultato Esatto;0-4;MAPPATO;;101;99;BBET, DOMUSBET, MARATHON, STANLEYBET, STARCASINO, TOTOSI, WILLIAMHILL;CALCIO | EUROPA - UEFA NATIONS LEAGUE | Serbia - Olanda | RISULTATO ESATTO | 0-4
1X2 HCP INFO1 INFO2°T;1;;1X2;1;MAPPATO;;100;95;DOMUSBET;CALCIO | SPAGNA - I DIVISIONE | Barcellona - Racing Santander | 1X2 HCP INFO1 INFO2°T | 1
1X2 + GG/NG;1 + NOGOAL;;1X2;1;MAPPATO;;93;69;BBET, MARATHON, SPORTBET, STANLEYBET, STARCASINO, TOTOSI, WILLIAMHILL;CALCIO | EUROPA - UEFA NATIONS LEAGUE | Germania - Grecia | 1X2 + GG/NG | 1 + NOGOAL
1X2 - INFO1°T;X;;1X2;X;MAPPATO;;91;44;MARATHON, STARCASINO;CALCIO | EUROPA - UEFA NATIONS LEAGUE | Gibilterra - Andorra | 1X2 - INFO1°T | X
1X2 TIRI TOTALI INCL.TS;2;;1X2;2;MAPPATO;;90;80;BBET, DOMUSBET, SPORTBET;CALCIO | EUROPA - UEFA NATIONS LEAGUE | Norvegia - Portogallo | 1X2 TIRI TOTALI INCL.TS | 2
RISULTATO ESATTO;4-3;;Risultato Esatto;4-3;MAPPATO;;88;75;BBET, DOMUSBET, MARATHON, STANLEYBET;CALCIO | EUROPA - CHAMPIONS LEAGUE | Villarreal - Napoli | RISULTATO ESATTO | 4-3
GOAL/NOGOAL PERIODO;SI;;Goal/NoGoal;NoGoal;MAPPATO;;85;26;DOMUSBET;HOCKEY GHIACCIO | FINLANDIA - I DIVISIONE | Lukko Rauma - Vaasan Sport | GOAL/NOGOAL PERIODO | SI
1X2 (NO OT);1;;1X2;1;MAPPATO;;82;33;DOMUSBET, SPORTBET;HOCKEY GHIACCIO | BIELORUSSIA - I DIVISIONE | HK Vitebsk - HC Lokomotiv Orsha | 1X2 (NO OT) | 1
1X2 - INFO1°T;1;;1X2;1;MAPPATO;;82;51;MARATHON, STARCASINO;CALCIO | AMICHEVOLI SQUADRE NAZIONALI | Bolivia - Paraguay | 1X2 - INFO1°T | 1
RISULTATO ESATTO;3-4;;Risultato Esatto;3-4;MAPPATO;;82;71;BBET, DOMUSBET, SPORTBET, STANLEYBET;CALCIO | EUROPA - UEFA NATIONS LEAGUE | Inghilterra - Spagna | RISULTATO ESATTO | 3-4
1X2 HANDICAP INFO1;2;;1X2;2;MAPPATO;;79;31;MARATHON;CALCIO | GRECIA - II DIVISIONE | Panionios - APS Zakynthos | 1X2 HANDICAP INFO1 | 2
1X2+U/O INFO1+GG/NG;2+O+GG;;1X2;2;MAPPATO;;76;64;DOMUSBET;CALCIO | ITALIA - I DIVISIONE | Frosinone - Como | 1X2+U/O INFO1+GG/NG | 2+O+GG
RISULTATO ESATTO MULTIPLO 5;1-1 / 2-1 / 1-2 / 2-2;;Risultato Esatto;1-1;MAPPATO;;76;57;MARATHON, STARCASINO, WILLIAMHILL;CALCIO | EUROPA - UEFA NATIONS LEAGUE | Norvegia - Portogallo | RISULTATO ESATTO MULTIPLO 5 | 1-1 / 2-1 / 1-2 / 2-2
1X2 TEMPO INFO1;X;;1X2;X;MAPPATO;;70;26;STANLEYBET;CALCIO | EUROPA - UEFA NATIONS LEAGUE | Israele - Irlanda | 1X2 TEMPO INFO1 | X
1X2+GIOCATORE  INFO1 SEGNA O IL SUO SOSTITUTO;2+SI;;1X2;2;MAPPATO;;66;61;DOMUSBET;CALCIO | ITALIA - I DIVISIONE | Venezia - Lazio | 1X2+GIOCATORE INFO1 SEGNA O IL SUO SOSTITUTO | 2+SI
X2 + GOAL/NOGOAL;X2 + Goal;;Goal/NoGoal;NoGoal;MAPPATO;;63;51;STARCASINO, WILLIAMHILL;CALCIO | ITALIA - III DIVISIONE | Foggia - Sorrento | X2 + GOAL/NOGOAL | X2 + Goal
1X2 + U/O;2 + UNDER;;1X2;2;MAPPATO;;60;51;360BET, MARATHON, STARCASINO, WILLIAMHILL;CALCIO | ITALIA - III DIVISIONE | S.S.D. Casarano Calcio - Monopoli | 1X2 + U/O | 2 + UNDER
1X2 AL INFO1°MINUTO;X;;1X2;X;MAPPATO;;58;5;DOMUSBET;CALCIO | EUROPA - UEFA NATIONS LEAGUE | Olanda - Germania | 1X2 AL INFO1°MINUTO | X
1X2 + GG/NG TEMPO INFO1;X+GG;;1X2;X;MAPPATO;;57;38;BBET, DOMUSBET;CALCIO | EUROPA - CHAMPIONS LEAGUE | Roma - Real Madrid | 1X2 + GG/NG TEMPO INFO1 | X+GG
1X2 + MULTIGOL;1;;1X2;1;MAPPATO;;56;40;BBET, SPORTBET, TOTOSI;CALCIO | EUROPA - UEFA NATIONS LEAGUE | Danimarca - Galles | 1X2 + MULTIGOL | 1
RISULTATO ESATTO MULTIPLO 4;0-2 / 1-2 / 0-3 / 1-3;;Risultato Esatto;0-2;MAPPATO;;56;55;MARATHON, STARCASINO, WILLIAMHILL;CALCIO | EUROPA - UEFA NATIONS LEAGUE | Serbia - Olanda | RISULTATO ESATTO MULTIPLO 4 | 0-2 / 1-2 / 0-3 / 1-3
1X2 TEMPO;X;;1X2;X;MAPPATO;;55;21;WILLIAMHILL;CALCIO | EUROPA - UEFA NATIONS LEAGUE | Lituania - Azerbaigian | 1X2 TEMPO | X
12 + GOAL/NOGOAL;12 + Goal;;Goal/NoGoal;NoGoal;MAPPATO;;54;23;STARCASINO, WILLIAMHILL;CALCIO | EUROPA - UEFA NATIONS LEAGUE | Norvegia - Portogallo | 12 + GOAL/NOGOAL | 12 + Goal
1X2 CORNER (SOLO TR);1;;1X2;1;MAPPATO;;51;32;MARATHON, STARCASINO, WILLIAMHILL;CALCIO | MESSICO - I DIVISIONE | Club Leon - Juarez | 1X2 CORNER (SOLO TR) | 1
1X2 TEMPO INFO1;1;;1X2;1;MAPPATO;;50;25;STANLEYBET;CALCIO | ITALIA - I DIVISIONE | Inter - Parma | 1X2 TEMPO INFO1 | 1
RISULTATO ESATTO;4-4;;Risultato Esatto;4-4;MAPPATO;;50;46;BBET, DOMUSBET;CALCIO | EUROPA - CHAMPIONS LEAGUE | Villarreal - Napoli | RISULTATO ESATTO | 4-4
1X2+U/O INFO1+GG/NG;1+O+NG;;1X2;1;MAPPATO;;48;39;DOMUSBET;CALCIO | GERMANIA - I DIVISIONE | Bayern Monaco - Union Berlino | 1X2+U/O INFO1+GG/NG | 1+O+NG
1X2 CORNER;2;;1X2;2;MAPPATO;;44;22;360BET, BBET, SPORTBET, STANLEYBET;CALCIO | EUROPA - UEFA NATIONS LEAGUE | Serbia - Olanda | 1X2 CORNER | 2
1X2 HANDICAP INFO1;1;;1X2;1;MAPPATO;;43;24;MARATHON;CALCIO | GRECIA - III DIVISIONE | Pao Rouf - Ethnikos OFPF | 1X2 HANDICAP INFO1 | 1
1X2 + GG/NG;2 + NOGOAL;;1X2;2;MAPPATO;;42;35;360BET, BBET, MARATHON, SPORTBET, STANLEYBET, STARCASINO, WILLIAMHILL;CALCIO | EUROPA - UEFA NATIONS LEAGUE | Serbia - Olanda | 1X2 + GG/NG | 2 + NOGOAL
1X2 - INFO1°T;2;;1X2;2;MAPPATO;;41;38;MARATHON, STARCASINO;CALCIO | EUROPA - UEFA NATIONS LEAGUE | Serbia - Olanda | 1X2 - INFO1°T | 2
1X2+1X2 CORNER ESCL. TS;1+1;;1X2;1;MAPPATO;;40;25;DOMUSBET;CALCIO | ITALIA - I DIVISIONE | Milan - Lecce | 1X2+1X2 CORNER ESCL. TS | 1+1
1X2 TEMPO;1;;1X2;1;MAPPATO;;39;25;WILLIAMHILL;CALCIO | AMERICA - CONCACAF NATIONS LEAGUE | Guyana - Isole Cayman | 1X2 TEMPO | 1
1X2 + MULTIGOAL INFO1-INFO2;2+MULTIGOAL X-Y;;1X2;X;MAPPATO;;38;29;MARATHON, STARCASINO, WILLIAMHILL;CALCIO | EUROPA - UEFA NATIONS LEAGUE | Serbia - Olanda | 1X2 + MULTIGOAL INFO1-INFO2 | 2+MULTIGOAL X-Y
1X2 CORNER;1;;1X2;1;MAPPATO;;37;31;360BET, BBET, SPORTBET, STANLEYBET, TOTOSI;CALCIO | SPAGNA - II DIVISIONE | RCD Maiorca - Almeria | 1X2 CORNER | 1
1X2 INFO1 QUARTO (NO MARGINE);1;;1X2;1;MAPPATO;;35;35;DOMUSBET;BASKET | EUROPA - FIBA EUROPE CUP | Neftchi IK - BC Parnu | 1X2 INFO1 QUARTO (NO MARGINE) | 1
1X2 TEMPO X;2;;1X2;X;MAPPATO;;35;27;360BET, BBET, SPORTBET, TOTOSI;CALCIO | EUROPA - CHAMPIONS LEAGUE | Viking FK - Bayern Monaco | 1X2 TEMPO X | 2
1X2 FUORIGIOCO INCL.TS;1;;1X2;1;MAPPATO;;33;32;DOMUSBET;CALCIO | EUROPA - EUROPA LEAGUE | Juventus - NEC Nimega | 1X2 FUORIGIOCO INCL.TS | 1
ESITO FINALE 1X2;1;;1X2;1;MAPPATO;;33;28;ADMIRAL;CALCIO | MONDO - MONDIALI | Stati Uniti - Paraguay | ESITO FINALE 1X2 | 1
1X2 (NO OT);2;;1X2;2;MAPPATO;;30;14;DOMUSBET;HOCKEY GHIACCIO | FRANCIA - I DIVISIONE | Rapaces de Gap - Grenoble Bruleurs de Loups | 1X2 (NO OT) | 2
1X2 VOLLEY;1;;1X2;1;MAPPATO;;30;28;DOMUSBET;VOLLEY | EUROPA - CAMP. EUROPEO | Belgio - Repubblica Ceca | 1X2 VOLLEY | 1
1X2 + MULTIGOL;2;;1X2;2;MAPPATO;;28;26;BBET, SPORTBET, TOTOSI;CALCIO | EUROPA - UEFA NATIONS LEAGUE | Serbia - Olanda | 1X2 + MULTIGOL | 2
1X2+U/O INFO1 INFO2°T;X+OV;;1X2;X;MAPPATO;;28;10;DOMUSBET;CALCIO | EUROPA - EUROPA LEAGUE | Viktoria Plzen - Union Saint Gilloise | 1X2+U/O INFO1 INFO2°T | X+OV
1X2 + MARCATORE;1 + SEGNA;;1X2;1;MAPPATO;;27;20;BBET, SPORTBET, STANLEYBET, WILLIAMHILL;CALCIO | EUROPA - UEFA NATIONS LEAGUE | Danimarca - Galles | 1X2 + MARCATORE | 1 + SEGNA
1X2 + GG/NG;X+NG;;1X2;X;MAPPATO;;26;20;DOMUSBET;CALCIO | EUROPA - EUROPA LEAGUE | Hapoel Beer Sheva FC - Dinamo Zagabria | 1X2 + GG/NG | X+NG
1X2 + U/O TEMPO;1+OV;;1X2;1;MAPPATO;;26;16;BBET, SPORTBET, STANLEYBET;CALCIO | EUROPA - UEFA NATIONS LEAGUE | Gibilterra - Andorra | 1X2 + U/O TEMPO | 1+OV
1X2 CORNER (SOLO TR);2;;1X2;2;MAPPATO;;26;21;MARATHON, STARCASINO, WILLIAMHILL;CALCIO | EUROPA - UEFA NATIONS LEAGUE | Serbia - Olanda | 1X2 CORNER (SOLO TR) | 2
1X2 CARTELLINI  INFO1°T;2;;1X2;2;MAPPATO;;25;22;DOMUSBET;CALCIO | EUROPA - UEFA NATIONS LEAGUE | Svezia - Romania | 1X2 CARTELLINI INFO1°T | 2
1X2 + U/O + GG/NG;1+O+GG;;1X2;1;MAPPATO;;24;16;BBET, SPORTBET;CALCIO | EUROPA - UEFA NATIONS LEAGUE | Norvegia - Portogallo | 1X2 + U/O + GG/NG | 1+O+GG
1X2 AL INFO1°MINUTO;1;;1X2;1;MAPPATO;;24;14;DOMUSBET;CALCIO | ITALIA - I DIVISIONE | Milan - Lecce | 1X2 AL INFO1°MINUTO | 1
1X2 INFO1 QUARTO (NO MARGINE);2;;1X2;2;MAPPATO;;24;24;DOMUSBET;BASKET | USA - WNBA | Los Angeles Sparks - Golden State Valkyries | 1X2 INFO1 QUARTO (NO MARGINE) | 2
1X2 CARTELLINI  INFO1°T;X;;1X2;X;MAPPATO;;23;12;DOMUSBET;CALCIO | EUROPA - UEFA NATIONS LEAGUE | Olanda - Germania | 1X2 CARTELLINI INFO1°T | X
1X2 QUARTO (2,5PTI);X;;1X2;X;MAPPATO;;23;2;STARCASINO, WILLIAMHILL;BASKET | TURCHIA - I DIVISIONE | Bahcesehir Koleji - Fenerbahce | 1X2 QUARTO (2,5PTI) | X
1X2 VOLLEY;2;;1X2;2;MAPPATO;;23;20;DOMUSBET;VOLLEY | EUROPA - CAMP. EUROPEO | Slovenia - Polonia | 1X2 VOLLEY | 2
VINCENTE PARTITA + DOPPIA DOPPIA GIOCATORE X INCL. T.S.;TEAM 1+SI;;1X2;1;MAPPATO;;23;23;BBET, SPORTBET, STARCASINO;BASKET | USA - WNBA | Las Vegas Aces - Indiana Fever | VINCENTE PARTITA + DOPPIA DOPPIA GIOCATORE X INCL. T.S. | TEAM 1+SI
1X2 + GG/NG TEMPO INFO1;1+NG;;1X2;1;MAPPATO;;22;17;DOMUSBET;CALCIO | GERMANIA - I DIVISIONE | Bayern Monaco - Union Berlino | 1X2 + GG/NG TEMPO INFO1 | 1+NG
RISULTATO ESATTO MULTIPLO 1;1-0 / 2-0 / 2-1;;Risultato Esatto;1-0;MAPPATO;;22;15;MARATHON, STARCASINO, WILLIAMHILL;CALCIO | SPAGNA - II DIVISIONE | Burgos CF - Eldense | RISULTATO ESATTO MULTIPLO 1 | 1-0 / 2-0 / 2-1
1X2 (SOLO TR);1;;1X2;1;MAPPATO;;21;16;MARATHON, STARCASINO, WILLIAMHILL;HOCKEY GHIACCIO | AMERICA - AHL | Wilkes Barre Scranton Penguins - Hershey Bears | 1X2 (SOLO TR) | 1
RISULTATO ESATTO TEMPO INFO1;2-1;;Risultato Esatto;2-1;MAPPATO;;21;10;BBET, SPORTBET, STANLEYBET, TOTOSI;CALCIO | ITALIA - III DIVISIONE | AlbinoLeffe - Alcione Milano | RISULTATO ESATTO TEMPO INFO1 | 2-1
1X2 CORNER - INFO1°T;1;;1X2;1;MAPPATO;;20;15;MARATHON, STARCASINO, WILLIAMHILL;CALCIO | EUROPA - UEFA NATIONS LEAGUE | Danimarca - Galles | 1X2 CORNER - INFO1°T | 1
1X2+U/O INFO1 INFO2°T;1+UN;;1X2;1;MAPPATO;;20;12;DOMUSBET;CALCIO | EUROPA - UEFA NATIONS LEAGUE | Georgia - Irlanda del Nord | 1X2+U/O INFO1 INFO2°T | 1+UN
1X2 + U/O;X + OVER;;1X2;X;MAPPATO;;19;8;MARATHON, WILLIAMHILL;CALCIO | SPAGNA - V DIVISIONE | CD Utiel - CD Roda | 1X2 + U/O | X + OVER
1X2 + U/O + GG/NG;2+O+GG;;1X2;2;MAPPATO;;19;10;BBET, SPORTBET;CALCIO | EUROPA - UEFA NATIONS LEAGUE | Israele - Irlanda | 1X2 + U/O + GG/NG | 2+O+GG
1X2 (5,5 PT);1;;1X2;1;MAPPATO;;18;12;DOMUSBET;BASKET | MESSICO - I DIVISIONE | Dorados de Chihuahua - El Calor de Cancun | 1X2 (5,5 PT) | 1
1X2 (SOLO TR);2;;1X2;2;MAPPATO;;18;15;MARATHON, STARCASINO, WILLIAMHILL;HOCKEY GHIACCIO | REP.CECA - I DIVISIONE | Kometa Brno - HC Pardubice | 1X2 (SOLO TR) | 2
1X2+GIOCATORE INFO1 ALMENO INFO2 TIRI IN PORTA SENZA PALO/TRAV;1 + SI;;1X2;1;MAPPATO;;18;18;DOMUSBET;CALCIO | ITALIA - I DIVISIONE | Milan - Lecce | 1X2+GIOCATORE INFO1 ALMENO INFO2 TIRI IN PORTA SENZA PALO/TRAV | 1 + SI
TOTALE CORNER TEMPO INFO1;UNDER 5;;U/O Gol;Under 5.5;MAPPATO;;18;3;STARCASINO;CALCIO | EUROPA - UEFA NATIONS LEAGUE | Lituania - Azerbaigian | TOTALE CORNER TEMPO INFO1 | UNDER 5
1X2 + U/O TEMPO;2+OV;;1X2;2;MAPPATO;;17;12;BBET, STANLEYBET;CALCIO | ITALIA - III DIVISIONE | Delfino Pescara - Spezia Calcio | 1X2 + U/O TEMPO | 2+OV
1X2 TEMPO INFO1;2;;1X2;2;MAPPATO;;17;12;STANLEYBET;CALCIO | AMICHEVOLI SQUADRE NAZIONALI | Malta - Liechtenstein | 1X2 TEMPO INFO1 | 2
RISULTATO ESATTO MULTIPLO 5;3-1 / 3-2 / 4-1 / 4-2;;Risultato Esatto;3-1;MAPPATO;;17;9;MARATHON, STARCASINO, WILLIAMHILL;CALCIO | EUROPA - UEFA NATIONS LEAGUE | Germania - Grecia | RISULTATO ESATTO MULTIPLO 5 | 3-1 / 3-2 / 4-1 / 4-2
RISULTATO ESATTO TEMPO INFO1;1-2;;Risultato Esatto;1-2;MAPPATO;;17;8;BBET, SPORTBET, STANLEYBET, TOTOSI;CALCIO | ITALIA - III DIVISIONE | AlbinoLeffe - Alcione Milano | RISULTATO ESATTO TEMPO INFO1 | 1-2
1X2+1X2 CORNER ESCL. TS;2+2;;1X2;2;MAPPATO;;16;11;DOMUSBET;CALCIO | ITALIA - I DIVISIONE | Frosinone - Como | 1X2+1X2 CORNER ESCL. TS | 2+2
RISULTATO ESATTO MULTIPLO 4;2-2 / 2-3 / 3-2 / 3-3;;Risultato Esatto;2-2;MAPPATO;;16;8;MARATHON, STARCASINO;CALCIO | ITALIA - III DIVISIONE | Foggia - Sorrento | RISULTATO ESATTO MULTIPLO 4 | 2-2 / 2-3 / 3-2 / 3-3
1X2 (5,5 PT);X;;1X2;X;MAPPATO;;15;9;DOMUSBET;BASKET | MESSICO - I DIVISIONE | Lobos de Puebla - Abejas de Leon | 1X2 (5,5 PT) | X
1X2 HCP INFO1 INFO2°T;2;;1X2;2;MAPPATO;;15;15;DOMUSBET;CALCIO | SLOVACCHIA - COPPA | Nitra - Slovan Bratislava | 1X2 HCP INFO1 INFO2°T | 2
1X2 TEMPO;2;;1X2;2;MAPPATO;;15;8;WILLIAMHILL;CALCIO | EUROPA - UEFA NATIONS LEAGUE | Serbia - Olanda | 1X2 TEMPO | 2
1X2 TIRI IN PORTA LIVE ESCL. TS;1;;1X2;1;MAPPATO;;15;15;DOMUSBET;CALCIO | EUROPA - UEFA NATIONS LEAGUE | Danimarca - Galles | 1X2 TIRI IN PORTA LIVE ESCL. TS | 1
1X2+U/O INFO1+GG/NG;2+O+NG;;1X2;2;MAPPATO;;15;13;DOMUSBET;CALCIO | EUROPA - UEFA NATIONS LEAGUE | Serbia - Olanda | 1X2+U/O INFO1+GG/NG | 2+O+NG
1X2 + GG/NG + OV;1+O+GG;;1X2;1;MAPPATO;;14;7;STANLEYBET;CALCIO | EUROPA - CHAMPIONS LEAGUE | Bodo Glimt - Borussia Dortmund | 1X2 + GG/NG + OV | 1+O+GG
1X2 TIRI IN PORTA LIVE ESCL. TS;2;;1X2;2;MAPPATO;;14;14;DOMUSBET;CALCIO | EUROPA - UEFA NATIONS LEAGUE | Slovenia - Scozia | 1X2 TIRI IN PORTA LIVE ESCL. TS | 2
1X2+GIOCATORE INFO1 SEGNA;X + SEGNA;;1X2;X;MAPPATO;;14;13;DOMUSBET;CALCIO | ITALIA - I DIVISIONE | Bologna - Torino | 1X2+GIOCATORE INFO1 SEGNA | X + SEGNA
ESITO FINALE 1X2;2;;1X2;2;MAPPATO;;14;14;ADMIRAL;CALCIO | MONDO - MONDIALI | Canada - Marocco | ESITO FINALE 1X2 | 2
GIOCATORE INFO1 SEGNA+1X2+U/O INFO2;SEGNA + 1 + OV;;1X2;1;MAPPATO;;14;13;DOMUSBET;CALCIO | GERMANIA - I DIVISIONE | Bayern Monaco - Union Berlino | GIOCATORE INFO1 SEGNA+1X2+U/O INFO2 | SEGNA + 1 + OV
RISULTATO ESATTO TEMPO INFO1;1-1;;Risultato Esatto;1-1;MAPPATO;;14;8;BBET, STANLEYBET, TOTOSI;CALCIO | ITALIA - III DIVISIONE | AlbinoLeffe - Alcione Milano | RISULTATO ESATTO TEMPO INFO1 | 1-1
1X2 + GG/NG + OV;2+O+GG;;1X2;2;MAPPATO;;13;9;STANLEYBET;CALCIO | EUROPA - CHAMPIONS LEAGUE | Roma - Real Madrid | 1X2 + GG/NG + OV | 2+O+GG
1X2 AL MINUTO INFO2';1;;1X2;1;MAPPATO;;13;10;DOMUSBET;CALCIO | EUROPA - CHAMPIONS LEAGUE F. | Bayern Munich - Manchester City WFC | 1X2 AL MINUTO INFO2' | 1
1X2+1X2CORNER+1X2CARTELLINI ESCL. TS;1+1+2;;1X2;1;MAPPATO;;12;9;DOMUSBET;CALCIO | EUROPA - UEFA NATIONS LEAGUE | Portogallo - Galles | 1X2+1X2CORNER+1X2CARTELLINI ESCL. TS | 1+1+2
GIOCATORE X O SUO SOSTITUTO SEGNA + RISULTATO ESATTO MULTIPLO (8 ESITI);3-0/3-1/3-2 + GIOCATORE SEGNA;;Risultato Esatto;3-0;MAPPATO;;12;10;SPORTBET;CALCIO | EUROPA - UEFA NATIONS LEAGUE | Germania - Grecia | GIOCATORE X O SUO SOSTITUTO SEGNA + RISULTATO ESATTO MULTIPLO (8 ESITI) | 3-0/3-1/3-2 + GIOCATORE SEGNA
RISULTATO ESATTO TEMPO INFO1;2-2;;Risultato Esatto;2-2;MAPPATO;;12;9;BBET, STANLEYBET, TOTOSI;CALCIO | EUROPA - UEFA NATIONS LEAGUE | Norvegia - Portogallo | RISULTATO ESATTO TEMPO INFO1 | 2-2
1X2 (SENZA MARGINE);2;;1X2;2;MAPPATO;;11;11;DOMUSBET, SPORTBET;BASKET | SVEZIA - II DIVISIONE | IK Eos - Eskilstuna Basket | 1X2 (SENZA MARGINE) | 2
1X2 BASKET INCL.TS (5,5PTI);X;;1X2;X;MAPPATO;;11;4;MARATHON, STARCASINO;BASKET | ITALIA - I DIVISIONE | Pallacanestro Varese - Virtus Bologna | 1X2 BASKET INCL.TS (5,5PTI) | X
1X2 CARTELLINI;X;;1X2;X;MAPPATO;;11;9;DOMUSBET, STANLEYBET, STARCASINO, WILLIAMHILL;CALCIO | ITALIA - I DIVISIONE | Milan - Lecce | 1X2 CARTELLINI | X
1X2+GIOCATORE INFO1 SEGNA 1°GOL;1 + 1°Marc;;1X2;1;MAPPATO;;11;11;DOMUSBET;CALCIO | EUROPA - EUROPA LEAGUE | Besiktas - Marsiglia | 1X2+GIOCATORE INFO1 SEGNA 1°GOL | 1 + 1°Marc
1X2+U/O INFO1 INFO2°T;2+UN;;1X2;2;MAPPATO;;11;11;DOMUSBET;CALCIO | EUROPA - UEFA NATIONS LEAGUE | Liechtenstein - Lituania | 1X2+U/O INFO1 INFO2°T | 2+UN
1X2+U/O INFO1 INFO2°T;X+UN;;1X2;X;MAPPATO;;11;6;DOMUSBET;CALCIO | EUROPA - UEFA NATIONS LEAGUE | Georgia - Irlanda del Nord | 1X2+U/O INFO1 INFO2°T | X+UN
GIOCATORE INFO1 SEGNA+1X2+U/O INFO2;SEGNA + 2 + OV;;1X2;2;MAPPATO;;11;11;DOMUSBET;CALCIO | ITALIA - I DIVISIONE | Roma - Inter | GIOCATORE INFO1 SEGNA+1X2+U/O INFO2 | SEGNA + 2 + OV
INFO1 1X2 + MARCATORE;1 + SEGNA;;1X2;1;MAPPATO;;11;8;STARCASINO;CALCIO | EUROPA - UEFA NATIONS LEAGUE | Danimarca - Galles | INFO1 1X2 + MARCATORE | 1 + SEGNA
RISULTATO ESATTO MULTIPLO 1;0-1 / 0-2 / 1-2;;Risultato Esatto;0-1;MAPPATO;;11;8;MARATHON, STARCASINO, WILLIAMHILL;CALCIO | EUROPA - UEFA NATIONS LEAGUE | Serbia - Olanda | RISULTATO ESATTO MULTIPLO 1 | 0-1 / 0-2 / 1-2
1X + GOAL/NOGOAL;1X + NoGoal;;Goal/NoGoal;NoGoal;MAPPATO;;10;6;STARCASINO, WILLIAMHILL;CALCIO | EUROPA - UEFA NATIONS LEAGUE | Germania - Grecia | 1X + GOAL/NOGOAL | 1X + NoGoal
1X2 + MULTIGOL INFO1 - INFO2;1;;1X2;1;MAPPATO;;10;7;STANLEYBET;CALCIO | EUROPA - UEFA NATIONS LEAGUE | Germania - Grecia | 1X2 + MULTIGOL INFO1 - INFO2 | 1
1X2 + U/O;X + UNDER;;1X2;X;MAPPATO;;10;6;MARATHON, STARCASINO, WILLIAMHILL;CALCIO | EUROPA - UEFA NATIONS LEAGUE | Israele - Irlanda | 1X2 + U/O | X + UNDER
1X2 + U/O INFO1 + GG/NG;1 + OV + GG;;1X2;1;MAPPATO;;10;4;MARATHON;CALCIO | EUROPA - UEFA NATIONS LEAGUE | Danimarca - Galles | 1X2 + U/O INFO1 + GG/NG | 1 + OV + GG
1X2 + U/O INFO1 + GG/NG;2 + OV + GG;;1X2;2;MAPPATO;;10;6;MARATHON;CALCIO | ITALIA - I DIVISIONE | Genoa - Fiorentina | 1X2 + U/O INFO1 + GG/NG | 2 + OV + GG
1X2 AL INFO1°MINUTO;2;;1X2;2;MAPPATO;;10;10;DOMUSBET;CALCIO | FRANCIA - I DIVISIONE | Marsiglia - PSG | 1X2 AL INFO1°MINUTO | 2
1X2 CORNER - INFO1°T;2;;1X2;2;MAPPATO;;10;10;MARATHON, STARCASINO, WILLIAMHILL;CALCIO | EUROPA - UEFA NATIONS LEAGUE | Serbia - Olanda | 1X2 CORNER - INFO1°T | 2
1X2+1X2CORNER+1X2CARTELLINI ESCL. TS;2+2+1;;1X2;1;MAPPATO;;10;9;DOMUSBET;CALCIO | SPAGNA - I DIVISIONE | Siviglia - Barcellona | 1X2+1X2CORNER+1X2CARTELLINI ESCL. TS | 2+2+1
1X2+MULTIGOL INFO1-INFO2;X;;1X2;X;MAPPATO;;10;9;DOMUSBET;CALCIO | EUROPA - EUROPA LEAGUE | SK Sturm Graz - Rennes | 1X2+MULTIGOL INFO1-INFO2 | X
RISULTATO ESATTO TEMPO INFO1;0-0;;Risultato Esatto;0-0;MAPPATO;;10;9;BBET, STANLEYBET, TOTOSI;CALCIO | EUROPA - UEFA NATIONS LEAGUE | Norvegia - Portogallo | RISULTATO ESATTO TEMPO INFO1 | 0-0
RISULTATO ESATTO TEMPO INFO1;1-0;;Risultato Esatto;1-0;MAPPATO;;10;6;BBET, SPORTBET, STANLEYBET;CALCIO | EUROPA - CONFERENCE LEAGUE | Gent - Aarhus | RISULTATO ESATTO TEMPO INFO1 | 1-0
1X2 + GG/NG TEMPO INFO1;2+NG;;1X2;2;MAPPATO;;9;8;DOMUSBET;CALCIO | EUROPA - UEFA NATIONS LEAGUE | San Marino - Finlandia | 1X2 + GG/NG TEMPO INFO1 | 2+NG
1X2 + MARCATORE;2 + SEGNA;;1X2;2;MAPPATO;;9;8;BBET, SPORTBET, STANLEYBET, WILLIAMHILL;CALCIO | EUROPA - UEFA NATIONS LEAGUE | Belgio - Francia | 1X2 + MARCATORE | 2 + SEGNA
1X2 HCP INFO1 INFO2°T;X;;1X2;X;MAPPATO;;9;6;DOMUSBET;CALCIO | AFRICA - QUAL. COPPA D'AFRICA | DR Congo - Guinea | 1X2 HCP INFO1 INFO2°T | X
1X2 INFO1 TEMPO (NO MARGINE);1;;1X2;1;MAPPATO;;9;9;DOMUSBET;BASKET | FINLANDIA - COPPA | Kouvot Kouvola - Korihait Uusikaupunki | 1X2 INFO1 TEMPO (NO MARGINE) | 1
ENTRAMBE LE SQUADRE SEGNANO ALMENO 2 GOL;GOAL;;Goal/NoGoal;Goal;MAPPATO;;9;2;MARATHON;CALCIO | EUROPA - UEFA NATIONS LEAGUE | Germania - Grecia | ENTRAMBE LE SQUADRE SEGNANO ALMENO 2 GOL | GOAL
RISULTATO ESATTO MULTIPLO 5;2-0 / 3-0 / 4-0;;Risultato Esatto;2-0;MAPPATO;;9;7;MARATHON, STARCASINO, WILLIAMHILL;CALCIO | EUROPA - UEFA NATIONS LEAGUE | Danimarca - Galles | RISULTATO ESATTO MULTIPLO 5 | 2-0 / 3-0 / 4-0
RISULTATO ESATTO TEMPO INFO1;0-1;;Risultato Esatto;0-1;MAPPATO;;9;6;BBET, SPORTBET, STANLEYBET;CALCIO | EUROPA - UEFA NATIONS LEAGUE | Norvegia - Portogallo | RISULTATO ESATTO TEMPO INFO1 | 0-1
1X2 (5,5 PT);2;;1X2;2;MAPPATO;;8;7;DOMUSBET;BASKET | SVEZIA - II DIVISIONE | IK Eos - Eskilstuna Basket | 1X2 (5,5 PT) | 2
1X2 (SENZA MARGINE);1;;1X2;1;MAPPATO;;8;8;DOMUSBET, SPORTBET;BASKET | EUROPA - EUROLEGA | Fenerbahce - Virtus Bologna | 1X2 (SENZA MARGINE) | 1
1X2 (SOLO TR);X;;1X2;X;MAPPATO;;8;1;WILLIAMHILL;HOCKEY GHIACCIO | AMERICA - AHL | Grand Rapids Griffins - Cleveland Monsters | 1X2 (SOLO TR) | X
1X2 AL MINUTO;X;;1X2;X;MAPPATO;;8;1;WILLIAMHILL;CALCIO | ITALIA - III DIVISIONE | Vis Pesaro - Guidonia Montecelio 1937 FC | 1X2 AL MINUTO | X
1X2 ESCL EX IN;1;;1X2;1;MAPPATO;;8;3;DOMUSBET;BASEBALL | AMERICA - MAJOR LEAGUE | Pittsburgh Pirates - Kansas City Royals | 1X2 ESCL EX IN | 1
1X2 ESCL.TS (SENZA MARGINE);1;;1X2;1;MAPPATO;;8;6;MARATHON, STARCASINO, WILLIAMHILL;BASKET | TURCHIA - I DIVISIONE | Trabzonspor - Bursaspor | 1X2 ESCL.TS (SENZA MARGINE) | 1
1X2+U/O INFO1 PUNTI;1 + OVER;;1X2;1;MAPPATO;;8;4;DOMUSBET;BASKET | GERMANIA - I DIVISIONE | Bayern Monaco - Bamberg Baskets | 1X2+U/O INFO1 PUNTI | 1 + OVER
DOPPIA CHANCE;1X;1X;Doppia Chance;1X;MAPPATO;;8;6;DOMUSBET;CALCIO | DANIMARCA - I DIVISIONE | FC Midtjylland - Brondby IF | DOPPIA CHANCE | 1X
DOPPIA CHANCE;X2;X2;Doppia Chance;X2;MAPPATO;;8;8;DOMUSBET;CALCIO | TURCHIA - I DIVISIONE | Gaziantep FK - Fenerbahce | DOPPIA CHANCE | X2
GIOCATORE X O SUO SOSTITUTO SEGNA + RISULTATO ESATTO MULTIPLO (8 ESITI);0-1/0-2/1-2 + GIOCATORE SEGNA;;Risultato Esatto;0-1;MAPPATO;;8;8;SPORTBET;CALCIO | EUROPA - UEFA NATIONS LEAGUE | Serbia - Olanda | GIOCATORE X O SUO SOSTITUTO SEGNA + RISULTATO ESATTO MULTIPLO (8 ESITI) | 0-1/0-2/1-2 + GIOCATORE SEGNA
GIOCATORE X O SUO SOSTITUTO SEGNA + RISULTATO ESATTO MULTIPLO (8 ESITI);0-3/1-3/2-3 + GIOCATORE SEGNA;;Risultato Esatto;0-3;MAPPATO;;8;8;SPORTBET;CALCIO | EUROPA - UEFA NATIONS LEAGUE | Serbia - Olanda | GIOCATORE X O SUO SOSTITUTO SEGNA + RISULTATO ESATTO MULTIPLO (8 ESITI) | 0-3/1-3/2-3 + GIOCATORE SEGNA
INFO2 TEMPO (1X2 + U/O INFO1);1 + OVER;;1X2;1;MAPPATO;;8;2;STARCASINO;CALCIO | EUROPA - UEFA NATIONS LEAGUE | Israele - Irlanda | INFO2 TEMPO (1X2 + U/O INFO1) | 1 + OVER
RISULTATO ESATTO MULTIPLO 2;3-1 / 3-2 / 2-2;;Risultato Esatto;3-1;MAPPATO;;8;6;MARATHON, STARCASINO, WILLIAMHILL;CALCIO | EUROPA - UEFA NATIONS LEAGUE | Germania - Grecia | RISULTATO ESATTO MULTIPLO 2 | 3-1 / 3-2 / 2-2
RISULTATO ESATTO MULTIPLO 4;0-0 / 1-1 / 0-1 / 1-0;;Risultato Esatto;0-0;MAPPATO;;8;5;MARATHON, STARCASINO, WILLIAMHILL;CALCIO | EUROPA - UEFA NATIONS LEAGUE | Lituania - Azerbaigian | RISULTATO ESATTO MULTIPLO 4 | 0-0 / 1-1 / 0-1 / 1-0
1X2 + U/O;1 + OV;1 + OV;1X2;1;MAPPATO;;7;5;DOMUSBET;CALCIO | ITALIA - I DIVISIONE | Como - Parma | 1X2 + U/O | 1 + OV
1X2 + U/O + GG/NG;2+O+NG;;1X2;2;MAPPATO;;7;6;BBET, SPORTBET;CALCIO | EUROPA - CHAMPIONS LEAGUE | Roma - Real Madrid | 1X2 + U/O + GG/NG | 2+O+NG
1X2 AL INFO1° MINUTO;X;;1X2;X;MAPPATO;;7;3;MARATHON;CALCIO | ITALIA - III DIVISIONE | Delfino Pescara - Spezia Calcio | 1X2 AL INFO1° MINUTO | X
1X2 AL MINUTO INFO2';2;;1X2;2;MAPPATO;;7;7;DOMUSBET;CALCIO | EUROPA - CHAMPIONS LEAGUE F. | Oud-Heverlee Leuven - AS Roma | 1X2 AL MINUTO INFO2' | 2
1X2 AL MINUTO INFO2';X;;1X2;X;MAPPATO;;7;6;DOMUSBET;CALCIO | AMERICA - CONCACAF NATIONS LEAGUE | Haiti - Trinidad e Tobago | 1X2 AL MINUTO INFO2' | X
1X2 BASKET (5,5 PUNTI);2;;1X2;2;MAPPATO;;7;3;STANLEYBET;BASKET | USA - WNBA | Las Vegas Aces - Indiana Fever | 1X2 BASKET (5,5 PUNTI) | 2
1X2 BASKET INCL.TS (5,5PTI);1;;1X2;1;MAPPATO;;7;6;MARATHON, STARCASINO, WILLIAMHILL;BASKET | ITALIA - II DIVISIONE | Fortitudo Bologna 103 - Pallacanestro Ruvo di Puglia | 1X2 BASKET INCL.TS (5,5PTI) | 1
1X2 ESCL EX IN;2;;1X2;2;MAPPATO;;7;7;DOMUSBET;BASEBALL | AMERICA - MAJOR LEAGUE | Colorado Rockies - San Diego Padres | 1X2 ESCL EX IN | 2
1X2 HANDICAP INFO1 TEMPO INFO2;2;;1X2;2;MAPPATO;;7;4;BBET, SPORTBET, STANLEYBET;CALCIO | ITALIA - III DIVISIONE | Delfino Pescara - Spezia Calcio | 1X2 HANDICAP INFO1 TEMPO INFO2 | 2
1X2 INFO1 QUARTO (NO MARGINE);X;;1X2;X;MAPPATO;;7;7;DOMUSBET;BASKET | AMICH.ALMENO UN CLUB 1 O 2 DIV | KK TFT Skopje - A.S. Machites Doxas Peukon | 1X2 INFO1 QUARTO (NO MARGINE) | X
1X2 INNING INFO1;X;;1X2;X;MAPPATO;;7;2;STARCASINO, WILLIAMHILL;BASEBALL | AMERICA - MAJOR LEAGUE | Seattle Mariners - Los Angeles Angels | 1X2 INNING INFO1 | X
GIOCATORE X O SUO SOSTITUTO SEGNA + RISULTATO ESATTO MULTIPLO (8 ESITI);4-0/4-1/4-2/4-3 + GIOCATORE SEGNA;;Risultato Esatto;4-0;MAPPATO;;7;7;SPORTBET;CALCIO | EUROPA - UEFA NATIONS LEAGUE | Danimarca - Galles | GIOCATORE X O SUO SOSTITUTO SEGNA + RISULTATO ESATTO MULTIPLO (8 ESITI) | 4-0/4-1/4-2/4-3 + GIOCATORE SEGNA
RISULTATO ESATTO PARZIALE/FINALE;1-0 2-1;;Risultato Esatto;1-0;MAPPATO;;7;4;MARATHON, STARCASINO, WILLIAMHILL;CALCIO | EUROPA - UEFA NATIONS LEAGUE | Norvegia - Portogallo | RISULTATO ESATTO PARZIALE/FINALE | 1-0 2-1
1X2 + 1X2 CORNER + 1X2 CARTELLINI;1+1+2;;1X2;1;MAPPATO;;6;3;STANLEYBET;CALCIO | EUROPA - UEFA NATIONS LEAGUE | Austria - Kosovo | 1X2 + 1X2 CORNER + 1X2 CARTELLINI | 1+1+2
1X2 + GG/NG;X + NOGOAL;;1X2;X;MAPPATO;;6;4;BBET, MARATHON, WILLIAMHILL;CALCIO | EUROPA - UEFA NATIONS LEAGUE | Serbia - Olanda | 1X2 + GG/NG | X + NOGOAL
1X2 BASKET (5,5 PT);1;;1X2;1;MAPPATO;;6;5;BBET, SPORTBET, TOTOSI;BASKET | SPAGNA - I DIVISIONE | Valencia - Caprabo Lleida | 1X2 BASKET (5,5 PT) | 1
1X2 CARTELLINI  INFO1°T;1;;1X2;1;MAPPATO;;6;5;DOMUSBET;CALCIO | ITALIA - I DIVISIONE | Venezia - Lazio | 1X2 CARTELLINI INFO1°T | 1
1X2 FUORIGIOCO INCL.TS;2;;1X2;2;MAPPATO;;6;6;DOMUSBET;CALCIO | ITALIA - I DIVISIONE | Roma - Inter | 1X2 FUORIGIOCO INCL.TS | 2
1X2 HANDICAP INFO1;X;;1X2;X;MAPPATO;;6;2;MARATHON;CALCIO | ITALIA - III DIVISIONE | Union Brescia - Dolomiti Bellunesi | 1X2 HANDICAP INFO1 | X
1X2 INFO1 TEMPO (NO MARGINE);2;;1X2;2;MAPPATO;;6;6;DOMUSBET;BASKET | TURCHIA - II DIVISIONE | Fenerbahce Gelisim - Kecioren Belediyesi Baglum | 1X2 INFO1 TEMPO (NO MARGINE) | 2
1X2+1°GOL;1 + CASA;;1X2;1;MAPPATO;;6;6;DOMUSBET;CALCIO | SPAGNA - I DIVISIONE | Athletic Bilbao - Alaves | 1X2+1°GOL | 1 + CASA
ESITO FINALE 1X2;X;;1X2;X;MAPPATO;;6;6;ADMIRAL;CALCIO | EUROPA - SUPERCOPPA EUROPEA | Paris Saint-Germain - Aston Villa | ESITO FINALE 1X2 | X
RISULTATO ESATTO - INFO1°T;2-2;;Risultato Esatto;2-2;MAPPATO;;6;3;MARATHON;CALCIO | OLANDA - II DIVISIONE | De Graafschap - Den Bosch | RISULTATO ESATTO - INFO1°T | 2-2
RISULTATO ESATTO TEMPO INFO1;2-0;;Risultato Esatto;2-0;MAPPATO;;6;5;STANLEYBET, TOTOSI;CALCIO | EUROPA - UEFA NATIONS LEAGUE | Germania - Grecia | RISULTATO ESATTO TEMPO INFO1 | 2-0
1X2 (NO OT);X;;1X2;X;MAPPATO;;5;1;SPORTBET;HOCKEY GHIACCIO | GERMANIA - I DIVISIONE | Nuremberg Ice Tigers - Straubing Tigers | 1X2 (NO OT) | X
1X2 AMMONIZIONI T.R.;2;;1X2;2;MAPPATO;;5;4;DOMUSBET;CALCIO | EUROPA - EUROPA LEAGUE | Juventus - NEC Nimega | 1X2 AMMONIZIONI T.R. | 2
1X2 BASKET (5,5 PUNTI);1;;1X2;1;MAPPATO;;5;3;STANLEYBET;BASKET | SPAGNA - I DIVISIONE | San Pablo Burgos - Baskonia Vitoria | 1X2 BASKET (5,5 PUNTI) | 1
1X2 CORNER T.R;X;;1X2;X;MAPPATO;;5;5;DOMUSBET;CALCIO | AMERICA - COPPA LIBERTADORES | Flamengo - Independiente del Valle | 1X2 CORNER T.R | X
1X2 HANDICAP INFO1 TEMPO INFO2;1;;1X2;1;MAPPATO;;5;3;BBET, SPORTBET, STANLEYBET;CALCIO | PORTOGALLO - I DIVISIONE F. | S.C.U. Torreense - CS Maritimo F | 1X2 HANDICAP INFO1 TEMPO INFO2 | 1
1X2 TEMPI SUPPL;1;;1X2;1;MAPPATO;;5;5;DOMUSBET;CALCIO | AUSTRALIA - NPL VICTORIA | Oakleigh Cannons - Avondale FC | 1X2 TEMPI SUPPL | 1
1X2 TEMPO INFO1;TEAM 1;;1X2;1;MAPPATO;;5;1;WILLIAMHILL;FOOTBALL AMERICANO | USA - CAMPIONATO NFL | Buffalo Bills - Los Angeles Chargers | 1X2 TEMPO INFO1 | TEAM 1
RISULTATO ESATTO - INFO1°T;1-2;;Risultato Esatto;1-2;MAPPATO;;5;3;MARATHON;CALCIO | EUROPA - UEFA NATIONS LEAGUE | Norvegia - Portogallo | RISULTATO ESATTO - INFO1°T | 1-2
RISULTATO ESATTO - INFO1°T;2-1;;Risultato Esatto;2-1;MAPPATO;;5;3;MARATHON;CALCIO | EUROPA - UEFA NATIONS LEAGUE | Norvegia - Portogallo | RISULTATO ESATTO - INFO1°T | 2-1
RISULTATO ESATTO MULTIPLO 1;0-0 / 1-1;;Risultato Esatto;0-0;MAPPATO;;5;5;STARCASINO, WILLIAMHILL;CALCIO | EUROPA - UEFA NATIONS LEAGUE | Gibilterra - Andorra | RISULTATO ESATTO MULTIPLO 1 | 0-0 / 1-1
RISULTATO ESATTO MULTIPLO 5;1-3 / 2-3 / 1-4 / 2-4;;Risultato Esatto;1-3;MAPPATO;;5;5;MARATHON, STARCASINO;CALCIO | EUROPA - UEFA NATIONS LEAGUE | Serbia - Olanda | RISULTATO ESATTO MULTIPLO 5 | 1-3 / 2-3 / 1-4 / 2-4
RISULTATO ESATTO PARZIALE/FINALE;0-0 2-1;;Risultato Esatto;0-0;MAPPATO;;5;3;STARCASINO;CALCIO | ITALIA - III DIVISIONE | Casertana - Catania FC | RISULTATO ESATTO PARZIALE/FINALE | 0-0 2-1
RISULTATO ESATTO TEMPO INFO1;0-2;;Risultato Esatto;0-2;MAPPATO;;5;4;STANLEYBET, TOTOSI;CALCIO | EUROPA - UEFA NATIONS LEAGUE | Israele - Irlanda | RISULTATO ESATTO TEMPO INFO1 | 0-2
1X2;X;X;1X2;X;MAPPATO;;4;4;DOMUSBET, STARCASINO;CALCIO | MOZAMBICO - I DIVISIONE | Ferroviario de Lichinga - Ferroviario de Nacala | 1X2 | X
1X2 + GG/NG + OV;1+O+NG;;1X2;1;MAPPATO;;4;3;STANLEYBET;CALCIO | EUROPA - UEFA NATIONS LEAGUE | Germania - Grecia | 1X2 + GG/NG + OV | 1+O+NG
1X2 + GG/NG + OV;X+O+GG;;1X2;X;MAPPATO;;4;3;STANLEYBET;CALCIO | EUROPA - UEFA NATIONS LEAGUE | Norvegia - Portogallo | 1X2 + GG/NG + OV | X+O+GG
1X2 + INFO1 MARCATORE;1 + SEGNA;;1X2;1;MAPPATO;;4;3;MARATHON;CALCIO | EUROPA - UEFA NATIONS LEAGUE | Danimarca - Galles | 1X2 + INFO1 MARCATORE | 1 + SEGNA
1X2 + U/O + GG/NG;1+O+NG;;1X2;1;MAPPATO;;4;4;BBET, SPORTBET;CALCIO | EUROPA - UEFA NATIONS LEAGUE | Slovacchia - Moldova | 1X2 + U/O + GG/NG | 1+O+NG
1X2 + U/O INFO1 + GG/NG;X + OV + GG;;1X2;X;MAPPATO;;4;4;MARATHON;CALCIO | EUROPA - CHAMPIONS LEAGUE | Bodo Glimt - Borussia Dortmund | 1X2 + U/O INFO1 + GG/NG | X + OV + GG
1X2 + U/O INFO1 INFO2 TEMPO;1 + OVER;;1X2;1;MAPPATO;;4;2;DOMUSBET;BASKET | EUROPA - EUROLEGA | Panathinaikos - Paris Basketball | 1X2 + U/O INFO1 INFO2 TEMPO | 1 + OVER
1X2 CARTELLINI TEMPO INFO1;1;;1X2;1;MAPPATO;;4;1;WILLIAMHILL;CALCIO | MESSICO - I DIVISIONE | CD Guadalajara - Queretaro | 1X2 CARTELLINI TEMPO INFO1 | 1
1X2 CORNER TEMPO;2;;1X2;2;MAPPATO;;4;4;360BET, TOTOSI;CALCIO | ARGENTINA - II DIVISIONE | Atlanta - Agropecuario Argentino | 1X2 CORNER TEMPO | 2
1X2 INFO1 TEMPO;1;;1X2;1;MAPPATO;;4;2;DOMUSBET, WILLIAMHILL;PALLAMANO | ASIA - GIOCHI ASIATICI F. | Kazakistan - Giappone | 1X2 INFO1 TEMPO | 1
1X2 INNING;1;;1X2;1;MAPPATO;;4;1;DOMUSBET;BASEBALL | AMERICA - MAJOR LEAGUE | Tampa Bay Rays - Athletics | 1X2 INNING | 1
1X2 QUARTO (2,5PTI);1;;1X2;1;MAPPATO;;4;1;WILLIAMHILL;BASKET | ITALIA - II DIVISIONE | Real Sebastiani Rieti - Juvecaserta 2021 | 1X2 QUARTO (2,5PTI) | 1
1X2 TEMPI SUPPL;2;;1X2;2;MAPPATO;;4;4;DOMUSBET;CALCIO | OLANDA - COPPA | JOS Watergraafsmeer - Tec | 1X2 TEMPI SUPPL | 2
1X2 TEMPO INFO1;TEAM 2;;1X2;2;MAPPATO;;4;1;WILLIAMHILL;FOOTBALL AMERICANO | USA - CAMPIONATO NFL | Pittsburgh Steelers - Cincinnati Bengals | 1X2 TEMPO INFO1 | TEAM 2
1X2 TIRI IN PORTA;1;;1X2;1;MAPPATO;;4;4;MARATHON;CALCIO | EUROPA - UEFA NATIONS LEAGUE | Danimarca - Galles | 1X2 TIRI IN PORTA | 1
1X2 TIRI IN PORTA INCL TS;1;;1X2;1;MAPPATO;;4;4;STARCASINO;CALCIO | EUROPA - UEFA NATIONS LEAGUE | Danimarca - Galles | 1X2 TIRI IN PORTA INCL TS | 1
1X2+1X2CORNER+1X2CARTELLINI ESCL. TS;X+1+1;;1X2;1;MAPPATO;;4;4;DOMUSBET;CALCIO | EUROPA - UEFA NATIONS LEAGUE | Norvegia - Portogallo | 1X2+1X2CORNER+1X2CARTELLINI ESCL. TS | X+1+1
1X2+GIOCATORE  INFO1 SEGNA O IL SUO SOSTITUTO;X+SI;;1X2;X;MAPPATO;;4;4;DOMUSBET;CALCIO | ITALIA - I DIVISIONE | Roma - Inter | 1X2+GIOCATORE INFO1 SEGNA O IL SUO SOSTITUTO | X+SI
1X2+U/O INFO1+GG/NG;1+U+NG;;1X2;1;MAPPATO;;4;4;DOMUSBET;CALCIO | EUROPA - EUROPA LEAGUE | Juventus - NEC Nimega | 1X2+U/O INFO1+GG/NG | 1+U+NG
1X2+U/O INFO1+GG/NG;X+O+GG;;1X2;X;MAPPATO;;4;4;DOMUSBET;CALCIO | ITALIA - I DIVISIONE | Parma - Genoa | 1X2+U/O INFO1+GG/NG | X+O+GG
ENTRAMBE LE SQUADRE SEGNANO ALMENO UN GOAL O ALMENO UN PALO O TRAVERSA;SI;;Goal/NoGoal;Goal;MAPPATO;;4;1;BBET;CALCIO | EUROPA - UEFA NATIONS LEAGUE | Germania - Grecia | ENTRAMBE LE SQUADRE SEGNANO ALMENO UN GOAL O ALMENO UN PALO O TRAVERSA | SI
RISULTATO ESATTO MULTIPLO 1;3-0 / 3-1 / 3-2;;Risultato Esatto;3-0;MAPPATO;;4;1;MARATHON;CALCIO | EUROPA - UEFA NATIONS LEAGUE | Germania - Grecia | RISULTATO ESATTO MULTIPLO 1 | 3-0 / 3-1 / 3-2
RISULTATO ESATTO PARZIALE/FINALE;0-0 1-1;;Risultato Esatto;0-0;MAPPATO;;4;3;MARATHON, STARCASINO;CALCIO | ITALIA - III DIVISIONE | Delfino Pescara - Spezia Calcio | RISULTATO ESATTO PARZIALE/FINALE | 0-0 1-1
RISULTATO ESATTO PARZIALE/FINALE;1-0 3-0;;Risultato Esatto;1-0;MAPPATO;;4;2;STARCASINO, WILLIAMHILL;CALCIO | BRASILE - II DIVISIONE | Fortaleza CE - Athletic Club Sjdr MG | RISULTATO ESATTO PARZIALE/FINALE | 1-0 3-0
X2 + GOAL/NOGOAL;X2 + NoGoal;;Goal/NoGoal;NoGoal;MAPPATO;;4;4;STARCASINO, WILLIAMHILL;CALCIO | EUROPA - UEFA NATIONS LEAGUE | Gibilterra - Andorra | X2 + GOAL/NOGOAL | X2 + NoGoal
1X2 + 1°GOL;1 + CASA;;1X2;1;MAPPATO;;3;1;SPORTBET;CALCIO | ITALIA - I DIVISIONE | Lazio - AC Monza | 1X2 + 1°GOL | 1 + CASA
1X2 + MULTIGOL INFO1 - INFO2;2;;1X2;2;MAPPATO;;3;3;STANLEYBET;CALCIO | EUROPA - UEFA NATIONS LEAGUE | Serbia - Olanda | 1X2 + MULTIGOL INFO1 - INFO2 | 2
1X2 + U/O;2 + OVER;2 + OVER;U/O Gol;Over 2.5;MAPPATO;;3;3;STARCASINO;CALCIO | EUROPA - UEFA NATIONS LEAGUE | Macedonia del Nord - Svizzera | 1X2 + U/O | 2 + OVER
1X2 + U/O INFO1 (NO OT);1+OV;;1X2;1;MAPPATO;;3;1;DOMUSBET;HOCKEY GHIACCIO | AMERICA - NHL | Detroit Red Wings - Buffalo Sabres | 1X2 + U/O INFO1 (NO OT) | 1+OV
1X2 + U/O INFO1 + GG/NG;1 + OV + NG;;1X2;1;MAPPATO;;3;2;MARATHON;CALCIO | AMICHEVOLI SQUADRE NAZIONALI | Malta - Liechtenstein | 1X2 + U/O INFO1 + GG/NG | 1 + OV + NG
1X2 + U/O INFO1 + GG/NG;2 + UN + GG;;1X2;2;MAPPATO;;3;3;MARATHON;CALCIO | EUROPA - CHAMPIONS LEAGUE | Sabah Masazir - Slavia Praga | 1X2 + U/O INFO1 + GG/NG | 2 + UN + GG
1X2 + U/O INFO1 INFO2 TEMPO;2 + OVER;;1X2;2;MAPPATO;;3;1;DOMUSBET;BASKET | EUROPA - EUROLEGA | Barcellona - Anadolu Efes | 1X2 + U/O INFO1 INFO2 TEMPO | 2 + OVER
1X2 AMMONIZIONI T.R.;1;;1X2;1;MAPPATO;;3;1;DOMUSBET;CALCIO | EUROPA - EUROPA LEAGUE | Hapoel Beer Sheva FC - Dinamo Zagabria | 1X2 AMMONIZIONI T.R. | 1
1X2 BASKET (5,5 PT);X;;1X2;X;MAPPATO;;3;2;SPORTBET, TOTOSI;BASKET | ITALIA - I DIVISIONE | Pallacanestro Varese - Virtus Bologna | 1X2 BASKET (5,5 PT) | X
1X2 CARTELLINI TEMPO INFO1;X;;1X2;X;MAPPATO;;3;1;WILLIAMHILL;CALCIO | EUROPA - UEFA NATIONS LEAGUE | Germania - Grecia | 1X2 CARTELLINI TEMPO INFO1 | X
1X2 CORNER + U/O CORNER;2 + UNDER;;1X2;2;MAPPATO;;3;2;STANLEYBET;CALCIO | EUROPA - UEFA NATIONS LEAGUE | Georgia - Ucraina | 1X2 CORNER + U/O CORNER | 2 + UNDER
1X2 CORNER 1°T;X;;1X2;1;MAPPATO;;3;2;DOMUSBET;CALCIO | ITALIA - I DIVISIONE | Roma - Inter | 1X2 CORNER 1°T | X
1X2 ESCL.TS (SENZA MARGINE);2;;1X2;2;MAPPATO;;3;3;MARATHON, STARCASINO;BASKET | ITALIA - I DIVISIONE | Pallacanestro Varese - Virtus Bologna | 1X2 ESCL.TS (SENZA MARGINE) | 2
1X2 INFO1 QUARTO (2,5PTI);1;;1X2;1;MAPPATO;;3;3;DOMUSBET;BASKET | AUSTRALIA - I DIVISIONE | Cairns Taipans - Tasmania Jackjumpers | 1X2 INFO1 QUARTO (2,5PTI) | 1
1X2+1X2CORNER+1X2CARTELLINI ESCL. TS;1+1+1;;1X2;1;MAPPATO;;3;3;DOMUSBET;CALCIO | ITALIA - I DIVISIONE | Roma - Inter | 1X2+1X2CORNER+1X2CARTELLINI ESCL. TS | 1+1+1
1X2+1X2CORNER+1X2CARTELLINI ESCL. TS;2+X+X;;1X2;X;MAPPATO;;3;3;DOMUSBET;CALCIO | ITALIA - I DIVISIONE | Roma - Inter | 1X2+1X2CORNER+1X2CARTELLINI ESCL. TS | 2+X+X
1X2+U/O INFO1 PUNTI;2 + OVER;;1X2;2;MAPPATO;;3;3;DOMUSBET;BASKET | EUROPA - BNXT SUPERCOPPA | Landstede Hammers - Antwerp Giants | 1X2+U/O INFO1 PUNTI | 2 + OVER
ESITO FINALE 1 O OVER X O GG;SI;;1X2;1;MAPPATO;;3;3;360BET, TOTOSI;CALCIO | EUROPA - UEFA NATIONS LEAGUE | Danimarca - Galles | ESITO FINALE 1 O OVER X O GG | SI
ESITO FINALE 1 O UNDER X O NG;SI;;1X2;1;MAPPATO;;3;3;360BET;CALCIO | EUROPA - UEFA NATIONS LEAGUE | Danimarca - Galles | ESITO FINALE 1 O UNDER X O NG | SI
INFO1 1X2 + MARCATORE;2 + SEGNA;;1X2;2;MAPPATO;;3;3;STARCASINO;CALCIO | EUROPA - UEFA NATIONS LEAGUE | Austria - Kosovo | INFO1 1X2 + MARCATORE | 2 + SEGNA
RISULTATO ESATTO + SEGNA ALMENO UN GOAL GIOCATORE X O SUO SOSTITUTO 25 ESITI;1-2 + SI;;Risultato Esatto;1-2;MAPPATO;;3;3;MARATHON;CALCIO | EUROPA - UEFA NATIONS LEAGUE | Serbia - Olanda | RISULTATO ESATTO + SEGNA ALMENO UN GOAL GIOCATORE X O SUO SOSTITUTO 25 ESITI | 1-2 + SI
RISULTATO ESATTO + SEGNA ALMENO UN GOAL GIOCATORE X O SUO SOSTITUTO 25 ESITI;1-3 + SI;;Risultato Esatto;1-3;MAPPATO;;3;3;MARATHON;CALCIO | EUROPA - UEFA NATIONS LEAGUE | Serbia - Olanda | RISULTATO ESATTO + SEGNA ALMENO UN GOAL GIOCATORE X O SUO SOSTITUTO 25 ESITI | 1-3 + SI
RISULTATO ESATTO + SEGNA ALMENO UN GOAL GIOCATORE X O SUO SOSTITUTO 25 ESITI;2-2 + SI;;Risultato Esatto;2-2;MAPPATO;;3;3;MARATHON;CALCIO | EUROPA - UEFA NATIONS LEAGUE | Serbia - Olanda | RISULTATO ESATTO + SEGNA ALMENO UN GOAL GIOCATORE X O SUO SOSTITUTO 25 ESITI | 2-2 + SI
RISULTATO ESATTO MULTIPLO 5;0-2 / 0-3 / 0-4;;Risultato Esatto;0-2;MAPPATO;;3;3;MARATHON;CALCIO | EUROPA - UEFA NATIONS LEAGUE | Serbia - Olanda | RISULTATO ESATTO MULTIPLO 5 | 0-2 / 0-3 / 0-4
RISULTATO ESATTO PARZIALE/FINALE;0-0 1-2;;Risultato Esatto;0-0;MAPPATO;;3;2;STARCASINO;CALCIO | ITALIA - III DIVISIONE | Perugia - Reggiana | RISULTATO ESATTO PARZIALE/FINALE | 0-0 1-2
1X2 + 1X2 CARTELLINI;1+2;;1X2;1;MAPPATO;;2;1;STANLEYBET;CALCIO | SPAGNA - II DIVISIONE | Burgos CF - Eldense | 1X2 + 1X2 CARTELLINI | 1+2
1X2 + GG/NG;2 + GOAL;2 + GOAL;1X2;2;MAPPATO;;2;2;STARCASINO;CALCIO | EUROPA - UEFA NATIONS LEAGUE | Inghilterra - Spagna | 1X2 + GG/NG | 2 + GOAL
1X2 + GG/NG TEMPO INFO1;X+NG;;1X2;X;MAPPATO;;2;2;DOMUSBET;CALCIO | ITALIA - I DIVISIONE | Frosinone - Como | 1X2 + GG/NG TEMPO INFO1 | X+NG
1X2 + INFO1 MARCATORE;2 + SEGNA;;1X2;2;MAPPATO;;2;1;MARATHON;CALCIO | EUROPA - UEFA NATIONS LEAGUE | Israele - Irlanda | 1X2 + INFO1 MARCATORE | 2 + SEGNA
1X2 + MARCATORE;1 + SEGNA GOAL X;;1X2;1;MAPPATO;;2;2;MARATHON;CALCIO | AMICHEVOLI SQUADRE NAZIONALI | Malta - Liechtenstein | 1X2 + MARCATORE | 1 + SEGNA GOAL X
1X2 + U/O;1 + UNDER;1 + UNDER;U/O Gol;Under 1.5;MAPPATO;;2;2;STARCASINO;CALCIO | EUROPA - UEFA NATIONS LEAGUE | Albania - Bielorussia | 1X2 + U/O | 1 + UNDER
1X2 + U/O + GG/NG;1 + OV + GG;;1X2;1;MAPPATO;;2;2;STARCASINO, WILLIAMHILL;CALCIO | EUROPA - UEFA NATIONS LEAGUE | Austria - Kosovo | 1X2 + U/O + GG/NG | 1 + OV + GG
1X2 + U/O + GG/NG;1 + OV + NG;;1X2;1;MAPPATO;;2;2;STARCASINO;CALCIO | ITALIA - IV DIVISIONE | Reggina - Igea Virtus Barcellona | 1X2 + U/O + GG/NG | 1 + OV + NG
1X2 + U/O + GG/NG;2 + OV + NG;;1X2;2;MAPPATO;;2;2;WILLIAMHILL;CALCIO | ASIA - COPPA NAZIONI DEL GOLFO | Yemen - Qatar | 1X2 + U/O + GG/NG | 2 + OV + NG
1X2 + U/O + GG/NG;X+O+GG;;1X2;X;MAPPATO;;2;1;SPORTBET;CALCIO | EUROPA - UEFA NATIONS LEAGUE | Germania - Grecia | 1X2 + U/O + GG/NG | X+O+GG
1X2 + U/O INFO1 (NO OT);1+UN;;1X2;1;MAPPATO;;2;1;DOMUSBET;HOCKEY GHIACCIO | AMERICA - NHL | New York Rangers - New Jersey Devils | 1X2 + U/O INFO1 (NO OT) | 1+UN
1X2 + U/O TEMPO;1+UN;;1X2;1;MAPPATO;;2;2;BBET, STANLEYBET;CALCIO | EUROPA - UEFA NATIONS LEAGUE | Austria - Kosovo | 1X2 + U/O TEMPO | 1+UN
1X2 BASKET (5,5 PT);2;;1X2;2;MAPPATO;;2;2;BBET, SPORTBET;BASKET | SPAGNA - I DIVISIONE | Valencia - Caprabo Lleida | 1X2 BASKET (5,5 PT) | 2
1X2 BASKET INCL.TS (5,5PTI);2;;1X2;2;MAPPATO;;2;2;STARCASINO;BASKET | ITALIA - II DIVISIONE | Juvi Cremona 1952 - New Basket Brindisi | 1X2 BASKET INCL.TS (5,5PTI) | 2
1X2 ESCL.TS (SENZA MARGINE);X;;1X2;X;MAPPATO;;2;2;MARATHON;BASKET | ITALIA - I DIVISIONE | Maxima Roma - Napoli Basket | 1X2 ESCL.TS (SENZA MARGINE) | X
1X2 ESITO FINALE + 1X2 ANGOLI + 1X2 VALORE CARTELLINI;X+1+2;;1X2;1;MAPPATO;;2;1;MARATHON;CALCIO | SPAGNA - II DIVISIONE | Burgos CF - Eldense | 1X2 ESITO FINALE + 1X2 ANGOLI + 1X2 VALORE CARTELLINI | X+1+2
1X2 ESITO FINALE + 1X2 ANGOLI + 1X2 VALORE CARTELLINI;X+2+1;;1X2;1;MAPPATO;;2;1;MARATHON;CALCIO | SPAGNA - II DIVISIONE | Burgos CF - Eldense | 1X2 ESITO FINALE + 1X2 ANGOLI + 1X2 VALORE CARTELLINI | X+2+1
1X2 FALLI COMMESSI INC.TS;2;;1X2;2;MAPPATO;;2;2;ADMIRAL;CALCIO | MONDO - MONDIALI | Spagna - Argentina | 1X2 FALLI COMMESSI INC.TS | 2
1X2 FINALE + 1X2 VALORE CARTELLINI;2+1;;1X2;1;MAPPATO;;2;2;BBET;CALCIO | EUROPA - UEFA NATIONS LEAGUE | Serbia - Olanda | 1X2 FINALE + 1X2 VALORE CARTELLINI | 2+1
1X2 HANDICAP TEMPO;X;;1X2;X;MAPPATO;;2;2;WILLIAMHILL;CALCIO | EUROPA - UEFA NATIONS LEAGUE | Germania - Grecia | 1X2 HANDICAP TEMPO | X
1X2 INFO1 TEMPO;2;;1X2;2;MAPPATO;;2;2;DOMUSBET;PALLAMANO | DANIMARCA - COPPA | Soenderjyske HK - GOG | 1X2 INFO1 TEMPO | 2
1X2 INFO1 TEMPO;X;;1X2;X;MAPPATO;;2;2;DOMUSBET;PALLAMANO | MONDO - AMICHEVOLI NAZIONALI F. | Repubblica Ceca - Slovenia | 1X2 INFO1 TEMPO | X
1X2 INFO1°T;2;X;1X2;X;MAPPATO;;2;2;DOMUSBET;CALCIO | DANIMARCA - COPPA | Horsholm-Usserod - Aarhus Fremad | 1X2 INFO1°T | 2
1X2 NFL;2;;1X2;2;MAPPATO;;2;2;DOMUSBET, STARCASINO;FOOTBALL AMERICANO | USA - CAMPIONATO NFL | Atlanta Falcons - Carolina Panthers | 1X2 NFL | 2
1X2 QUARTO (NO MARGINE);1;;1X2;1;MAPPATO;;2;2;MARATHON, WILLIAMHILL;BASKET | SPAGNA - I DIVISIONE | Valencia - Caprabo Lleida | 1X2 QUARTO (NO MARGINE) | 1
1X2 TIRI IN PORTA INC.TS;1;;1X2;1;MAPPATO;;2;2;STANLEYBET;CALCIO | EUROPA - UEFA NATIONS LEAGUE | Danimarca - Galles | 1X2 TIRI IN PORTA INC.TS | 1
1X2 TIRI TOTALI;2;;1X2;2;MAPPATO;;2;2;WILLIAMHILL;CALCIO | EUROPA - UEFA NATIONS LEAGUE | Israele - Irlanda | 1X2 TIRI TOTALI | 2
1X2 TIRI TOTALI INCL TS;1;;1X2;1;MAPPATO;;2;2;STARCASINO;CALCIO | EUROPA - UEFA NATIONS LEAGUE | Israele - Irlanda | 1X2 TIRI TOTALI INCL TS | 1
1X2+1X2CORNER+1X2CARTELLINI ESCL. TS;1+1+X;;1X2;1;MAPPATO;;2;1;DOMUSBET;CALCIO | EUROPA - UEFA NATIONS LEAGUE | Portogallo - Galles | 1X2+1X2CORNER+1X2CARTELLINI ESCL. TS | 1+1+X
1X2+1X2CORNER+1X2CARTELLINI ESCL. TS;X+X+1;;1X2;1;MAPPATO;;2;2;DOMUSBET;CALCIO | ITALIA - I DIVISIONE | Udinese - Cagliari | 1X2+1X2CORNER+1X2CARTELLINI ESCL. TS | X+X+1
1X2+GIOCATORE INFO1 ALMENO INFO2 TIRI IN PORTA SENZA PALO/TRAV;2 + SI;;1X2;2;MAPPATO;;2;2;DOMUSBET;CALCIO | SPAGNA - I DIVISIONE | Siviglia - Barcellona | 1X2+GIOCATORE INFO1 ALMENO INFO2 TIRI IN PORTA SENZA PALO/TRAV | 2 + SI
1X2+U/O INFO1+GG/NG;2+U+NG;;1X2;2;MAPPATO;;2;2;DOMUSBET;CALCIO | SPAGNA - I DIVISIONE | Siviglia - Barcellona | 1X2+U/O INFO1+GG/NG | 2+U+NG
CORNER 1X2 HANDICAP;1;;1X2;1;MAPPATO;;2;2;MARATHON;CALCIO | EUROPA - UEFA NATIONS LEAGUE | Danimarca - Galles | CORNER 1X2 HANDICAP | 1
DOPPIA CHANCE;12;12;Doppia Chance;12;MAPPATO;;2;2;DOMUSBET;CALCIO | INGHILTERRA - I DIVISIONE | Leeds - Newcastle | DOPPIA CHANCE | 12
ES. FIN. 1X2 HND. INFO1;1;;1X2;1;MAPPATO;;2;1;ADMIRAL;CALCIO | ITALIA - I DIVISIONE | Inter - AC Monza | ES. FIN. 1X2 HND. INFO1 | 1
GG/NG;NoGoal;NoGoal;Goal/NoGoal;NoGoal;MAPPATO;;2;2;STARCASINO;CALCIO | EUROPA - UEFA NATIONS LEAGUE | Albania - Bielorussia | GG/NG | NoGoal
GIOCATORE X O SUO SOSTITUTO SEGNA + RISULTATO ESATTO MULTIPLO (8 ESITI);1-0/2-0/2-1 + GIOCATORE SEGNA;;Risultato Esatto;1-0;MAPPATO;;2;2;SPORTBET;CALCIO | EUROPA - UEFA NATIONS LEAGUE | Germania - Grecia | GIOCATORE X O SUO SOSTITUTO SEGNA + RISULTATO ESATTO MULTIPLO (8 ESITI) | 1-0/2-0/2-1 + GIOCATORE SEGNA
INFO2 TEMPO (1X2 + U/O INFO1);2 + OVER;;1X2;2;MAPPATO;;2;2;STARCASINO;CALCIO | EUROPA - UEFA NATIONS LEAGUE | Serbia - Olanda | INFO2 TEMPO (1X2 + U/O INFO1) | 2 + OVER
RISULTATO ESATTO (NO OT);0-4;;Risultato Esatto;0-4;MAPPATO;;2;2;DOMUSBET;HOCKEY GHIACCIO | AUSTRIA - I DIVISIONE | Vienna Capitals - Milano Rossoblu | RISULTATO ESATTO (NO OT) | 0-4
RISULTATO ESATTO + SEGNA ALMENO UN GOAL GIOCATORE X O SUO SOSTITUTO 25 ESITI;0-2 + SI;;Risultato Esatto;0-2;MAPPATO;;2;2;MARATHON;CALCIO | EUROPA - UEFA NATIONS LEAGUE | Serbia - Olanda | RISULTATO ESATTO + SEGNA ALMENO UN GOAL GIOCATORE X O SUO SOSTITUTO 25 ESITI | 0-2 + SI
RISULTATO ESATTO + SEGNA ALMENO UN GOAL GIOCATORE X O SUO SOSTITUTO 25 ESITI;1-1 + SI;;Risultato Esatto;1-1;MAPPATO;;2;2;MARATHON;CALCIO | EUROPA - UEFA NATIONS LEAGUE | Serbia - Olanda | RISULTATO ESATTO + SEGNA ALMENO UN GOAL GIOCATORE X O SUO SOSTITUTO 25 ESITI | 1-1 + SI
RISULTATO ESATTO + SEGNA ALMENO UN GOAL GIOCATORE X O SUO SOSTITUTO 25 ESITI;2-3 + SI;;Risultato Esatto;2-3;MAPPATO;;2;2;MARATHON;CALCIO | EUROPA - UEFA NATIONS LEAGUE | Serbia - Olanda | RISULTATO ESATTO + SEGNA ALMENO UN GOAL GIOCATORE X O SUO SOSTITUTO 25 ESITI | 2-3 + SI
RISULTATO ESATTO + SEGNA ALMENO UN GOAL GIOCATORE X O SUO SOSTITUTO 25 ESITI;2-4 + SI;;Risultato Esatto;2-4;MAPPATO;;2;2;MARATHON;CALCIO | EUROPA - UEFA NATIONS LEAGUE | Serbia - Olanda | RISULTATO ESATTO + SEGNA ALMENO UN GOAL GIOCATORE X O SUO SOSTITUTO 25 ESITI | 2-4 + SI
RISULTATO ESATTO - INFO1°T;1-1;;Risultato Esatto;1-1;MAPPATO;;2;1;MARATHON;CALCIO | EUROPA - UEFA NATIONS LEAGUE | Norvegia - Portogallo | RISULTATO ESATTO - INFO1°T | 1-1
RISULTATO ESATTO MULTIPLO 1;0-3 / 1-3 / 2-3;;Risultato Esatto;0-3;MAPPATO;;2;2;MARATHON, STARCASINO;CALCIO | EUROPA - UEFA NATIONS LEAGUE | Serbia - Olanda | RISULTATO ESATTO MULTIPLO 1 | 0-3 / 1-3 / 2-3
RISULTATO ESATTO MULTIPLO 2;1-1 / 2-1;;Risultato Esatto;1-1;MAPPATO;;2;2;MARATHON, STARCASINO;CALCIO | EUROPA - UEFA NATIONS LEAGUE | Austria - Kosovo | RISULTATO ESATTO MULTIPLO 2 | 1-1 / 2-1
RISULTATO ESATTO MULTIPLO 3;1-3 / 2-3 / 2-2;;Risultato Esatto;1-3;MAPPATO;;2;2;MARATHON;CALCIO | EUROPA - UEFA NATIONS LEAGUE | Serbia - Olanda | RISULTATO ESATTO MULTIPLO 3 | 1-3 / 2-3 / 2-2
RISULTATO ESATTO MULTIPLO 4;4-0 / 4-1 / 4-2 / 4-3;;Risultato Esatto;4-0;MAPPATO;;2;1;MARATHON;CALCIO | EUROPA - UEFA NATIONS LEAGUE | Danimarca - Galles | RISULTATO ESATTO MULTIPLO 4 | 4-0 / 4-1 / 4-2 / 4-3
RISULTATO ESATTO PARZIALE/FINALE;0-1 1-2;;Risultato Esatto;0-1;MAPPATO;;2;1;MARATHON;CALCIO | ITALIA - III DIVISIONE | Delfino Pescara - Spezia Calcio | RISULTATO ESATTO PARZIALE/FINALE | 0-1 1-2
RISULTATO ESATTO PARZIALE/FINALE;1-0 2-0;;Risultato Esatto;1-0;MAPPATO;;2;2;STARCASINO, WILLIAMHILL;CALCIO | ITALIA - III DIVISIONE | Scafatese - Altamura | RISULTATO ESATTO PARZIALE/FINALE | 1-0 2-0
RISULTATO ESATTO PARZIALE/FINALE;1-2 ALTRO;;Risultato Esatto;1-2;MAPPATO;;2;1;MARATHON;CALCIO | EUROPA - UEFA NATIONS LEAGUE | Norvegia - Portogallo | RISULTATO ESATTO PARZIALE/FINALE | 1-2 ALTRO
X2 + GOAL/NOGOAL;X2 + Goal;X2 + Goal;Goal/NoGoal;NoGoal;MAPPATO;;2;2;STARCASINO;CALCIO | EUROPA - UEFA NATIONS LEAGUE | Inghilterra - Spagna | X2 + GOAL/NOGOAL | X2 + Goal
12 + GOAL/NOGOAL;12 + NoGoal;;Goal/NoGoal;NoGoal;MAPPATO;;1;1;STARCASINO;CALCIO | EUROPA - UEFA NATIONS LEAGUE | Gibilterra - Andorra | 12 + GOAL/NOGOAL | 12 + NoGoal
1X2 (ESCLUSI EXTRAINNING);1;;1X2;1;MAPPATO;;1;1;STANLEYBET;BASEBALL | AMERICA - MAJOR LEAGUE | Philadelphia Phillies - Tampa Bay Rays | 1X2 (ESCLUSI EXTRAINNING) | 1
1X2 +  1º GOAL;1 + TEAM 1;;1X2;1;MAPPATO;;1;1;WILLIAMHILL;CALCIO | EUROPA - UEFA NATIONS LEAGUE | Austria - Kosovo | 1X2 + 1º GOAL | 1 + TEAM 1
1X2 + 1X2 CARTELLINI;2+1;;1X2;1;MAPPATO;;1;1;STANLEYBET;CALCIO | EUROPA - UEFA NATIONS LEAGUE | Serbia - Olanda | 1X2 + 1X2 CARTELLINI | 2+1
1X2 + 1X2 CORNER + 1X2 CARTELLINI;1+1+1;;1X2;1;MAPPATO;;1;1;STANLEYBET;CALCIO | EUROPA - UEFA NATIONS LEAGUE | Israele - Irlanda | 1X2 + 1X2 CORNER + 1X2 CARTELLINI | 1+1+1
1X2 + 1X2 CORNER + 1X2 CARTELLINI;1+2+2;;1X2;1;MAPPATO;;1;1;STANLEYBET;CALCIO | EUROPA - UEFA NATIONS LEAGUE | Germania - Grecia | 1X2 + 1X2 CORNER + 1X2 CARTELLINI | 1+2+2
1X2 + 1X2 CORNER + 1X2 CARTELLINI;2+1+1;;1X2;1;MAPPATO;;1;1;STANLEYBET;CALCIO | EUROPA - UEFA NATIONS LEAGUE | Serbia - Olanda | 1X2 + 1X2 CORNER + 1X2 CARTELLINI | 2+1+1
1X2 + 1X2 CORNER + 1X2 CARTELLINI;2+2+1;;1X2;1;MAPPATO;;1;1;STANLEYBET;CALCIO | EUROPA - UEFA NATIONS LEAGUE | Serbia - Olanda | 1X2 + 1X2 CORNER + 1X2 CARTELLINI | 2+2+1
1X2 + 1X2 CORNER + 1X2 CARTELLINI;2+2+2;;1X2;2;MAPPATO;;1;1;STANLEYBET;CALCIO | EUROPA - UEFA NATIONS LEAGUE | Norvegia - Portogallo | 1X2 + 1X2 CORNER + 1X2 CARTELLINI | 2+2+2
1X2 + GG/NG + OV;2+O+NG;;1X2;2;MAPPATO;;1;1;STANLEYBET;CALCIO | EUROPA - UEFA NATIONS LEAGUE | Gibilterra - Andorra | 1X2 + GG/NG + OV | 2+O+NG
1X2 + GG/NG + OV;2+U+NG;;1X2;2;MAPPATO;;1;1;STANLEYBET;CALCIO | EUROPA - UEFA NATIONS LEAGUE | Serbia - Olanda | 1X2 + GG/NG + OV | 2+U+NG
1X2 + GG/NG + OV;X+U+NG;;1X2;X;MAPPATO;;1;1;STANLEYBET;CALCIO | EUROPA - UEFA NATIONS LEAGUE | Norvegia - Portogallo | 1X2 + GG/NG + OV | X+U+NG
1X2 + MARCATORE;X + SEGNA GOAL X;;1X2;X;MAPPATO;;1;1;MARATHON;CALCIO | SPAGNA - II DIVISIONE | RCD Maiorca - Almeria | 1X2 + MARCATORE | X + SEGNA GOAL X
1X2 + PARI/DISPARI;1 + PARI;;1X2;1;MAPPATO;;1;1;STANLEYBET;CALCIO | ITALIA - IV DIVISIONE | Scandicci - Ternana | 1X2 + PARI/DISPARI | 1 + PARI
1X2 + U/O;1 + OVER;1 + OVER;U/O Gol;Over 1.5;MAPPATO;;1;1;STARCASINO;CALCIO | EUROPA - UEFA NATIONS LEAGUE | Slovacchia - Moldova | 1X2 + U/O | 1 + OVER
1X2 + U/O;2 + OV;2 + OV;1X2;2;MAPPATO;;1;1;DOMUSBET;CALCIO | ITALIA - I DIVISIONE | Torino - Roma | 1X2 + U/O | 2 + OV
1X2 + U/O (OT ESCL.);2 + OVER;;1X2;2;MAPPATO;;1;1;STANLEYBET;BASKET | ITALIA - II DIVISIONE | Juvi Cremona 1952 - New Basket Brindisi | 1X2 + U/O (OT ESCL.) | 2 + OVER
1X2 + U/O + GG/NG;1 + UN + NG;;1X2;1;MAPPATO;;1;1;STARCASINO;CALCIO | EUROPA - UEFA NATIONS LEAGUE | Germania - Grecia | 1X2 + U/O + GG/NG | 1 + UN + NG
1X2 + U/O + GG/NG;1+U+GG;;1X2;1;MAPPATO;;1;1;SPORTBET;CALCIO | EUROPA - UEFA NATIONS LEAGUE | Germania - Grecia | 1X2 + U/O + GG/NG | 1+U+GG
1X2 + U/O + GG/NG;1+U+NG;;1X2;1;MAPPATO;;1;1;BBET;CALCIO | EUROPA - UEFA NATIONS LEAGUE | Austria - Kosovo | 1X2 + U/O + GG/NG | 1+U+NG
1X2 + U/O + GG/NG;2 + OV + GG;;1X2;2;MAPPATO;;1;1;STARCASINO;CALCIO | EUROPA - UEFA NATIONS LEAGUE | Serbia - Olanda | 1X2 + U/O + GG/NG | 2 + OV + GG
1X2 + U/O INFO1 (SOLO TR);1+OVER;;1X2;1;MAPPATO;;1;1;MARATHON;HOCKEY GHIACCIO | GERMANIA - II DIVISIONE | Dusseldorfer EG - Memmingen Indians | 1X2 + U/O INFO1 (SOLO TR) | 1+OVER
1X2 + U/O INFO1 + GG/NG;2 + OV + NG;;1X2;2;MAPPATO;;1;1;MARATHON;CALCIO | EUROPA - CHAMPIONS LEAGUE | Viking FK - Bayern Monaco | 1X2 + U/O INFO1 + GG/NG | 2 + OV + NG
1X2 + U/O INFO1 + GG/NG;2 + UN + NG;;1X2;2;MAPPATO;;1;1;MARATHON;CALCIO | EUROPA - UEFA NATIONS LEAGUE | Serbia - Olanda | 1X2 + U/O INFO1 + GG/NG | 2 + UN + NG
1X2 + U/O TEMPO;2 + O X,5;;1X2;X;MAPPATO;;1;1;WILLIAMHILL;BASKET | ITALIA - I DIVISIONE | Maxima Roma - Napoli Basket | 1X2 + U/O TEMPO | 2 + O X,5
1X2 + U/O TEMPO;2+UN;;1X2;2;MAPPATO;;1;1;STANLEYBET;CALCIO | EUROPA - UEFA NATIONS LEAGUE | Norvegia - Portogallo | 1X2 + U/O TEMPO | 2+UN
1X2 + U/O TEMPO;X+OV;;1X2;X;MAPPATO;;1;1;STANLEYBET;CALCIO | EUROPA - UEFA NATIONS LEAGUE | Norvegia - Portogallo | 1X2 + U/O TEMPO | X+OV
1X2 + U/O TEMPO;X+UN;;1X2;X;MAPPATO;;1;1;STANLEYBET;CALCIO | EUROPA - UEFA NATIONS LEAGUE | Norvegia - Portogallo | 1X2 + U/O TEMPO | X+UN
1X2 + VAR (OFR) T.R;X + SI;;1X2;X;MAPPATO;;1;1;DOMUSBET;CALCIO | ITALIA - I DIVISIONE | Fiorentina - Napoli | 1X2 + VAR (OFR) T.R | X + SI
1X2 ACE;1;;1X2;1;MAPPATO;;1;1;DOMUSBET;TENNIS | TORNEO DI CINCINNATI | Fritz, Taylor - Nakashima, Brandon | 1X2 ACE | 1
1X2 CORNER TEMPO;1;;1X2;1;MAPPATO;;1;1;BBET;CALCIO | ITALIA - III DIVISIONE | Scafatese - Altamura | 1X2 CORNER TEMPO | 1
1X2 ESITO FINALE + 1X2 ANGOLI + 1X2 VALORE CARTELLINI;1+1+2;;1X2;1;MAPPATO;;1;1;SPORTBET;CALCIO | EUROPA - UEFA NATIONS LEAGUE | Germania - Grecia | 1X2 ESITO FINALE + 1X2 ANGOLI + 1X2 VALORE CARTELLINI | 1+1+2
1X2 FALLI COMMESSI INCL TS;2;;1X2;2;MAPPATO;;1;1;STARCASINO;CALCIO | EUROPA - UEFA NATIONS LEAGUE | Turchia - Francia | 1X2 FALLI COMMESSI INCL TS | 2
1X2 FINALE + 1X2 VALORE CARTELLINI;1+2;;1X2;1;MAPPATO;;1;1;BBET;CALCIO | EUROPA - UEFA NATIONS LEAGUE | Germania - Grecia | 1X2 FINALE + 1X2 VALORE CARTELLINI | 1+2
1X2 HANDICAP;1;1;1X2;1;MAPPATO;;1;1;DOMUSBET;CALCIO | ITALIA - I DIVISIONE | Inter - Udinese | 1X2 HANDICAP | 1
1X2 HANDICAP;2;2;1X2;2;MAPPATO;;1;1;STARCASINO;CALCIO | EUROPA - UEFA NATIONS LEAGUE | Macedonia del Nord - Svizzera | 1X2 HANDICAP | 2
1X2 INFO1 QUARTO (2,5PTI);2;;1X2;2;MAPPATO;;1;1;DOMUSBET;BASKET | USA - WNBA | Chicago Sky - Toronto Tempo | 1X2 INFO1 QUARTO (2,5PTI) | 2
1X2 INFO1 TEMPO (NO MARGINE);X;;1X2;X;MAPPATO;;1;1;DOMUSBET;BASKET | FINLANDIA - COPPA | Kouvot Kouvola - Korihait Uusikaupunki | 1X2 INFO1 TEMPO (NO MARGINE) | X
1X2 INFO1°T;1;X;1X2;X;MAPPATO;;1;1;DOMUSBET;CALCIO | CROAZIA - COPPA | NK Kustosija Zagreb - NK BSK Bijelo Brdo | 1X2 INFO1°T | 1
1X2 NFL;1;;1X2;1;MAPPATO;;1;1;DOMUSBET;FOOTBALL AMERICANO | USA - CAMPIONATO NFL | Buffalo Bills - Detroit Lions | 1X2 NFL | 1
1X2 PERIODO;1;;1X2;1;MAPPATO;;1;1;DOMUSBET;HOCKEY GHIACCIO | KAZAKHISTAN - I DIVISIONE | Torpedo Ust Kamenogorsk - Gornyak Rudnyi | 1X2 PERIODO | 1
1X2 PERIODO;2;;1X2;2;MAPPATO;;1;1;DOMUSBET;HOCKEY GHIACCIO | FINLANDIA - I DIVISIONE | Vaasan Sport - Karpat Oulu | 1X2 PERIODO | 2
1X2 PERIODO;X;;1X2;X;MAPPATO;;1;1;DOMUSBET;HOCKEY GHIACCIO | SVEZIA - II DIVISIONE | BIK Karlskoga - Vimmerby | 1X2 PERIODO | X
1X2 PUNTI GIOCATORI INFO1-INFO2;1;;1X2;1;MAPPATO;;1;1;DOMUSBET;BASKET | SPECIALI BASKET | Fantasy NBA 10/03 | 1X2 PUNTI GIOCATORI INFO1-INFO2 | 1
1X2 TEMPI SUPPLEMENTARI;1;;1X2;1;MAPPATO;;1;1;STANLEYBET;CALCIO | EUROPA - CHAMPIONS LEAGUE | LASK Linz - Celtic | 1X2 TEMPI SUPPLEMENTARI | 1
1X2 TIRI DA 3 REALLIZZATI INCL. T.S.;2;;1X2;2;MAPPATO;;1;1;DOMUSBET;BASKET | USA - NBA | Detroit Pistons - Cleveland Cavaliers | 1X2 TIRI DA 3 REALLIZZATI INCL. T.S. | 2
1X2 TIRI IN PORTA INCL.TS;2;;1X2;2;MAPPATO;;1;1;SPORTBET;CALCIO | EUROPA - UEFA NATIONS LEAGUE | Germania - Grecia | 1X2 TIRI IN PORTA INCL.TS | 2
1X2 TIRI IN PORTA LIVE ESCL. TS;X;;1X2;X;MAPPATO;;1;1;DOMUSBET;CALCIO | EUROPA - UEFA NATIONS LEAGUE | Italia - Belgio | 1X2 TIRI IN PORTA LIVE ESCL. TS | X
1X2 TIRI TOTALI INCL TS;2;;1X2;2;MAPPATO;;1;1;STARCASINO;CALCIO | EUROPA - UEFA NATIONS LEAGUE | Inghilterra - Spagna | 1X2 TIRI TOTALI INCL TS | 2
1X2+1X2 CARTELLINI ESCL. TS;1+2;;1X2;1;MAPPATO;;1;1;DOMUSBET;CALCIO | EUROPA - EUROPA LEAGUE | Crystal Palace - Lech Poznan | 1X2+1X2 CARTELLINI ESCL. TS | 1+2
1X2+1X2CORNER+1X2CARTELLINI ESCL. TS;1+X+1;;1X2;1;MAPPATO;;1;1;DOMUSBET;CALCIO | EUROPA - UEFA NATIONS LEAGUE | Kosovo - Irlanda | 1X2+1X2CORNER+1X2CARTELLINI ESCL. TS | 1+X+1
1X2+1X2CORNER+1X2CARTELLINI ESCL. TS;2+2+X;;1X2;X;MAPPATO;;1;1;DOMUSBET;CALCIO | EUROPA - UEFA NATIONS LEAGUE | Liechtenstein - Lituania | 1X2+1X2CORNER+1X2CARTELLINI ESCL. TS | 2+2+X
1X2+1X2CORNER+1X2CARTELLINI ESCL. TS;2+X+2;;1X2;X;MAPPATO;;1;1;DOMUSBET;CALCIO | ITALIA - I DIVISIONE | Parma - Genoa | 1X2+1X2CORNER+1X2CARTELLINI ESCL. TS | 2+X+2
1X2+1X2CORNER+1X2CARTELLINI ESCL. TS;X+1+X;;1X2;1;MAPPATO;;1;1;DOMUSBET;CALCIO | ITALIA - I DIVISIONE | Roma - Inter | 1X2+1X2CORNER+1X2CARTELLINI ESCL. TS | X+1+X
1X2+1X2CORNER+1X2CARTELLINI ESCL. TS;X+X+X;;1X2;X;MAPPATO;;1;1;DOMUSBET;CALCIO | EUROPA - EUROPA LEAGUE | Besiktas - Marsiglia | 1X2+1X2CORNER+1X2CARTELLINI ESCL. TS | X+X+X
1X2+1°GOL;X + CASA;;1X2;1;MAPPATO;;1;1;DOMUSBET;CALCIO | ITALIA - I DIVISIONE | Roma - Inter | 1X2+1°GOL | X + CASA
1X2+GIOCATORE  INFO1 SEGNA O IL SUO SOSTITUTO;2+SI;2+SI;1X2;2;MAPPATO;;1;1;DOMUSBET;CALCIO | ITALIA - I DIVISIONE | Torino - Roma | 1X2+GIOCATORE INFO1 SEGNA O IL SUO SOSTITUTO | 2+SI
1X2+GIOCATORE INFO1 SEGNA 1°GOL;2 + 1°Marc;;1X2;1;MAPPATO;;1;1;DOMUSBET;CALCIO | ITALIA - I DIVISIONE | Venezia - Lazio | 1X2+GIOCATORE INFO1 SEGNA 1°GOL | 2 + 1°Marc
1X2+MULTIGOL INFO1-INFO2;1;1;1X2;1;MAPPATO;;1;1;DOMUSBET;CALCIO | EUROPA - CHAMPIONS LEAGUE | Stoccarda - Viking FK | 1X2+MULTIGOL INFO1-INFO2 | 1
1X2+U/O INFO1+GG/NG;X+U+GG;;1X2;X;MAPPATO;;1;1;DOMUSBET;CALCIO | EUROPA - EUROPA LEAGUE | Besiktas - Marsiglia | 1X2+U/O INFO1+GG/NG | X+U+GG
CORNER 1X2 HANDICAP;2;;1X2;2;MAPPATO;;1;1;MARATHON;CALCIO | EUROPA - UEFA NATIONS LEAGUE | Serbia - Olanda | CORNER 1X2 HANDICAP | 2
ES. FIN. 1X2 HND. INFO1;X;;1X2;X;MAPPATO;;1;1;ADMIRAL;CALCIO | ITALIA - I DIVISIONE | Inter - AC Monza | ES. FIN. 1X2 HND. INFO1 | X
ESITO FINALE 1X2 + GIOCATORE X EFFETTUA ALMENO Y TIRI IN PORTA;1 + SI;;1X2;1;MAPPATO;;1;1;SPORTBET;CALCIO | EUROPA - UEFA NATIONS LEAGUE | Danimarca - Galles | ESITO FINALE 1X2 + GIOCATORE X EFFETTUA ALMENO Y TIRI IN PORTA | 1 + SI
ESITO FINALE 1X2 + GIOCATORE X EFFETTUA ALMENO Y TIRI IN PORTA;2 + SI;;1X2;X;MAPPATO;;1;1;SPORTBET;CALCIO | EUROPA - UEFA NATIONS LEAGUE | Serbia - Olanda | ESITO FINALE 1X2 + GIOCATORE X EFFETTUA ALMENO Y TIRI IN PORTA | 2 + SI
ESITO FINALE 2 O OVER X O GG;SI;;1X2;X;MAPPATO;;1;1;360BET;CALCIO | EUROPA - UEFA NATIONS LEAGUE | Serbia - Olanda | ESITO FINALE 2 O OVER X O GG | SI
ESITO FINALE 2 O UNDER X O NG;SI;;1X2;X;MAPPATO;;1;1;360BET;CALCIO | EUROPA - UEFA NATIONS LEAGUE | Serbia - Olanda | ESITO FINALE 2 O UNDER X O NG | SI
GOAL/NOGOAL PERIODO;NO;;Goal/NoGoal;NoGoal;MAPPATO;;1;1;DOMUSBET;HOCKEY GHIACCIO | FINLANDIA - I DIVISIONE | Jokerit Helsinki - Pelicans Lahti | GOAL/NOGOAL PERIODO | NO
INFO1 TEMPO (1X2 + GG/NG);1 + NOGOAL;;1X2;1;MAPPATO;;1;1;STARCASINO;CALCIO | ITALIA - I DIVISIONE | Inter - Parma | INFO1 TEMPO (1X2 + GG/NG) | 1 + NOGOAL
MARCATORI 1X2  (INDIRETTE);1;;1X2;1;MAPPATO;;1;1;STARCASINO;CALCIO | SPECIALI MARCATORI | Fantasy Marcatori 27/09 | MARCATORI 1X2 (INDIRETTE) | 1
MARCATORI 1X2  (INDIRETTE);X;;1X2;X;MAPPATO;;1;1;STARCASINO;CALCIO | SPECIALI MARCATORI | Fantasy Marcatori 27/09 | MARCATORI 1X2 (INDIRETTE) | X
RISULTATO ESATTO;0-3;0-3;Risultato Esatto;0-3;MAPPATO;;1;1;DOMUSBET;VOLLEY | EUROPA - CAMP. EUROPEO | Israele - Macedonia del Nord | RISULTATO ESATTO | 0-3
RISULTATO ESATTO (NO OT);4-0;;Risultato Esatto;4-0;MAPPATO;;1;1;DOMUSBET;HOCKEY GHIACCIO | AUSTRIA - I DIVISIONE | Vienna Capitals - Milano Rossoblu | RISULTATO ESATTO (NO OT) | 4-0
RISULTATO ESATTO MULTIPLO 1;2-2 / 3-3 / 4-4;;Risultato Esatto;2-2;MAPPATO;;1;1;MARATHON;CALCIO | EUROPA - UEFA NATIONS LEAGUE | Norvegia - Portogallo | RISULTATO ESATTO MULTIPLO 1 | 2-2 / 3-3 / 4-4
RISULTATO ESATTO MULTIPLO 1;4-1 / 4-2 / 4-3;;Risultato Esatto;4-1;MAPPATO;;1;1;MARATHON;CALCIO | EUROPA - UEFA NATIONS LEAGUE | Germania - Grecia | RISULTATO ESATTO MULTIPLO 1 | 4-1 / 4-2 / 4-3
RISULTATO ESATTO MULTIPLO 2;4-0 / 4-1;;Risultato Esatto;4-0;MAPPATO;;1;1;MARATHON;CALCIO | EUROPA - UEFA NATIONS LEAGUE | Germania - Grecia | RISULTATO ESATTO MULTIPLO 2 | 4-0 / 4-1
RISULTATO ESATTO MULTIPLO 3;0-2 / 0-3;;Risultato Esatto;0-2;MAPPATO;;1;1;WILLIAMHILL;CALCIO | ITALIA - III DIVISIONE | Foggia - Sorrento | RISULTATO ESATTO MULTIPLO 3 | 0-2 / 0-3
RISULTATO ESATTO MULTIPLO 3;3-0 / 2-1;;Risultato Esatto;3-0;MAPPATO;;1;1;MARATHON;CALCIO | EUROPA - UEFA NATIONS LEAGUE | Danimarca - Galles | RISULTATO ESATTO MULTIPLO 3 | 3-0 / 2-1
RISULTATO ESATTO MULTIPLO 4;0-4 / 1-4 / 2-4 / 3-4;;Risultato Esatto;0-4;MAPPATO;;1;1;MARATHON;CALCIO | EUROPA - UEFA NATIONS LEAGUE | Serbia - Olanda | RISULTATO ESATTO MULTIPLO 4 | 0-4 / 1-4 / 2-4 / 3-4
RISULTATO ESATTO MULTIPLO 5;3-3 / 4-3 / 3-4 / 4-4 / ALTRO;;Risultato Esatto;3-3;MAPPATO;;1;1;WILLIAMHILL;CALCIO | EUROPA - CHAMPIONS LEAGUE | Lipsia - PSV Eindhoven | RISULTATO ESATTO MULTIPLO 5 | 3-3 / 4-3 / 3-4 / 4-4 / ALTRO
RISULTATO ESATTO PARZIALE/FINALE;0-1 0-2;;Risultato Esatto;0-1;MAPPATO;;1;1;WILLIAMHILL;CALCIO | EUROPA - UEFA NATIONS LEAGUE | Israele - Irlanda | RISULTATO ESATTO PARZIALE/FINALE | 0-1 0-2
RISULTATO ESATTO PARZIALE/FINALE;1-1 1-2;;Risultato Esatto;1-1;MAPPATO;;1;1;MARATHON;CALCIO | ITALIA - III DIVISIONE | Delfino Pescara - Spezia Calcio | RISULTATO ESATTO PARZIALE/FINALE | 1-1 1-2
RISULTATO ESATTO PARZIALE/FINALE;1-1 2-1;;Risultato Esatto;1-1;MAPPATO;;1;1;MARATHON;CALCIO | EUROPA - UEFA NATIONS LEAGUE | Norvegia - Portogallo | RISULTATO ESATTO PARZIALE/FINALE | 1-1 2-1
